solid OpenSCAD_Model
  facet normal 0.0392255 -0.99923 0
    outer loop
      vertex 54.5 -59.5 0
      vertex 54.8923 -59.4846 24.7
      vertex 54.5 -59.5 24.7
    endloop
  endfacet
  facet normal 0.0392255 -0.99923 0
    outer loop
      vertex 54.8923 -59.4846 24.7
      vertex 54.5 -59.5 0
      vertex 54.8923 -59.4846 0
    endloop
  endfacet
  facet normal 0.195136 -0.980776 0
    outer loop
      vertex 55.2822 -59.4384 0
      vertex 55.6672 -59.3618 24.7
      vertex 55.2822 -59.4384 24.7
    endloop
  endfacet
  facet normal 0.195136 -0.980776 0
    outer loop
      vertex 55.6672 -59.3618 24.7
      vertex 55.2822 -59.4384 0
      vertex 55.6672 -59.3618 0
    endloop
  endfacet
  facet normal 0 -1 0
    outer loop
      vertex -54.5 -59.5 0
      vertex 54.5 -59.5 24.7
      vertex -54.5 -59.5 24.7
    endloop
  endfacet
  facet normal 0 -1 -0
    outer loop
      vertex 54.5 -59.5 24.7
      vertex -54.5 -59.5 0
      vertex 54.5 -59.5 0
    endloop
  endfacet
  facet normal -0.195136 -0.980776 0
    outer loop
      vertex -55.6672 -59.3618 0
      vertex -55.2822 -59.4384 24.7
      vertex -55.6672 -59.3618 24.7
    endloop
  endfacet
  facet normal -0.195136 -0.980776 -0
    outer loop
      vertex -55.2822 -59.4384 24.7
      vertex -55.6672 -59.3618 0
      vertex -55.2822 -59.4384 0
    endloop
  endfacet
  facet normal 0.117669 -0.993053 0
    outer loop
      vertex 54.8923 -59.4846 0
      vertex 55.2822 -59.4384 24.7
      vertex 54.8923 -59.4846 24.7
    endloop
  endfacet
  facet normal 0.117669 -0.993053 0
    outer loop
      vertex 55.2822 -59.4384 24.7
      vertex 54.8923 -59.4846 0
      vertex 55.2822 -59.4384 0
    endloop
  endfacet
  facet normal 0.117669 0.993053 -0
    outer loop
      vertex 55.2822 59.4384 0
      vertex 54.8923 59.4846 24.7
      vertex 55.2822 59.4384 24.7
    endloop
  endfacet
  facet normal 0.117669 0.993053 0
    outer loop
      vertex 54.8923 59.4846 24.7
      vertex 55.2822 59.4384 0
      vertex 54.8923 59.4846 0
    endloop
  endfacet
  facet normal -1 0 0
    outer loop
      vertex -59.5 -54.5 0
      vertex -59.5 54.5 24.7
      vertex -59.5 54.5 0
    endloop
  endfacet
  facet normal -1 -0 0
    outer loop
      vertex -59.5 54.5 24.7
      vertex -59.5 -54.5 0
      vertex -59.5 -54.5 24.7
    endloop
  endfacet
  facet normal -0.962508 -0.271254 0
    outer loop
      vertex -59.2553 -56.0451 0
      vertex -59.3618 -55.6672 24.7
      vertex -59.3618 -55.6672 0
    endloop
  endfacet
  facet normal -0.962508 -0.271254 0
    outer loop
      vertex -59.3618 -55.6672 24.7
      vertex -59.2553 -56.0451 0
      vertex -59.2553 -56.0451 24.7
    endloop
  endfacet
  facet normal 0.678798 -0.734325 0
    outer loop
      vertex 57.7472 -58.302 0
      vertex 58.0355 -58.0355 24.7
      vertex 57.7472 -58.302 24.7
    endloop
  endfacet
  facet normal 0.678798 -0.734325 0
    outer loop
      vertex 58.0355 -58.0355 24.7
      vertex 57.7472 -58.302 0
      vertex 58.0355 -58.0355 0
    endloop
  endfacet
  facet normal -0.619182 -0.785248 0
    outer loop
      vertex -57.7472 -58.302 0
      vertex -57.4389 -58.5451 24.7
      vertex -57.7472 -58.302 24.7
    endloop
  endfacet
  facet normal -0.619182 -0.785248 -0
    outer loop
      vertex -57.4389 -58.5451 24.7
      vertex -57.7472 -58.302 0
      vertex -57.4389 -58.5451 0
    endloop
  endfacet
  facet normal 1 -0 0
    outer loop
      vertex 59.5 -54.5 24.7
      vertex 59.5 54.5 0
      vertex 59.5 54.5 24.7
    endloop
  endfacet
  facet normal 1 0 0
    outer loop
      vertex 59.5 54.5 0
      vertex 59.5 -54.5 24.7
      vertex 59.5 -54.5 0
    endloop
  endfacet
  facet normal -0.0392255 0.99923 0
    outer loop
      vertex -54.5 59.5 0
      vertex -54.8923 59.4846 24.7
      vertex -54.5 59.5 24.7
    endloop
  endfacet
  facet normal -0.0392255 0.99923 0
    outer loop
      vertex -54.8923 59.4846 24.7
      vertex -54.5 59.5 0
      vertex -54.8923 59.4846 0
    endloop
  endfacet
  facet normal -0.418671 -0.908138 0
    outer loop
      vertex -56.77 -58.955 0
      vertex -56.4134 -59.1194 24.7
      vertex -56.77 -58.955 24.7
    endloop
  endfacet
  facet normal -0.418671 -0.908138 -0
    outer loop
      vertex -56.4134 -59.1194 24.7
      vertex -56.77 -58.955 0
      vertex -56.4134 -59.1194 0
    endloop
  endfacet
  facet normal -0.734325 -0.678798 0
    outer loop
      vertex -58.0355 -58.0355 0
      vertex -58.302 -57.7472 24.7
      vertex -58.302 -57.7472 0
    endloop
  endfacet
  facet normal -0.734325 -0.678798 0
    outer loop
      vertex -58.302 -57.7472 24.7
      vertex -58.0355 -58.0355 0
      vertex -58.0355 -58.0355 24.7
    endloop
  endfacet
  facet normal -0.785248 -0.619182 0
    outer loop
      vertex -58.302 -57.7472 0
      vertex -58.5451 -57.4389 24.7
      vertex -58.5451 -57.4389 0
    endloop
  endfacet
  facet normal -0.785248 -0.619182 0
    outer loop
      vertex -58.5451 -57.4389 24.7
      vertex -58.302 -57.7472 0
      vertex -58.302 -57.7472 24.7
    endloop
  endfacet
  facet normal 0.619182 0.785248 -0
    outer loop
      vertex 57.7472 58.302 0
      vertex 57.4389 58.5451 24.7
      vertex 57.7472 58.302 24.7
    endloop
  endfacet
  facet normal 0.619182 0.785248 0
    outer loop
      vertex 57.4389 58.5451 24.7
      vertex 57.7472 58.302 0
      vertex 57.4389 58.5451 0
    endloop
  endfacet
  facet normal -0.678798 -0.734325 0
    outer loop
      vertex -58.0355 -58.0355 0
      vertex -57.7472 -58.302 24.7
      vertex -58.0355 -58.0355 24.7
    endloop
  endfacet
  facet normal -0.678798 -0.734325 -0
    outer loop
      vertex -57.7472 -58.302 24.7
      vertex -58.0355 -58.0355 0
      vertex -57.7472 -58.302 0
    endloop
  endfacet
  facet normal -0.734325 0.678798 0
    outer loop
      vertex -58.302 57.7472 0
      vertex -58.0355 58.0355 24.7
      vertex -58.0355 58.0355 0
    endloop
  endfacet
  facet normal -0.734325 0.678798 0
    outer loop
      vertex -58.0355 58.0355 24.7
      vertex -58.302 57.7472 0
      vertex -58.302 57.7472 24.7
    endloop
  endfacet
  facet normal -0.117669 0.993053 0
    outer loop
      vertex -54.8923 59.4846 0
      vertex -55.2822 59.4384 24.7
      vertex -54.8923 59.4846 24.7
    endloop
  endfacet
  facet normal -0.117669 0.993053 0
    outer loop
      vertex -55.2822 59.4384 24.7
      vertex -54.8923 59.4846 0
      vertex -55.2822 59.4384 0
    endloop
  endfacet
  facet normal 0 1 -0
    outer loop
      vertex 54.5 59.5 0
      vertex -54.5 59.5 24.7
      vertex 54.5 59.5 24.7
    endloop
  endfacet
  facet normal 0 1 0
    outer loop
      vertex -54.5 59.5 24.7
      vertex 54.5 59.5 0
      vertex -54.5 59.5 0
    endloop
  endfacet
  facet normal 0.831462 -0.555582 0
    outer loop
      vertex 58.5451 -57.4389 24.7
      vertex 58.7632 -57.1125 0
      vertex 58.7632 -57.1125 24.7
    endloop
  endfacet
  facet normal 0.831462 -0.555582 0
    outer loop
      vertex 58.7632 -57.1125 0
      vertex 58.5451 -57.4389 24.7
      vertex 58.5451 -57.4389 0
    endloop
  endfacet
  facet normal 0.418671 -0.908138 0
    outer loop
      vertex 56.4134 -59.1194 0
      vertex 56.77 -58.955 24.7
      vertex 56.4134 -59.1194 24.7
    endloop
  endfacet
  facet normal 0.418671 -0.908138 0
    outer loop
      vertex 56.77 -58.955 24.7
      vertex 56.4134 -59.1194 0
      vertex 56.77 -58.955 0
    endloop
  endfacet
  facet normal -0.980776 0.195136 0
    outer loop
      vertex -59.4384 55.2822 0
      vertex -59.3618 55.6672 24.7
      vertex -59.3618 55.6672 0
    endloop
  endfacet
  facet normal -0.980776 0.195136 0
    outer loop
      vertex -59.3618 55.6672 24.7
      vertex -59.4384 55.2822 0
      vertex -59.4384 55.2822 24.7
    endloop
  endfacet
  facet normal -0.271254 -0.962508 0
    outer loop
      vertex -56.0451 -59.2553 0
      vertex -55.6672 -59.3618 24.7
      vertex -56.0451 -59.2553 24.7
    endloop
  endfacet
  facet normal -0.271254 -0.962508 -0
    outer loop
      vertex -55.6672 -59.3618 24.7
      vertex -56.0451 -59.2553 0
      vertex -55.6672 -59.3618 0
    endloop
  endfacet
  facet normal 0.271254 -0.962508 0
    outer loop
      vertex 55.6672 -59.3618 0
      vertex 56.0451 -59.2553 24.7
      vertex 55.6672 -59.3618 24.7
    endloop
  endfacet
  facet normal 0.271254 -0.962508 0
    outer loop
      vertex 56.0451 -59.2553 24.7
      vertex 55.6672 -59.3618 0
      vertex 56.0451 -59.2553 0
    endloop
  endfacet
  facet normal -0.831462 0.555582 0
    outer loop
      vertex -58.7632 57.1125 0
      vertex -58.5451 57.4389 24.7
      vertex -58.5451 57.4389 0
    endloop
  endfacet
  facet normal -0.831462 0.555582 0
    outer loop
      vertex -58.5451 57.4389 24.7
      vertex -58.7632 57.1125 0
      vertex -58.7632 57.1125 24.7
    endloop
  endfacet
  facet normal 0.271254 0.962508 -0
    outer loop
      vertex 56.0451 59.2553 0
      vertex 55.6672 59.3618 24.7
      vertex 56.0451 59.2553 24.7
    endloop
  endfacet
  facet normal 0.271254 0.962508 0
    outer loop
      vertex 55.6672 59.3618 24.7
      vertex 56.0451 59.2553 0
      vertex 55.6672 59.3618 0
    endloop
  endfacet
  facet normal -0.488603 -0.872506 0
    outer loop
      vertex -57.1125 -58.7632 0
      vertex -56.77 -58.955 24.7
      vertex -57.1125 -58.7632 24.7
    endloop
  endfacet
  facet normal -0.488603 -0.872506 -0
    outer loop
      vertex -56.77 -58.955 24.7
      vertex -57.1125 -58.7632 0
      vertex -56.77 -58.955 0
    endloop
  endfacet
  facet normal -0.938169 0.346177 0
    outer loop
      vertex -59.2553 56.0451 0
      vertex -59.1194 56.4134 24.7
      vertex -59.1194 56.4134 0
    endloop
  endfacet
  facet normal -0.938169 0.346177 0
    outer loop
      vertex -59.1194 56.4134 24.7
      vertex -59.2553 56.0451 0
      vertex -59.2553 56.0451 24.7
    endloop
  endfacet
  facet normal 0.785248 -0.619182 0
    outer loop
      vertex 58.302 -57.7472 24.7
      vertex 58.5451 -57.4389 0
      vertex 58.5451 -57.4389 24.7
    endloop
  endfacet
  facet normal 0.785248 -0.619182 0
    outer loop
      vertex 58.5451 -57.4389 0
      vertex 58.302 -57.7472 24.7
      vertex 58.302 -57.7472 0
    endloop
  endfacet
  facet normal -0.346177 0.938169 0
    outer loop
      vertex -56.0451 59.2553 0
      vertex -56.4134 59.1194 24.7
      vertex -56.0451 59.2553 24.7
    endloop
  endfacet
  facet normal -0.346177 0.938169 0
    outer loop
      vertex -56.4134 59.1194 24.7
      vertex -56.0451 59.2553 0
      vertex -56.4134 59.1194 0
    endloop
  endfacet
  facet normal -0.831462 -0.555582 0
    outer loop
      vertex -58.5451 -57.4389 0
      vertex -58.7632 -57.1125 24.7
      vertex -58.7632 -57.1125 0
    endloop
  endfacet
  facet normal -0.831462 -0.555582 0
    outer loop
      vertex -58.7632 -57.1125 24.7
      vertex -58.5451 -57.4389 0
      vertex -58.5451 -57.4389 24.7
    endloop
  endfacet
  facet normal 0.734325 0.678798 0
    outer loop
      vertex 58.302 57.7472 24.7
      vertex 58.0355 58.0355 0
      vertex 58.0355 58.0355 24.7
    endloop
  endfacet
  facet normal 0.734325 0.678798 0
    outer loop
      vertex 58.0355 58.0355 0
      vertex 58.302 57.7472 24.7
      vertex 58.302 57.7472 0
    endloop
  endfacet
  facet normal -0.678798 0.734325 0
    outer loop
      vertex -57.7472 58.302 0
      vertex -58.0355 58.0355 24.7
      vertex -57.7472 58.302 24.7
    endloop
  endfacet
  facet normal -0.678798 0.734325 0
    outer loop
      vertex -58.0355 58.0355 24.7
      vertex -57.7472 58.302 0
      vertex -58.0355 58.0355 0
    endloop
  endfacet
  facet normal -0.346177 -0.938169 0
    outer loop
      vertex -56.4134 -59.1194 0
      vertex -56.0451 -59.2553 24.7
      vertex -56.4134 -59.1194 24.7
    endloop
  endfacet
  facet normal -0.346177 -0.938169 -0
    outer loop
      vertex -56.0451 -59.2553 24.7
      vertex -56.4134 -59.1194 0
      vertex -56.0451 -59.2553 0
    endloop
  endfacet
  facet normal -0.785248 0.619182 0
    outer loop
      vertex -58.5451 57.4389 0
      vertex -58.302 57.7472 24.7
      vertex -58.302 57.7472 0
    endloop
  endfacet
  facet normal -0.785248 0.619182 0
    outer loop
      vertex -58.302 57.7472 24.7
      vertex -58.5451 57.4389 0
      vertex -58.5451 57.4389 24.7
    endloop
  endfacet
  facet normal -0.908138 0.418671 0
    outer loop
      vertex -59.1194 56.4134 0
      vertex -58.955 56.77 24.7
      vertex -58.955 56.77 0
    endloop
  endfacet
  facet normal -0.908138 0.418671 0
    outer loop
      vertex -58.955 56.77 24.7
      vertex -59.1194 56.4134 0
      vertex -59.1194 56.4134 24.7
    endloop
  endfacet
  facet normal -0.993053 0.117669 0
    outer loop
      vertex -59.4846 54.8923 0
      vertex -59.4384 55.2822 24.7
      vertex -59.4384 55.2822 0
    endloop
  endfacet
  facet normal -0.993053 0.117669 0
    outer loop
      vertex -59.4384 55.2822 24.7
      vertex -59.4846 54.8923 0
      vertex -59.4846 54.8923 24.7
    endloop
  endfacet
  facet normal 0.908138 0.418671 0
    outer loop
      vertex 59.1194 56.4134 24.7
      vertex 58.955 56.77 0
      vertex 58.955 56.77 24.7
    endloop
  endfacet
  facet normal 0.908138 0.418671 0
    outer loop
      vertex 58.955 56.77 0
      vertex 59.1194 56.4134 24.7
      vertex 59.1194 56.4134 0
    endloop
  endfacet
  facet normal 0.99923 -0.0392255 0
    outer loop
      vertex 59.4846 -54.8923 24.7
      vertex 59.5 -54.5 0
      vertex 59.5 -54.5 24.7
    endloop
  endfacet
  facet normal 0.99923 -0.0392255 0
    outer loop
      vertex 59.5 -54.5 0
      vertex 59.4846 -54.8923 24.7
      vertex 59.4846 -54.8923 0
    endloop
  endfacet
  facet normal -0.0392255 -0.99923 0
    outer loop
      vertex -54.8923 -59.4846 0
      vertex -54.5 -59.5 24.7
      vertex -54.8923 -59.4846 24.7
    endloop
  endfacet
  facet normal -0.0392255 -0.99923 -0
    outer loop
      vertex -54.5 -59.5 24.7
      vertex -54.8923 -59.4846 0
      vertex -54.5 -59.5 0
    endloop
  endfacet
  facet normal 0.0392255 0.99923 -0
    outer loop
      vertex 54.8923 59.4846 0
      vertex 54.5 59.5 24.7
      vertex 54.8923 59.4846 24.7
    endloop
  endfacet
  facet normal 0.0392255 0.99923 0
    outer loop
      vertex 54.5 59.5 24.7
      vertex 54.8923 59.4846 0
      vertex 54.5 59.5 0
    endloop
  endfacet
  facet normal -0.619182 0.785248 0
    outer loop
      vertex -57.4389 58.5451 0
      vertex -57.7472 58.302 24.7
      vertex -57.4389 58.5451 24.7
    endloop
  endfacet
  facet normal -0.619182 0.785248 0
    outer loop
      vertex -57.7472 58.302 24.7
      vertex -57.4389 58.5451 0
      vertex -57.7472 58.302 0
    endloop
  endfacet
  facet normal 0.938169 -0.346177 0
    outer loop
      vertex 59.1194 -56.4134 24.7
      vertex 59.2553 -56.0451 0
      vertex 59.2553 -56.0451 24.7
    endloop
  endfacet
  facet normal 0.938169 -0.346177 0
    outer loop
      vertex 59.2553 -56.0451 0
      vertex 59.1194 -56.4134 24.7
      vertex 59.1194 -56.4134 0
    endloop
  endfacet
  facet normal 0.555582 0.831462 -0
    outer loop
      vertex 57.4389 58.5451 0
      vertex 57.1125 58.7632 24.7
      vertex 57.4389 58.5451 24.7
    endloop
  endfacet
  facet normal 0.555582 0.831462 0
    outer loop
      vertex 57.1125 58.7632 24.7
      vertex 57.4389 58.5451 0
      vertex 57.1125 58.7632 0
    endloop
  endfacet
  facet normal -0.555582 -0.831462 0
    outer loop
      vertex -57.4389 -58.5451 0
      vertex -57.1125 -58.7632 24.7
      vertex -57.4389 -58.5451 24.7
    endloop
  endfacet
  facet normal -0.555582 -0.831462 -0
    outer loop
      vertex -57.1125 -58.7632 24.7
      vertex -57.4389 -58.5451 0
      vertex -57.1125 -58.7632 0
    endloop
  endfacet
  facet normal 0.993053 -0.117669 0
    outer loop
      vertex 59.4384 -55.2822 24.7
      vertex 59.4846 -54.8923 0
      vertex 59.4846 -54.8923 24.7
    endloop
  endfacet
  facet normal 0.993053 -0.117669 0
    outer loop
      vertex 59.4846 -54.8923 0
      vertex 59.4384 -55.2822 24.7
      vertex 59.4384 -55.2822 0
    endloop
  endfacet
  facet normal 0.980776 0.195136 0
    outer loop
      vertex 59.4384 55.2822 24.7
      vertex 59.3618 55.6672 0
      vertex 59.3618 55.6672 24.7
    endloop
  endfacet
  facet normal 0.980776 0.195136 0
    outer loop
      vertex 59.3618 55.6672 0
      vertex 59.4384 55.2822 24.7
      vertex 59.4384 55.2822 0
    endloop
  endfacet
  facet normal -0.117669 -0.993053 0
    outer loop
      vertex -55.2822 -59.4384 0
      vertex -54.8923 -59.4846 24.7
      vertex -55.2822 -59.4384 24.7
    endloop
  endfacet
  facet normal -0.117669 -0.993053 -0
    outer loop
      vertex -54.8923 -59.4846 24.7
      vertex -55.2822 -59.4384 0
      vertex -54.8923 -59.4846 0
    endloop
  endfacet
  facet normal -0.99923 0.0392255 0
    outer loop
      vertex -59.5 54.5 0
      vertex -59.4846 54.8923 24.7
      vertex -59.4846 54.8923 0
    endloop
  endfacet
  facet normal -0.99923 0.0392255 0
    outer loop
      vertex -59.4846 54.8923 24.7
      vertex -59.5 54.5 0
      vertex -59.5 54.5 24.7
    endloop
  endfacet
  facet normal 0.346177 0.938169 -0
    outer loop
      vertex 56.4134 59.1194 0
      vertex 56.0451 59.2553 24.7
      vertex 56.4134 59.1194 24.7
    endloop
  endfacet
  facet normal 0.346177 0.938169 0
    outer loop
      vertex 56.0451 59.2553 24.7
      vertex 56.4134 59.1194 0
      vertex 56.0451 59.2553 0
    endloop
  endfacet
  facet normal 0.962508 0.271254 0
    outer loop
      vertex 59.3618 55.6672 24.7
      vertex 59.2553 56.0451 0
      vertex 59.2553 56.0451 24.7
    endloop
  endfacet
  facet normal 0.962508 0.271254 0
    outer loop
      vertex 59.2553 56.0451 0
      vertex 59.3618 55.6672 24.7
      vertex 59.3618 55.6672 0
    endloop
  endfacet
  facet normal 0.418671 0.908138 -0
    outer loop
      vertex 56.77 58.955 0
      vertex 56.4134 59.1194 24.7
      vertex 56.77 58.955 24.7
    endloop
  endfacet
  facet normal 0.418671 0.908138 0
    outer loop
      vertex 56.4134 59.1194 24.7
      vertex 56.77 58.955 0
      vertex 56.4134 59.1194 0
    endloop
  endfacet
  facet normal -0.271254 0.962508 0
    outer loop
      vertex -55.6672 59.3618 0
      vertex -56.0451 59.2553 24.7
      vertex -55.6672 59.3618 24.7
    endloop
  endfacet
  facet normal -0.271254 0.962508 0
    outer loop
      vertex -56.0451 59.2553 24.7
      vertex -55.6672 59.3618 0
      vertex -56.0451 59.2553 0
    endloop
  endfacet
  facet normal -0.938169 -0.346177 0
    outer loop
      vertex -59.1194 -56.4134 0
      vertex -59.2553 -56.0451 24.7
      vertex -59.2553 -56.0451 0
    endloop
  endfacet
  facet normal -0.938169 -0.346177 0
    outer loop
      vertex -59.2553 -56.0451 24.7
      vertex -59.1194 -56.4134 0
      vertex -59.1194 -56.4134 24.7
    endloop
  endfacet
  facet normal 0.734325 -0.678798 0
    outer loop
      vertex 58.0355 -58.0355 24.7
      vertex 58.302 -57.7472 0
      vertex 58.302 -57.7472 24.7
    endloop
  endfacet
  facet normal 0.734325 -0.678798 0
    outer loop
      vertex 58.302 -57.7472 0
      vertex 58.0355 -58.0355 24.7
      vertex 58.0355 -58.0355 0
    endloop
  endfacet
  facet normal -0.195136 0.980776 0
    outer loop
      vertex -55.2822 59.4384 0
      vertex -55.6672 59.3618 24.7
      vertex -55.2822 59.4384 24.7
    endloop
  endfacet
  facet normal -0.195136 0.980776 0
    outer loop
      vertex -55.6672 59.3618 24.7
      vertex -55.2822 59.4384 0
      vertex -55.6672 59.3618 0
    endloop
  endfacet
  facet normal 0.346177 -0.938169 0
    outer loop
      vertex 56.0451 -59.2553 0
      vertex 56.4134 -59.1194 24.7
      vertex 56.0451 -59.2553 24.7
    endloop
  endfacet
  facet normal 0.346177 -0.938169 0
    outer loop
      vertex 56.4134 -59.1194 24.7
      vertex 56.0451 -59.2553 0
      vertex 56.4134 -59.1194 0
    endloop
  endfacet
  facet normal -0.993053 -0.117669 0
    outer loop
      vertex -59.4384 -55.2822 0
      vertex -59.4846 -54.8923 24.7
      vertex -59.4846 -54.8923 0
    endloop
  endfacet
  facet normal -0.993053 -0.117669 0
    outer loop
      vertex -59.4846 -54.8923 24.7
      vertex -59.4384 -55.2822 0
      vertex -59.4384 -55.2822 24.7
    endloop
  endfacet
  facet normal 0.99923 0.0392255 0
    outer loop
      vertex 59.5 54.5 24.7
      vertex 59.4846 54.8923 0
      vertex 59.4846 54.8923 24.7
    endloop
  endfacet
  facet normal 0.99923 0.0392255 0
    outer loop
      vertex 59.4846 54.8923 0
      vertex 59.5 54.5 24.7
      vertex 59.5 54.5 0
    endloop
  endfacet
  facet normal -0.418671 0.908138 0
    outer loop
      vertex -56.4134 59.1194 0
      vertex -56.77 58.955 24.7
      vertex -56.4134 59.1194 24.7
    endloop
  endfacet
  facet normal -0.418671 0.908138 0
    outer loop
      vertex -56.77 58.955 24.7
      vertex -56.4134 59.1194 0
      vertex -56.77 58.955 0
    endloop
  endfacet
  facet normal 0.488603 -0.872506 0
    outer loop
      vertex 56.77 -58.955 0
      vertex 57.1125 -58.7632 24.7
      vertex 56.77 -58.955 24.7
    endloop
  endfacet
  facet normal 0.488603 -0.872506 0
    outer loop
      vertex 57.1125 -58.7632 24.7
      vertex 56.77 -58.955 0
      vertex 57.1125 -58.7632 0
    endloop
  endfacet
  facet normal 0.993053 0.117669 0
    outer loop
      vertex 59.4846 54.8923 24.7
      vertex 59.4384 55.2822 0
      vertex 59.4384 55.2822 24.7
    endloop
  endfacet
  facet normal 0.993053 0.117669 0
    outer loop
      vertex 59.4384 55.2822 0
      vertex 59.4846 54.8923 24.7
      vertex 59.4846 54.8923 0
    endloop
  endfacet
  facet normal -0.872506 0.488603 0
    outer loop
      vertex -58.955 56.77 0
      vertex -58.7632 57.1125 24.7
      vertex -58.7632 57.1125 0
    endloop
  endfacet
  facet normal -0.872506 0.488603 0
    outer loop
      vertex -58.7632 57.1125 24.7
      vertex -58.955 56.77 0
      vertex -58.955 56.77 24.7
    endloop
  endfacet
  facet normal 0.785248 0.619182 0
    outer loop
      vertex 58.5451 57.4389 24.7
      vertex 58.302 57.7472 0
      vertex 58.302 57.7472 24.7
    endloop
  endfacet
  facet normal 0.785248 0.619182 0
    outer loop
      vertex 58.302 57.7472 0
      vertex 58.5451 57.4389 24.7
      vertex 58.5451 57.4389 0
    endloop
  endfacet
  facet normal -0.99923 -0.0392255 0
    outer loop
      vertex -59.4846 -54.8923 0
      vertex -59.5 -54.5 24.7
      vertex -59.5 -54.5 0
    endloop
  endfacet
  facet normal -0.99923 -0.0392255 0
    outer loop
      vertex -59.5 -54.5 24.7
      vertex -59.4846 -54.8923 0
      vertex -59.4846 -54.8923 24.7
    endloop
  endfacet
  facet normal -0.962508 0.271254 0
    outer loop
      vertex -59.3618 55.6672 0
      vertex -59.2553 56.0451 24.7
      vertex -59.2553 56.0451 0
    endloop
  endfacet
  facet normal -0.962508 0.271254 0
    outer loop
      vertex -59.2553 56.0451 24.7
      vertex -59.3618 55.6672 0
      vertex -59.3618 55.6672 24.7
    endloop
  endfacet
  facet normal -0.908138 -0.418671 0
    outer loop
      vertex -58.955 -56.77 0
      vertex -59.1194 -56.4134 24.7
      vertex -59.1194 -56.4134 0
    endloop
  endfacet
  facet normal -0.908138 -0.418671 0
    outer loop
      vertex -59.1194 -56.4134 24.7
      vertex -58.955 -56.77 0
      vertex -58.955 -56.77 24.7
    endloop
  endfacet
  facet normal -0.488603 0.872506 0
    outer loop
      vertex -56.77 58.955 0
      vertex -57.1125 58.7632 24.7
      vertex -56.77 58.955 24.7
    endloop
  endfacet
  facet normal -0.488603 0.872506 0
    outer loop
      vertex -57.1125 58.7632 24.7
      vertex -56.77 58.955 0
      vertex -57.1125 58.7632 0
    endloop
  endfacet
  facet normal 0.831462 0.555582 0
    outer loop
      vertex 58.7632 57.1125 24.7
      vertex 58.5451 57.4389 0
      vertex 58.5451 57.4389 24.7
    endloop
  endfacet
  facet normal 0.831462 0.555582 0
    outer loop
      vertex 58.5451 57.4389 0
      vertex 58.7632 57.1125 24.7
      vertex 58.7632 57.1125 0
    endloop
  endfacet
  facet normal 0.962508 -0.271254 0
    outer loop
      vertex 59.2553 -56.0451 24.7
      vertex 59.3618 -55.6672 0
      vertex 59.3618 -55.6672 24.7
    endloop
  endfacet
  facet normal 0.962508 -0.271254 0
    outer loop
      vertex 59.3618 -55.6672 0
      vertex 59.2553 -56.0451 24.7
      vertex 59.2553 -56.0451 0
    endloop
  endfacet
  facet normal 0.488603 0.872506 -0
    outer loop
      vertex 57.1125 58.7632 0
      vertex 56.77 58.955 24.7
      vertex 57.1125 58.7632 24.7
    endloop
  endfacet
  facet normal 0.488603 0.872506 0
    outer loop
      vertex 56.77 58.955 24.7
      vertex 57.1125 58.7632 0
      vertex 56.77 58.955 0
    endloop
  endfacet
  facet normal -0.555582 0.831462 0
    outer loop
      vertex -57.1125 58.7632 0
      vertex -57.4389 58.5451 24.7
      vertex -57.1125 58.7632 24.7
    endloop
  endfacet
  facet normal -0.555582 0.831462 0
    outer loop
      vertex -57.4389 58.5451 24.7
      vertex -57.1125 58.7632 0
      vertex -57.4389 58.5451 0
    endloop
  endfacet
  facet normal 0.195136 0.980776 -0
    outer loop
      vertex 55.6672 59.3618 0
      vertex 55.2822 59.4384 24.7
      vertex 55.6672 59.3618 24.7
    endloop
  endfacet
  facet normal 0.195136 0.980776 0
    outer loop
      vertex 55.2822 59.4384 24.7
      vertex 55.6672 59.3618 0
      vertex 55.2822 59.4384 0
    endloop
  endfacet
  facet normal 0.938169 0.346177 0
    outer loop
      vertex 59.2553 56.0451 24.7
      vertex 59.1194 56.4134 0
      vertex 59.1194 56.4134 24.7
    endloop
  endfacet
  facet normal 0.938169 0.346177 0
    outer loop
      vertex 59.1194 56.4134 0
      vertex 59.2553 56.0451 24.7
      vertex 59.2553 56.0451 0
    endloop
  endfacet
  facet normal 0.872506 0.488603 0
    outer loop
      vertex 58.955 56.77 24.7
      vertex 58.7632 57.1125 0
      vertex 58.7632 57.1125 24.7
    endloop
  endfacet
  facet normal 0.872506 0.488603 0
    outer loop
      vertex 58.7632 57.1125 0
      vertex 58.955 56.77 24.7
      vertex 58.955 56.77 0
    endloop
  endfacet
  facet normal -0.872506 -0.488603 0
    outer loop
      vertex -58.7632 -57.1125 0
      vertex -58.955 -56.77 24.7
      vertex -58.955 -56.77 0
    endloop
  endfacet
  facet normal -0.872506 -0.488603 0
    outer loop
      vertex -58.955 -56.77 24.7
      vertex -58.7632 -57.1125 0
      vertex -58.7632 -57.1125 24.7
    endloop
  endfacet
  facet normal 0.980776 -0.195136 0
    outer loop
      vertex 59.3618 -55.6672 24.7
      vertex 59.4384 -55.2822 0
      vertex 59.4384 -55.2822 24.7
    endloop
  endfacet
  facet normal 0.980776 -0.195136 0
    outer loop
      vertex 59.4384 -55.2822 0
      vertex 59.3618 -55.6672 24.7
      vertex 59.3618 -55.6672 0
    endloop
  endfacet
  facet normal 0.619182 -0.785248 0
    outer loop
      vertex 57.4389 -58.5451 0
      vertex 57.7472 -58.302 24.7
      vertex 57.4389 -58.5451 24.7
    endloop
  endfacet
  facet normal 0.619182 -0.785248 0
    outer loop
      vertex 57.7472 -58.302 24.7
      vertex 57.4389 -58.5451 0
      vertex 57.7472 -58.302 0
    endloop
  endfacet
  facet normal 0 0 -1
    outer loop
      vertex 54.5 -59.5 0
      vertex 59.5 -54.5 0
      vertex 59.4846 -54.8923 0
    endloop
  endfacet
  facet normal 0 0 -1
    outer loop
      vertex 59.5 -54.5 0
      vertex 57.5 0 0
      vertex 59.5 54.5 0
    endloop
  endfacet
  facet normal 0 0 -1
    outer loop
      vertex 54.5 -59.5 0
      vertex 59.4846 -54.8923 0
      vertex 59.4384 -55.2822 0
    endloop
  endfacet
  facet normal 0 0 -1
    outer loop
      vertex 57.3227 4.5114 0
      vertex 59.5 54.5 0
      vertex 57.5 0 0
    endloop
  endfacet
  facet normal 0 0 -1
    outer loop
      vertex 54.5 -59.5 0
      vertex 59.4384 -55.2822 0
      vertex 59.3618 -55.6672 0
    endloop
  endfacet
  facet normal 0 0 -1
    outer loop
      vertex 56.7921 8.99498 0
      vertex 59.5 54.5 0
      vertex 57.3227 4.5114 0
    endloop
  endfacet
  facet normal 0 0 -1
    outer loop
      vertex 54.5 -59.5 0
      vertex 59.3618 -55.6672 0
      vertex 59.2553 -56.0451 0
    endloop
  endfacet
  facet normal 0 0 -1
    outer loop
      vertex 55.9113 13.4231 0
      vertex 59.5 54.5 0
      vertex 56.7921 8.99498 0
    endloop
  endfacet
  facet normal 0 0 -1
    outer loop
      vertex 54.5 -59.5 0
      vertex 59.2553 -56.0451 0
      vertex 59.1194 -56.4134 0
    endloop
  endfacet
  facet normal 0 0 -1
    outer loop
      vertex 54.6857 17.7685 0
      vertex 59.5 54.5 0
      vertex 55.9113 13.4231 0
    endloop
  endfacet
  facet normal 0 0 -1
    outer loop
      vertex 54.5 -59.5 0
      vertex 59.1194 -56.4134 0
      vertex 58.955 -56.77 0
    endloop
  endfacet
  facet normal 0 0 -1
    outer loop
      vertex 53.1231 22.0043 0
      vertex 59.5 54.5 0
      vertex 54.6857 17.7685 0
    endloop
  endfacet
  facet normal 0 0 -1
    outer loop
      vertex 54.5 -59.5 0
      vertex 58.955 -56.77 0
      vertex 58.7632 -57.1125 0
    endloop
  endfacet
  facet normal 0 0 -1
    outer loop
      vertex 51.2329 26.1045 0
      vertex 59.5 54.5 0
      vertex 53.1231 22.0043 0
    endloop
  endfacet
  facet normal 0 0 -1
    outer loop
      vertex 54.5 -59.5 0
      vertex 58.7632 -57.1125 0
      vertex 58.5451 -57.4389 0
    endloop
  endfacet
  facet normal 0 0 -1
    outer loop
      vertex 49.0268 30.0437 0
      vertex 59.5 54.5 0
      vertex 51.2329 26.1045 0
    endloop
  endfacet
  facet normal 0 0 -1
    outer loop
      vertex 54.5 -59.5 0
      vertex 58.5451 -57.4389 0
      vertex 58.302 -57.7472 0
    endloop
  endfacet
  facet normal 0 0 -1
    outer loop
      vertex 46.5185 33.7977 0
      vertex 59.5 54.5 0
      vertex 49.0268 30.0437 0
    endloop
  endfacet
  facet normal 0 0 -1
    outer loop
      vertex 54.5 -59.5 0
      vertex 58.302 -57.7472 0
      vertex 58.0355 -58.0355 0
    endloop
  endfacet
  facet normal 0 0 -1
    outer loop
      vertex 43.7233 37.3433 0
      vertex 59.5 54.5 0
      vertex 46.5185 33.7977 0
    endloop
  endfacet
  facet normal 0 0 -1
    outer loop
      vertex 54.5 -59.5 0
      vertex 58.0355 -58.0355 0
      vertex 57.7472 -58.302 0
    endloop
  endfacet
  facet normal 0 0 -1
    outer loop
      vertex 40.6586 40.6586 0
      vertex 59.5 54.5 0
      vertex 43.7233 37.3433 0
    endloop
  endfacet
  facet normal 0 -0 -1
    outer loop
      vertex 54.5 59.5 0
      vertex 59.5 54.5 0
      vertex 40.6586 40.6586 0
    endloop
  endfacet
  facet normal 0 0 -1
    outer loop
      vertex 54.5 -59.5 0
      vertex 57.7472 -58.302 0
      vertex 57.4389 -58.5451 0
    endloop
  endfacet
  facet normal 0 0 -1
    outer loop
      vertex 59.5 -54.5 0
      vertex 57.3227 -4.5114 0
      vertex 57.5 0 0
    endloop
  endfacet
  facet normal 0 0 -1
    outer loop
      vertex 54.5 -59.5 0
      vertex 57.4389 -58.5451 0
      vertex 57.1125 -58.7632 0
    endloop
  endfacet
  facet normal 0 0 -1
    outer loop
      vertex 59.5 -54.5 0
      vertex 56.7921 -8.99498 0
      vertex 57.3227 -4.5114 0
    endloop
  endfacet
  facet normal 0 0 -1
    outer loop
      vertex 54.5 -59.5 0
      vertex 57.1125 -58.7632 0
      vertex 56.77 -58.955 0
    endloop
  endfacet
  facet normal 0 0 -1
    outer loop
      vertex 54.5 -59.5 0
      vertex 56.77 -58.955 0
      vertex 56.4134 -59.1194 0
    endloop
  endfacet
  facet normal 0 0 -1
    outer loop
      vertex 54.5 -59.5 0
      vertex 56.4134 -59.1194 0
      vertex 56.0451 -59.2553 0
    endloop
  endfacet
  facet normal 0 0 -1
    outer loop
      vertex 59.5 -54.5 0
      vertex 55.9113 -13.4231 0
      vertex 56.7921 -8.99498 0
    endloop
  endfacet
  facet normal 0 0 -1
    outer loop
      vertex 54.5 -59.5 0
      vertex 56.0451 -59.2553 0
      vertex 55.6672 -59.3618 0
    endloop
  endfacet
  facet normal 0 0 -1
    outer loop
      vertex 54.5 -59.5 0
      vertex 55.6672 -59.3618 0
      vertex 55.2822 -59.4384 0
    endloop
  endfacet
  facet normal 0 0 -1
    outer loop
      vertex 54.5 -59.5 0
      vertex 55.2822 -59.4384 0
      vertex 54.8923 -59.4846 0
    endloop
  endfacet
  facet normal 0 0 -1
    outer loop
      vertex 59.5 -54.5 0
      vertex 54.6857 -17.7685 0
      vertex 55.9113 -13.4231 0
    endloop
  endfacet
  facet normal -0 0 -1
    outer loop
      vertex 59.5 -54.5 0
      vertex 54.5 -59.5 0
      vertex 40.6586 -40.6586 0
    endloop
  endfacet
  facet normal 0 0 -1
    outer loop
      vertex 59.5 -54.5 0
      vertex 53.1231 -22.0043 0
      vertex 54.6857 -17.7685 0
    endloop
  endfacet
  facet normal 0 0 -1
    outer loop
      vertex 59.5 -54.5 0
      vertex 51.2329 -26.1045 0
      vertex 53.1231 -22.0043 0
    endloop
  endfacet
  facet normal 0 0 -1
    outer loop
      vertex 59.5 -54.5 0
      vertex 49.0268 -30.0437 0
      vertex 51.2329 -26.1045 0
    endloop
  endfacet
  facet normal 0 0 -1
    outer loop
      vertex 59.5 -54.5 0
      vertex 46.5185 -33.7977 0
      vertex 49.0268 -30.0437 0
    endloop
  endfacet
  facet normal 0 0 -1
    outer loop
      vertex 59.5 -54.5 0
      vertex 43.7233 -37.3433 0
      vertex 46.5185 -33.7977 0
    endloop
  endfacet
  facet normal 0 0 -1
    outer loop
      vertex 59.5 -54.5 0
      vertex 40.6586 -40.6586 0
      vertex 43.7233 -37.3433 0
    endloop
  endfacet
  facet normal 0 0 -1
    outer loop
      vertex 54.5 -59.5 0
      vertex 37.3433 -43.7233 0
      vertex 40.6586 -40.6586 0
    endloop
  endfacet
  facet normal 0 0 -1
    outer loop
      vertex 54.5 -59.5 0
      vertex 33.7977 -46.5185 0
      vertex 37.3433 -43.7233 0
    endloop
  endfacet
  facet normal 0 0 -1
    outer loop
      vertex 54.5 -59.5 0
      vertex 30.0437 -49.0268 0
      vertex 33.7977 -46.5185 0
    endloop
  endfacet
  facet normal 0 0 -1
    outer loop
      vertex 54.5 -59.5 0
      vertex 26.1045 -51.2329 0
      vertex 30.0437 -49.0268 0
    endloop
  endfacet
  facet normal 0 0 -1
    outer loop
      vertex 54.5 -59.5 0
      vertex 22.0043 -53.1231 0
      vertex 26.1045 -51.2329 0
    endloop
  endfacet
  facet normal 0 0 -1
    outer loop
      vertex 54.5 -59.5 0
      vertex 17.7685 -54.6857 0
      vertex 22.0043 -53.1231 0
    endloop
  endfacet
  facet normal 0 0 -1
    outer loop
      vertex 54.5 -59.5 0
      vertex 13.4231 -55.9113 0
      vertex 17.7685 -54.6857 0
    endloop
  endfacet
  facet normal 0 0 -1
    outer loop
      vertex 54.5 -59.5 0
      vertex 8.99498 -56.7921 0
      vertex 13.4231 -55.9113 0
    endloop
  endfacet
  facet normal 0 0 -1
    outer loop
      vertex 54.5 -59.5 0
      vertex 4.5114 -57.3227 0
      vertex 8.99498 -56.7921 0
    endloop
  endfacet
  facet normal 0 0 -1
    outer loop
      vertex 54.5 -59.5 0
      vertex 0 -57.5 0
      vertex 4.5114 -57.3227 0
    endloop
  endfacet
  facet normal 0 0 -1
    outer loop
      vertex -54.5 -59.5 0
      vertex 0 -57.5 0
      vertex 54.5 -59.5 0
    endloop
  endfacet
  facet normal 0 0 -1
    outer loop
      vertex -54.5 -59.5 0
      vertex -4.5114 -57.3227 0
      vertex 0 -57.5 0
    endloop
  endfacet
  facet normal 0 0 -1
    outer loop
      vertex -54.5 -59.5 0
      vertex -8.99498 -56.7921 0
      vertex -4.5114 -57.3227 0
    endloop
  endfacet
  facet normal 0 0 -1
    outer loop
      vertex -54.5 -59.5 0
      vertex -13.4231 -55.9113 0
      vertex -8.99498 -56.7921 0
    endloop
  endfacet
  facet normal 0 0 -1
    outer loop
      vertex -54.5 -59.5 0
      vertex -17.7685 -54.6857 0
      vertex -13.4231 -55.9113 0
    endloop
  endfacet
  facet normal 0 0 -1
    outer loop
      vertex -54.5 -59.5 0
      vertex -22.0043 -53.1231 0
      vertex -17.7685 -54.6857 0
    endloop
  endfacet
  facet normal 0 0 -1
    outer loop
      vertex -54.5 -59.5 0
      vertex -26.1045 -51.2329 0
      vertex -22.0043 -53.1231 0
    endloop
  endfacet
  facet normal 0 0 -1
    outer loop
      vertex -54.5 -59.5 0
      vertex -30.0437 -49.0268 0
      vertex -26.1045 -51.2329 0
    endloop
  endfacet
  facet normal 0 0 -1
    outer loop
      vertex -54.5 -59.5 0
      vertex -33.7977 -46.5185 0
      vertex -30.0437 -49.0268 0
    endloop
  endfacet
  facet normal 0 0 -1
    outer loop
      vertex -54.5 -59.5 0
      vertex -37.3433 -43.7233 0
      vertex -33.7977 -46.5185 0
    endloop
  endfacet
  facet normal 0 0 -1
    outer loop
      vertex -54.5 -59.5 0
      vertex -40.6586 -40.6586 0
      vertex -37.3433 -43.7233 0
    endloop
  endfacet
  facet normal 0 0 -1
    outer loop
      vertex -59.5 -54.5 0
      vertex -40.6586 -40.6586 0
      vertex -54.5 -59.5 0
    endloop
  endfacet
  facet normal -0 0 -1
    outer loop
      vertex -40.6586 -40.6586 0
      vertex -59.5 -54.5 0
      vertex -43.7233 -37.3433 0
    endloop
  endfacet
  facet normal -0 0 -1
    outer loop
      vertex -43.7233 -37.3433 0
      vertex -59.5 -54.5 0
      vertex -46.5185 -33.7977 0
    endloop
  endfacet
  facet normal -0 0 -1
    outer loop
      vertex -46.5185 -33.7977 0
      vertex -59.5 -54.5 0
      vertex -49.0268 -30.0437 0
    endloop
  endfacet
  facet normal -0 0 -1
    outer loop
      vertex -49.0268 -30.0437 0
      vertex -59.5 -54.5 0
      vertex -51.2329 -26.1045 0
    endloop
  endfacet
  facet normal -0 0 -1
    outer loop
      vertex -51.2329 -26.1045 0
      vertex -59.5 -54.5 0
      vertex -53.1231 -22.0043 0
    endloop
  endfacet
  facet normal 0 0 -1
    outer loop
      vertex -59.5 -54.5 0
      vertex -54.5 -59.5 0
      vertex -54.8923 -59.4846 0
    endloop
  endfacet
  facet normal 0 0 -1
    outer loop
      vertex -59.5 -54.5 0
      vertex -54.8923 -59.4846 0
      vertex -55.2822 -59.4384 0
    endloop
  endfacet
  facet normal 0 0 -1
    outer loop
      vertex -59.5 -54.5 0
      vertex -55.2822 -59.4384 0
      vertex -55.6672 -59.3618 0
    endloop
  endfacet
  facet normal -0 0 -1
    outer loop
      vertex -53.1231 -22.0043 0
      vertex -59.5 -54.5 0
      vertex -54.6857 -17.7685 0
    endloop
  endfacet
  facet normal 0 0 -1
    outer loop
      vertex -59.5 -54.5 0
      vertex -55.6672 -59.3618 0
      vertex -56.0451 -59.2553 0
    endloop
  endfacet
  facet normal 0 0 -1
    outer loop
      vertex -59.5 -54.5 0
      vertex -56.0451 -59.2553 0
      vertex -56.4134 -59.1194 0
    endloop
  endfacet
  facet normal 0 0 -1
    outer loop
      vertex -59.5 -54.5 0
      vertex -56.4134 -59.1194 0
      vertex -56.77 -58.955 0
    endloop
  endfacet
  facet normal -0 0 -1
    outer loop
      vertex -54.6857 -17.7685 0
      vertex -59.5 -54.5 0
      vertex -55.9113 -13.4231 0
    endloop
  endfacet
  facet normal 0 0 -1
    outer loop
      vertex -59.5 -54.5 0
      vertex -56.77 -58.955 0
      vertex -57.1125 -58.7632 0
    endloop
  endfacet
  facet normal -0 0 -1
    outer loop
      vertex -55.9113 -13.4231 0
      vertex -59.5 -54.5 0
      vertex -56.7921 -8.99498 0
    endloop
  endfacet
  facet normal 0 0 -1
    outer loop
      vertex -59.5 -54.5 0
      vertex -57.1125 -58.7632 0
      vertex -57.4389 -58.5451 0
    endloop
  endfacet
  facet normal -0 0 -1
    outer loop
      vertex -56.7921 -8.99498 0
      vertex -59.5 -54.5 0
      vertex -57.3227 -4.5114 0
    endloop
  endfacet
  facet normal 0 0 -1
    outer loop
      vertex -59.5 -54.5 0
      vertex -57.4389 -58.5451 0
      vertex -57.7472 -58.302 0
    endloop
  endfacet
  facet normal 0 0 -1
    outer loop
      vertex 59.5 54.5 0
      vertex 54.5 59.5 0
      vertex 59.4846 54.8923 0
    endloop
  endfacet
  facet normal 0 0 -1
    outer loop
      vertex 59.4846 54.8923 0
      vertex 54.5 59.5 0
      vertex 59.4384 55.2822 0
    endloop
  endfacet
  facet normal 0 0 -1
    outer loop
      vertex 59.4384 55.2822 0
      vertex 54.5 59.5 0
      vertex 59.3618 55.6672 0
    endloop
  endfacet
  facet normal 0 0 -1
    outer loop
      vertex 59.3618 55.6672 0
      vertex 54.5 59.5 0
      vertex 59.2553 56.0451 0
    endloop
  endfacet
  facet normal 0 0 -1
    outer loop
      vertex 59.2553 56.0451 0
      vertex 54.5 59.5 0
      vertex 59.1194 56.4134 0
    endloop
  endfacet
  facet normal 0 0 -1
    outer loop
      vertex 59.1194 56.4134 0
      vertex 54.5 59.5 0
      vertex 58.955 56.77 0
    endloop
  endfacet
  facet normal 0 0 -1
    outer loop
      vertex 58.955 56.77 0
      vertex 54.5 59.5 0
      vertex 58.7632 57.1125 0
    endloop
  endfacet
  facet normal 0 0 -1
    outer loop
      vertex 58.5451 57.4389 0
      vertex 54.5 59.5 0
      vertex 58.302 57.7472 0
    endloop
  endfacet
  facet normal 0 0 -1
    outer loop
      vertex 58.302 57.7472 0
      vertex 54.5 59.5 0
      vertex 58.0355 58.0355 0
    endloop
  endfacet
  facet normal 0 0 -1
    outer loop
      vertex 58.0355 58.0355 0
      vertex 54.5 59.5 0
      vertex 57.7472 58.302 0
    endloop
  endfacet
  facet normal 0 0 -1
    outer loop
      vertex 57.7472 58.302 0
      vertex 54.5 59.5 0
      vertex 57.4389 58.5451 0
    endloop
  endfacet
  facet normal 0 0 -1
    outer loop
      vertex 57.4389 58.5451 0
      vertex 54.5 59.5 0
      vertex 57.1125 58.7632 0
    endloop
  endfacet
  facet normal 0 0 -1
    outer loop
      vertex 57.1125 58.7632 0
      vertex 54.5 59.5 0
      vertex 56.77 58.955 0
    endloop
  endfacet
  facet normal 0 0 -1
    outer loop
      vertex 56.77 58.955 0
      vertex 54.5 59.5 0
      vertex 56.4134 59.1194 0
    endloop
  endfacet
  facet normal 0 0 -1
    outer loop
      vertex 56.4134 59.1194 0
      vertex 54.5 59.5 0
      vertex 56.0451 59.2553 0
    endloop
  endfacet
  facet normal 0 0 -1
    outer loop
      vertex 56.0451 59.2553 0
      vertex 54.5 59.5 0
      vertex 55.6672 59.3618 0
    endloop
  endfacet
  facet normal 0 0 -1
    outer loop
      vertex 55.6672 59.3618 0
      vertex 54.5 59.5 0
      vertex 55.2822 59.4384 0
    endloop
  endfacet
  facet normal 0 0 -1
    outer loop
      vertex 55.2822 59.4384 0
      vertex 54.5 59.5 0
      vertex 54.8923 59.4846 0
    endloop
  endfacet
  facet normal 0 0 -1
    outer loop
      vertex 58.7632 57.1125 0
      vertex 54.5 59.5 0
      vertex 58.5451 57.4389 0
    endloop
  endfacet
  facet normal 0 0 -1
    outer loop
      vertex 37.3433 43.7233 0
      vertex 54.5 59.5 0
      vertex 40.6586 40.6586 0
    endloop
  endfacet
  facet normal 0 0 -1
    outer loop
      vertex 33.7977 46.5185 0
      vertex 54.5 59.5 0
      vertex 37.3433 43.7233 0
    endloop
  endfacet
  facet normal 0 0 -1
    outer loop
      vertex 30.0437 49.0268 0
      vertex 54.5 59.5 0
      vertex 33.7977 46.5185 0
    endloop
  endfacet
  facet normal 0 0 -1
    outer loop
      vertex 26.1045 51.2329 0
      vertex 54.5 59.5 0
      vertex 30.0437 49.0268 0
    endloop
  endfacet
  facet normal 0 0 -1
    outer loop
      vertex 22.0043 53.1231 0
      vertex 54.5 59.5 0
      vertex 26.1045 51.2329 0
    endloop
  endfacet
  facet normal 0 0 -1
    outer loop
      vertex 17.7685 54.6857 0
      vertex 54.5 59.5 0
      vertex 22.0043 53.1231 0
    endloop
  endfacet
  facet normal 0 0 -1
    outer loop
      vertex 13.4231 55.9113 0
      vertex 54.5 59.5 0
      vertex 17.7685 54.6857 0
    endloop
  endfacet
  facet normal 0 0 -1
    outer loop
      vertex 8.99498 56.7921 0
      vertex 54.5 59.5 0
      vertex 13.4231 55.9113 0
    endloop
  endfacet
  facet normal 0 0 -1
    outer loop
      vertex 4.5114 57.3227 0
      vertex 54.5 59.5 0
      vertex 8.99498 56.7921 0
    endloop
  endfacet
  facet normal 0 0 -1
    outer loop
      vertex 0 57.5 0
      vertex 54.5 59.5 0
      vertex 4.5114 57.3227 0
    endloop
  endfacet
  facet normal 0 0 -1
    outer loop
      vertex 0 57.5 0
      vertex -54.5 59.5 0
      vertex 54.5 59.5 0
    endloop
  endfacet
  facet normal 0 0 -1
    outer loop
      vertex -4.5114 57.3227 0
      vertex -54.5 59.5 0
      vertex 0 57.5 0
    endloop
  endfacet
  facet normal 0 0 -1
    outer loop
      vertex -8.99498 56.7921 0
      vertex -54.5 59.5 0
      vertex -4.5114 57.3227 0
    endloop
  endfacet
  facet normal 0 0 -1
    outer loop
      vertex -13.4231 55.9113 0
      vertex -54.5 59.5 0
      vertex -8.99498 56.7921 0
    endloop
  endfacet
  facet normal 0 0 -1
    outer loop
      vertex -17.7685 54.6857 0
      vertex -54.5 59.5 0
      vertex -13.4231 55.9113 0
    endloop
  endfacet
  facet normal 0 0 -1
    outer loop
      vertex -22.0043 53.1231 0
      vertex -54.5 59.5 0
      vertex -17.7685 54.6857 0
    endloop
  endfacet
  facet normal 0 0 -1
    outer loop
      vertex -26.1045 51.2329 0
      vertex -54.5 59.5 0
      vertex -22.0043 53.1231 0
    endloop
  endfacet
  facet normal 0 0 -1
    outer loop
      vertex -30.0437 49.0268 0
      vertex -54.5 59.5 0
      vertex -26.1045 51.2329 0
    endloop
  endfacet
  facet normal 0 0 -1
    outer loop
      vertex -33.7977 46.5185 0
      vertex -54.5 59.5 0
      vertex -30.0437 49.0268 0
    endloop
  endfacet
  facet normal 0 0 -1
    outer loop
      vertex -37.3433 43.7233 0
      vertex -54.5 59.5 0
      vertex -33.7977 46.5185 0
    endloop
  endfacet
  facet normal 0 0 -1
    outer loop
      vertex -40.6586 40.6586 0
      vertex -54.5 59.5 0
      vertex -37.3433 43.7233 0
    endloop
  endfacet
  facet normal 0 0 -1
    outer loop
      vertex -59.5 54.5 0
      vertex -40.6586 40.6586 0
      vertex -43.7233 37.3433 0
    endloop
  endfacet
  facet normal 0 0 -1
    outer loop
      vertex -59.5 54.5 0
      vertex -43.7233 37.3433 0
      vertex -46.5185 33.7977 0
    endloop
  endfacet
  facet normal 0 0 -1
    outer loop
      vertex -59.5 54.5 0
      vertex -46.5185 33.7977 0
      vertex -49.0268 30.0437 0
    endloop
  endfacet
  facet normal 0 0 -1
    outer loop
      vertex -59.5 54.5 0
      vertex -49.0268 30.0437 0
      vertex -51.2329 26.1045 0
    endloop
  endfacet
  facet normal 0 0 -1
    outer loop
      vertex -59.5 54.5 0
      vertex -51.2329 26.1045 0
      vertex -53.1231 22.0043 0
    endloop
  endfacet
  facet normal 0 0 -1
    outer loop
      vertex -59.5 54.5 0
      vertex -53.1231 22.0043 0
      vertex -54.6857 17.7685 0
    endloop
  endfacet
  facet normal 0 0 -1
    outer loop
      vertex -40.6586 40.6586 0
      vertex -59.5 54.5 0
      vertex -54.5 59.5 0
    endloop
  endfacet
  facet normal 0 0 -1
    outer loop
      vertex -54.5 59.5 0
      vertex -59.5 54.5 0
      vertex -54.8923 59.4846 0
    endloop
  endfacet
  facet normal 0 0 -1
    outer loop
      vertex -54.8923 59.4846 0
      vertex -59.5 54.5 0
      vertex -55.2822 59.4384 0
    endloop
  endfacet
  facet normal 0 0 -1
    outer loop
      vertex -59.5 54.5 0
      vertex -54.6857 17.7685 0
      vertex -55.9113 13.4231 0
    endloop
  endfacet
  facet normal 0 0 -1
    outer loop
      vertex -55.2822 59.4384 0
      vertex -59.5 54.5 0
      vertex -55.6672 59.3618 0
    endloop
  endfacet
  facet normal 0 0 -1
    outer loop
      vertex -55.6672 59.3618 0
      vertex -59.5 54.5 0
      vertex -56.0451 59.2553 0
    endloop
  endfacet
  facet normal 0 0 -1
    outer loop
      vertex -56.0451 59.2553 0
      vertex -59.5 54.5 0
      vertex -56.4134 59.1194 0
    endloop
  endfacet
  facet normal 0 0 -1
    outer loop
      vertex -59.5 54.5 0
      vertex -55.9113 13.4231 0
      vertex -56.7921 8.99498 0
    endloop
  endfacet
  facet normal 0 0 -1
    outer loop
      vertex -56.4134 59.1194 0
      vertex -59.5 54.5 0
      vertex -56.77 58.955 0
    endloop
  endfacet
  facet normal 0 0 -1
    outer loop
      vertex -59.5 54.5 0
      vertex -56.7921 8.99498 0
      vertex -57.3227 4.5114 0
    endloop
  endfacet
  facet normal 0 0 -1
    outer loop
      vertex -56.77 58.955 0
      vertex -59.5 54.5 0
      vertex -57.1125 58.7632 0
    endloop
  endfacet
  facet normal 0 0 -1
    outer loop
      vertex -59.5 54.5 0
      vertex -57.3227 4.5114 0
      vertex -57.5 0 0
    endloop
  endfacet
  facet normal -0 0 -1
    outer loop
      vertex -57.3227 -4.5114 0
      vertex -59.5 -54.5 0
      vertex -57.5 0 0
    endloop
  endfacet
  facet normal 0 0 -1
    outer loop
      vertex -59.5 54.5 0
      vertex -57.5 0 0
      vertex -59.5 -54.5 0
    endloop
  endfacet
  facet normal 0 0 -1
    outer loop
      vertex -59.5 -54.5 0
      vertex -57.7472 -58.302 0
      vertex -58.0355 -58.0355 0
    endloop
  endfacet
  facet normal 0 0 -1
    outer loop
      vertex -57.1125 58.7632 0
      vertex -59.5 54.5 0
      vertex -57.4389 58.5451 0
    endloop
  endfacet
  facet normal 0 0 -1
    outer loop
      vertex -59.5 -54.5 0
      vertex -58.0355 -58.0355 0
      vertex -58.302 -57.7472 0
    endloop
  endfacet
  facet normal 0 0 -1
    outer loop
      vertex -57.4389 58.5451 0
      vertex -59.5 54.5 0
      vertex -57.7472 58.302 0
    endloop
  endfacet
  facet normal 0 0 -1
    outer loop
      vertex -59.5 -54.5 0
      vertex -58.302 -57.7472 0
      vertex -58.5451 -57.4389 0
    endloop
  endfacet
  facet normal 0 0 -1
    outer loop
      vertex -57.7472 58.302 0
      vertex -59.5 54.5 0
      vertex -58.0355 58.0355 0
    endloop
  endfacet
  facet normal 0 0 -1
    outer loop
      vertex -59.5 -54.5 0
      vertex -58.5451 -57.4389 0
      vertex -58.7632 -57.1125 0
    endloop
  endfacet
  facet normal 0 0 -1
    outer loop
      vertex -58.0355 58.0355 0
      vertex -59.5 54.5 0
      vertex -58.302 57.7472 0
    endloop
  endfacet
  facet normal 0 0 -1
    outer loop
      vertex -59.5 -54.5 0
      vertex -58.7632 -57.1125 0
      vertex -58.955 -56.77 0
    endloop
  endfacet
  facet normal 0 0 -1
    outer loop
      vertex -58.302 57.7472 0
      vertex -59.5 54.5 0
      vertex -58.5451 57.4389 0
    endloop
  endfacet
  facet normal 0 0 -1
    outer loop
      vertex -59.5 -54.5 0
      vertex -58.955 -56.77 0
      vertex -59.1194 -56.4134 0
    endloop
  endfacet
  facet normal 0 0 -1
    outer loop
      vertex -58.5451 57.4389 0
      vertex -59.5 54.5 0
      vertex -58.7632 57.1125 0
    endloop
  endfacet
  facet normal 0 0 -1
    outer loop
      vertex -59.5 -54.5 0
      vertex -59.1194 -56.4134 0
      vertex -59.2553 -56.0451 0
    endloop
  endfacet
  facet normal 0 0 -1
    outer loop
      vertex -58.7632 57.1125 0
      vertex -59.5 54.5 0
      vertex -58.955 56.77 0
    endloop
  endfacet
  facet normal 0 0 -1
    outer loop
      vertex -59.5 -54.5 0
      vertex -59.2553 -56.0451 0
      vertex -59.3618 -55.6672 0
    endloop
  endfacet
  facet normal 0 0 -1
    outer loop
      vertex -58.955 56.77 0
      vertex -59.5 54.5 0
      vertex -59.1194 56.4134 0
    endloop
  endfacet
  facet normal 0 0 -1
    outer loop
      vertex -59.5 -54.5 0
      vertex -59.3618 -55.6672 0
      vertex -59.4384 -55.2822 0
    endloop
  endfacet
  facet normal 0 0 -1
    outer loop
      vertex -59.1194 56.4134 0
      vertex -59.5 54.5 0
      vertex -59.2553 56.0451 0
    endloop
  endfacet
  facet normal 0 0 -1
    outer loop
      vertex -59.5 -54.5 0
      vertex -59.4384 -55.2822 0
      vertex -59.4846 -54.8923 0
    endloop
  endfacet
  facet normal 0 0 -1
    outer loop
      vertex -59.2553 56.0451 0
      vertex -59.5 54.5 0
      vertex -59.3618 55.6672 0
    endloop
  endfacet
  facet normal 0 0 -1
    outer loop
      vertex -59.3618 55.6672 0
      vertex -59.5 54.5 0
      vertex -59.4384 55.2822 0
    endloop
  endfacet
  facet normal 0 0 -1
    outer loop
      vertex -59.4384 55.2822 0
      vertex -59.5 54.5 0
      vertex -59.4846 54.8923 0
    endloop
  endfacet
  facet normal 0.678798 0.734325 -0
    outer loop
      vertex 58.0355 58.0355 0
      vertex 57.7472 58.302 24.7
      vertex 58.0355 58.0355 24.7
    endloop
  endfacet
  facet normal 0.678798 0.734325 0
    outer loop
      vertex 57.7472 58.302 24.7
      vertex 58.0355 58.0355 0
      vertex 57.7472 58.302 0
    endloop
  endfacet
  facet normal 0.555582 -0.831462 0
    outer loop
      vertex 57.1125 -58.7632 0
      vertex 57.4389 -58.5451 24.7
      vertex 57.1125 -58.7632 24.7
    endloop
  endfacet
  facet normal 0.555582 -0.831462 0
    outer loop
      vertex 57.4389 -58.5451 24.7
      vertex 57.1125 -58.7632 0
      vertex 57.4389 -58.5451 0
    endloop
  endfacet
  facet normal 0.872506 -0.488603 0
    outer loop
      vertex 58.7632 -57.1125 24.7
      vertex 58.955 -56.77 0
      vertex 58.955 -56.77 24.7
    endloop
  endfacet
  facet normal 0.872506 -0.488603 0
    outer loop
      vertex 58.955 -56.77 0
      vertex 58.7632 -57.1125 24.7
      vertex 58.7632 -57.1125 0
    endloop
  endfacet
  facet normal 0 0 1
    outer loop
      vertex 54.5 59.5 24.7
      vertex 59.5 54.5 24.7
      vertex 59.4846 54.8923 24.7
    endloop
  endfacet
  facet normal 0 0 1
    outer loop
      vertex 59.5 54.5 24.7
      vertex 57.5 0 24.7
      vertex 59.5 -54.5 24.7
    endloop
  endfacet
  facet normal 0 0 1
    outer loop
      vertex 54.5 59.5 24.7
      vertex 59.4846 54.8923 24.7
      vertex 59.4384 55.2822 24.7
    endloop
  endfacet
  facet normal -0 0 1
    outer loop
      vertex 57.3227 -4.5114 24.7
      vertex 59.5 -54.5 24.7
      vertex 57.5 0 24.7
    endloop
  endfacet
  facet normal 0 0 1
    outer loop
      vertex 54.5 59.5 24.7
      vertex 59.4384 55.2822 24.7
      vertex 59.3618 55.6672 24.7
    endloop
  endfacet
  facet normal -0 0 1
    outer loop
      vertex 56.7921 -8.99498 24.7
      vertex 59.5 -54.5 24.7
      vertex 57.3227 -4.5114 24.7
    endloop
  endfacet
  facet normal 0 0 1
    outer loop
      vertex 54.5 59.5 24.7
      vertex 59.3618 55.6672 24.7
      vertex 59.2553 56.0451 24.7
    endloop
  endfacet
  facet normal -0 0 1
    outer loop
      vertex 55.9113 -13.4231 24.7
      vertex 59.5 -54.5 24.7
      vertex 56.7921 -8.99498 24.7
    endloop
  endfacet
  facet normal 0 0 1
    outer loop
      vertex 54.5 59.5 24.7
      vertex 59.2553 56.0451 24.7
      vertex 59.1194 56.4134 24.7
    endloop
  endfacet
  facet normal -0 0 1
    outer loop
      vertex 54.6857 -17.7685 24.7
      vertex 59.5 -54.5 24.7
      vertex 55.9113 -13.4231 24.7
    endloop
  endfacet
  facet normal 0 0 1
    outer loop
      vertex 54.5 59.5 24.7
      vertex 59.1194 56.4134 24.7
      vertex 58.955 56.77 24.7
    endloop
  endfacet
  facet normal -0 0 1
    outer loop
      vertex 53.1231 -22.0043 24.7
      vertex 59.5 -54.5 24.7
      vertex 54.6857 -17.7685 24.7
    endloop
  endfacet
  facet normal 0 0 1
    outer loop
      vertex 54.5 59.5 24.7
      vertex 58.955 56.77 24.7
      vertex 58.7632 57.1125 24.7
    endloop
  endfacet
  facet normal -0 0 1
    outer loop
      vertex 51.2329 -26.1045 24.7
      vertex 59.5 -54.5 24.7
      vertex 53.1231 -22.0043 24.7
    endloop
  endfacet
  facet normal 0 0 1
    outer loop
      vertex 54.5 59.5 24.7
      vertex 58.7632 57.1125 24.7
      vertex 58.5451 57.4389 24.7
    endloop
  endfacet
  facet normal -0 0 1
    outer loop
      vertex 49.0268 -30.0437 24.7
      vertex 59.5 -54.5 24.7
      vertex 51.2329 -26.1045 24.7
    endloop
  endfacet
  facet normal 0 0 1
    outer loop
      vertex 54.5 59.5 24.7
      vertex 58.5451 57.4389 24.7
      vertex 58.302 57.7472 24.7
    endloop
  endfacet
  facet normal -0 0 1
    outer loop
      vertex 46.5185 -33.7977 24.7
      vertex 59.5 -54.5 24.7
      vertex 49.0268 -30.0437 24.7
    endloop
  endfacet
  facet normal 0 0 1
    outer loop
      vertex 54.5 59.5 24.7
      vertex 58.302 57.7472 24.7
      vertex 58.0355 58.0355 24.7
    endloop
  endfacet
  facet normal -0 0 1
    outer loop
      vertex 43.7233 -37.3433 24.7
      vertex 59.5 -54.5 24.7
      vertex 46.5185 -33.7977 24.7
    endloop
  endfacet
  facet normal 0 0 1
    outer loop
      vertex 54.5 59.5 24.7
      vertex 58.0355 58.0355 24.7
      vertex 57.7472 58.302 24.7
    endloop
  endfacet
  facet normal -0 0 1
    outer loop
      vertex 40.6586 -40.6586 24.7
      vertex 59.5 -54.5 24.7
      vertex 43.7233 -37.3433 24.7
    endloop
  endfacet
  facet normal 0 -0 1
    outer loop
      vertex 54.5 -59.5 24.7
      vertex 59.5 -54.5 24.7
      vertex 40.6586 -40.6586 24.7
    endloop
  endfacet
  facet normal 0 0 1
    outer loop
      vertex 54.5 59.5 24.7
      vertex 57.7472 58.302 24.7
      vertex 57.4389 58.5451 24.7
    endloop
  endfacet
  facet normal 0 0 1
    outer loop
      vertex 59.5 54.5 24.7
      vertex 57.3227 4.5114 24.7
      vertex 57.5 0 24.7
    endloop
  endfacet
  facet normal 0 0 1
    outer loop
      vertex 54.5 59.5 24.7
      vertex 57.4389 58.5451 24.7
      vertex 57.1125 58.7632 24.7
    endloop
  endfacet
  facet normal 0 0 1
    outer loop
      vertex 59.5 54.5 24.7
      vertex 56.7921 8.99498 24.7
      vertex 57.3227 4.5114 24.7
    endloop
  endfacet
  facet normal 0 0 1
    outer loop
      vertex 54.5 59.5 24.7
      vertex 57.1125 58.7632 24.7
      vertex 56.77 58.955 24.7
    endloop
  endfacet
  facet normal 0 0 1
    outer loop
      vertex 54.5 59.5 24.7
      vertex 56.77 58.955 24.7
      vertex 56.4134 59.1194 24.7
    endloop
  endfacet
  facet normal 0 0 1
    outer loop
      vertex 54.5 59.5 24.7
      vertex 56.4134 59.1194 24.7
      vertex 56.0451 59.2553 24.7
    endloop
  endfacet
  facet normal 0 0 1
    outer loop
      vertex 59.5 54.5 24.7
      vertex 55.9113 13.4231 24.7
      vertex 56.7921 8.99498 24.7
    endloop
  endfacet
  facet normal 0 0 1
    outer loop
      vertex 54.5 59.5 24.7
      vertex 56.0451 59.2553 24.7
      vertex 55.6672 59.3618 24.7
    endloop
  endfacet
  facet normal 0 0 1
    outer loop
      vertex 54.5 59.5 24.7
      vertex 55.6672 59.3618 24.7
      vertex 55.2822 59.4384 24.7
    endloop
  endfacet
  facet normal 0 0 1
    outer loop
      vertex 54.5 59.5 24.7
      vertex 55.2822 59.4384 24.7
      vertex 54.8923 59.4846 24.7
    endloop
  endfacet
  facet normal 0 0 1
    outer loop
      vertex 59.5 54.5 24.7
      vertex 54.6857 17.7685 24.7
      vertex 55.9113 13.4231 24.7
    endloop
  endfacet
  facet normal 0 0 1
    outer loop
      vertex 59.5 54.5 24.7
      vertex 54.5 59.5 24.7
      vertex 40.6586 40.6586 24.7
    endloop
  endfacet
  facet normal 0 0 1
    outer loop
      vertex 59.5 54.5 24.7
      vertex 53.1231 22.0043 24.7
      vertex 54.6857 17.7685 24.7
    endloop
  endfacet
  facet normal 0 0 1
    outer loop
      vertex 59.5 54.5 24.7
      vertex 51.2329 26.1045 24.7
      vertex 53.1231 22.0043 24.7
    endloop
  endfacet
  facet normal 0 0 1
    outer loop
      vertex 59.5 54.5 24.7
      vertex 49.0268 30.0437 24.7
      vertex 51.2329 26.1045 24.7
    endloop
  endfacet
  facet normal 0 0 1
    outer loop
      vertex 59.5 54.5 24.7
      vertex 46.5185 33.7977 24.7
      vertex 49.0268 30.0437 24.7
    endloop
  endfacet
  facet normal 0 0 1
    outer loop
      vertex 59.5 54.5 24.7
      vertex 43.7233 37.3433 24.7
      vertex 46.5185 33.7977 24.7
    endloop
  endfacet
  facet normal 0 0 1
    outer loop
      vertex 59.5 54.5 24.7
      vertex 40.6586 40.6586 24.7
      vertex 43.7233 37.3433 24.7
    endloop
  endfacet
  facet normal 0 0 1
    outer loop
      vertex 54.5 59.5 24.7
      vertex 37.3433 43.7233 24.7
      vertex 40.6586 40.6586 24.7
    endloop
  endfacet
  facet normal 0 0 1
    outer loop
      vertex 54.5 59.5 24.7
      vertex 33.7977 46.5185 24.7
      vertex 37.3433 43.7233 24.7
    endloop
  endfacet
  facet normal 0 0 1
    outer loop
      vertex 54.5 59.5 24.7
      vertex 30.0437 49.0268 24.7
      vertex 33.7977 46.5185 24.7
    endloop
  endfacet
  facet normal 0 0 1
    outer loop
      vertex 54.5 59.5 24.7
      vertex 26.1045 51.2329 24.7
      vertex 30.0437 49.0268 24.7
    endloop
  endfacet
  facet normal 0 0 1
    outer loop
      vertex 54.5 59.5 24.7
      vertex 22.0043 53.1231 24.7
      vertex 26.1045 51.2329 24.7
    endloop
  endfacet
  facet normal 0 0 1
    outer loop
      vertex 54.5 59.5 24.7
      vertex 17.7685 54.6857 24.7
      vertex 22.0043 53.1231 24.7
    endloop
  endfacet
  facet normal 0 0 1
    outer loop
      vertex 54.5 59.5 24.7
      vertex 13.4231 55.9113 24.7
      vertex 17.7685 54.6857 24.7
    endloop
  endfacet
  facet normal 0 0 1
    outer loop
      vertex 54.5 59.5 24.7
      vertex 8.99498 56.7921 24.7
      vertex 13.4231 55.9113 24.7
    endloop
  endfacet
  facet normal 0 0 1
    outer loop
      vertex 54.5 59.5 24.7
      vertex 4.5114 57.3227 24.7
      vertex 8.99498 56.7921 24.7
    endloop
  endfacet
  facet normal 0 0 1
    outer loop
      vertex 54.5 59.5 24.7
      vertex 0 57.5 24.7
      vertex 4.5114 57.3227 24.7
    endloop
  endfacet
  facet normal -0 0 1
    outer loop
      vertex -54.5 59.5 24.7
      vertex 0 57.5 24.7
      vertex 54.5 59.5 24.7
    endloop
  endfacet
  facet normal 0 0 1
    outer loop
      vertex -54.5 59.5 24.7
      vertex -4.5114 57.3227 24.7
      vertex 0 57.5 24.7
    endloop
  endfacet
  facet normal 0 0 1
    outer loop
      vertex -54.5 59.5 24.7
      vertex -8.99498 56.7921 24.7
      vertex -4.5114 57.3227 24.7
    endloop
  endfacet
  facet normal 0 0 1
    outer loop
      vertex -54.5 59.5 24.7
      vertex -13.4231 55.9113 24.7
      vertex -8.99498 56.7921 24.7
    endloop
  endfacet
  facet normal 0 0 1
    outer loop
      vertex -54.5 59.5 24.7
      vertex -17.7685 54.6857 24.7
      vertex -13.4231 55.9113 24.7
    endloop
  endfacet
  facet normal 0 0 1
    outer loop
      vertex -54.5 59.5 24.7
      vertex -22.0043 53.1231 24.7
      vertex -17.7685 54.6857 24.7
    endloop
  endfacet
  facet normal 0 0 1
    outer loop
      vertex -54.5 59.5 24.7
      vertex -26.1045 51.2329 24.7
      vertex -22.0043 53.1231 24.7
    endloop
  endfacet
  facet normal 0 0 1
    outer loop
      vertex -54.5 59.5 24.7
      vertex -30.0437 49.0268 24.7
      vertex -26.1045 51.2329 24.7
    endloop
  endfacet
  facet normal 0 0 1
    outer loop
      vertex -54.5 59.5 24.7
      vertex -33.7977 46.5185 24.7
      vertex -30.0437 49.0268 24.7
    endloop
  endfacet
  facet normal 0 0 1
    outer loop
      vertex -54.5 59.5 24.7
      vertex -37.3433 43.7233 24.7
      vertex -33.7977 46.5185 24.7
    endloop
  endfacet
  facet normal 0 0 1
    outer loop
      vertex -54.5 59.5 24.7
      vertex -40.6586 40.6586 24.7
      vertex -37.3433 43.7233 24.7
    endloop
  endfacet
  facet normal -0 0 1
    outer loop
      vertex -59.5 54.5 24.7
      vertex -40.6586 40.6586 24.7
      vertex -54.5 59.5 24.7
    endloop
  endfacet
  facet normal 0 0 1
    outer loop
      vertex -40.6586 40.6586 24.7
      vertex -59.5 54.5 24.7
      vertex -43.7233 37.3433 24.7
    endloop
  endfacet
  facet normal 0 0 1
    outer loop
      vertex -43.7233 37.3433 24.7
      vertex -59.5 54.5 24.7
      vertex -46.5185 33.7977 24.7
    endloop
  endfacet
  facet normal 0 0 1
    outer loop
      vertex -46.5185 33.7977 24.7
      vertex -59.5 54.5 24.7
      vertex -49.0268 30.0437 24.7
    endloop
  endfacet
  facet normal 0 0 1
    outer loop
      vertex -49.0268 30.0437 24.7
      vertex -59.5 54.5 24.7
      vertex -51.2329 26.1045 24.7
    endloop
  endfacet
  facet normal 0 0 1
    outer loop
      vertex -51.2329 26.1045 24.7
      vertex -59.5 54.5 24.7
      vertex -53.1231 22.0043 24.7
    endloop
  endfacet
  facet normal 0 0 1
    outer loop
      vertex -59.5 54.5 24.7
      vertex -54.5 59.5 24.7
      vertex -54.8923 59.4846 24.7
    endloop
  endfacet
  facet normal 0 0 1
    outer loop
      vertex -59.5 54.5 24.7
      vertex -54.8923 59.4846 24.7
      vertex -55.2822 59.4384 24.7
    endloop
  endfacet
  facet normal 0 0 1
    outer loop
      vertex -59.5 54.5 24.7
      vertex -55.2822 59.4384 24.7
      vertex -55.6672 59.3618 24.7
    endloop
  endfacet
  facet normal 0 0 1
    outer loop
      vertex -53.1231 22.0043 24.7
      vertex -59.5 54.5 24.7
      vertex -54.6857 17.7685 24.7
    endloop
  endfacet
  facet normal 0 0 1
    outer loop
      vertex -59.5 54.5 24.7
      vertex -55.6672 59.3618 24.7
      vertex -56.0451 59.2553 24.7
    endloop
  endfacet
  facet normal 0 0 1
    outer loop
      vertex -59.5 54.5 24.7
      vertex -56.0451 59.2553 24.7
      vertex -56.4134 59.1194 24.7
    endloop
  endfacet
  facet normal 0 0 1
    outer loop
      vertex -59.5 54.5 24.7
      vertex -56.4134 59.1194 24.7
      vertex -56.77 58.955 24.7
    endloop
  endfacet
  facet normal 0 0 1
    outer loop
      vertex -54.6857 17.7685 24.7
      vertex -59.5 54.5 24.7
      vertex -55.9113 13.4231 24.7
    endloop
  endfacet
  facet normal 0 0 1
    outer loop
      vertex -59.5 54.5 24.7
      vertex -56.77 58.955 24.7
      vertex -57.1125 58.7632 24.7
    endloop
  endfacet
  facet normal 0 0 1
    outer loop
      vertex -55.9113 13.4231 24.7
      vertex -59.5 54.5 24.7
      vertex -56.7921 8.99498 24.7
    endloop
  endfacet
  facet normal 0 0 1
    outer loop
      vertex -59.5 54.5 24.7
      vertex -57.1125 58.7632 24.7
      vertex -57.4389 58.5451 24.7
    endloop
  endfacet
  facet normal 0 0 1
    outer loop
      vertex -56.7921 8.99498 24.7
      vertex -59.5 54.5 24.7
      vertex -57.3227 4.5114 24.7
    endloop
  endfacet
  facet normal 0 0 1
    outer loop
      vertex -59.5 54.5 24.7
      vertex -57.4389 58.5451 24.7
      vertex -57.7472 58.302 24.7
    endloop
  endfacet
  facet normal 0 0 1
    outer loop
      vertex 59.5 -54.5 24.7
      vertex 54.5 -59.5 24.7
      vertex 59.4846 -54.8923 24.7
    endloop
  endfacet
  facet normal 0 0 1
    outer loop
      vertex 59.4846 -54.8923 24.7
      vertex 54.5 -59.5 24.7
      vertex 59.4384 -55.2822 24.7
    endloop
  endfacet
  facet normal 0 0 1
    outer loop
      vertex 59.4384 -55.2822 24.7
      vertex 54.5 -59.5 24.7
      vertex 59.3618 -55.6672 24.7
    endloop
  endfacet
  facet normal 0 0 1
    outer loop
      vertex 59.3618 -55.6672 24.7
      vertex 54.5 -59.5 24.7
      vertex 59.2553 -56.0451 24.7
    endloop
  endfacet
  facet normal 0 0 1
    outer loop
      vertex 59.2553 -56.0451 24.7
      vertex 54.5 -59.5 24.7
      vertex 59.1194 -56.4134 24.7
    endloop
  endfacet
  facet normal 0 0 1
    outer loop
      vertex 59.1194 -56.4134 24.7
      vertex 54.5 -59.5 24.7
      vertex 58.955 -56.77 24.7
    endloop
  endfacet
  facet normal 0 0 1
    outer loop
      vertex 58.955 -56.77 24.7
      vertex 54.5 -59.5 24.7
      vertex 58.7632 -57.1125 24.7
    endloop
  endfacet
  facet normal 0 0 1
    outer loop
      vertex 58.5451 -57.4389 24.7
      vertex 54.5 -59.5 24.7
      vertex 58.302 -57.7472 24.7
    endloop
  endfacet
  facet normal 0 0 1
    outer loop
      vertex 58.302 -57.7472 24.7
      vertex 54.5 -59.5 24.7
      vertex 58.0355 -58.0355 24.7
    endloop
  endfacet
  facet normal 0 0 1
    outer loop
      vertex 58.0355 -58.0355 24.7
      vertex 54.5 -59.5 24.7
      vertex 57.7472 -58.302 24.7
    endloop
  endfacet
  facet normal 0 0 1
    outer loop
      vertex 57.7472 -58.302 24.7
      vertex 54.5 -59.5 24.7
      vertex 57.4389 -58.5451 24.7
    endloop
  endfacet
  facet normal 0 0 1
    outer loop
      vertex 57.4389 -58.5451 24.7
      vertex 54.5 -59.5 24.7
      vertex 57.1125 -58.7632 24.7
    endloop
  endfacet
  facet normal 0 0 1
    outer loop
      vertex 57.1125 -58.7632 24.7
      vertex 54.5 -59.5 24.7
      vertex 56.77 -58.955 24.7
    endloop
  endfacet
  facet normal 0 0 1
    outer loop
      vertex 56.77 -58.955 24.7
      vertex 54.5 -59.5 24.7
      vertex 56.4134 -59.1194 24.7
    endloop
  endfacet
  facet normal 0 0 1
    outer loop
      vertex 56.4134 -59.1194 24.7
      vertex 54.5 -59.5 24.7
      vertex 56.0451 -59.2553 24.7
    endloop
  endfacet
  facet normal 0 0 1
    outer loop
      vertex 56.0451 -59.2553 24.7
      vertex 54.5 -59.5 24.7
      vertex 55.6672 -59.3618 24.7
    endloop
  endfacet
  facet normal 0 0 1
    outer loop
      vertex 55.6672 -59.3618 24.7
      vertex 54.5 -59.5 24.7
      vertex 55.2822 -59.4384 24.7
    endloop
  endfacet
  facet normal 0 0 1
    outer loop
      vertex 55.2822 -59.4384 24.7
      vertex 54.5 -59.5 24.7
      vertex 54.8923 -59.4846 24.7
    endloop
  endfacet
  facet normal 0 0 1
    outer loop
      vertex 58.7632 -57.1125 24.7
      vertex 54.5 -59.5 24.7
      vertex 58.5451 -57.4389 24.7
    endloop
  endfacet
  facet normal -0 0 1
    outer loop
      vertex 37.3433 -43.7233 24.7
      vertex 54.5 -59.5 24.7
      vertex 40.6586 -40.6586 24.7
    endloop
  endfacet
  facet normal -0 0 1
    outer loop
      vertex 33.7977 -46.5185 24.7
      vertex 54.5 -59.5 24.7
      vertex 37.3433 -43.7233 24.7
    endloop
  endfacet
  facet normal -0 0 1
    outer loop
      vertex 30.0437 -49.0268 24.7
      vertex 54.5 -59.5 24.7
      vertex 33.7977 -46.5185 24.7
    endloop
  endfacet
  facet normal -0 0 1
    outer loop
      vertex 26.1045 -51.2329 24.7
      vertex 54.5 -59.5 24.7
      vertex 30.0437 -49.0268 24.7
    endloop
  endfacet
  facet normal -0 0 1
    outer loop
      vertex 22.0043 -53.1231 24.7
      vertex 54.5 -59.5 24.7
      vertex 26.1045 -51.2329 24.7
    endloop
  endfacet
  facet normal -0 0 1
    outer loop
      vertex 17.7685 -54.6857 24.7
      vertex 54.5 -59.5 24.7
      vertex 22.0043 -53.1231 24.7
    endloop
  endfacet
  facet normal -0 0 1
    outer loop
      vertex 13.4231 -55.9113 24.7
      vertex 54.5 -59.5 24.7
      vertex 17.7685 -54.6857 24.7
    endloop
  endfacet
  facet normal -0 0 1
    outer loop
      vertex 8.99498 -56.7921 24.7
      vertex 54.5 -59.5 24.7
      vertex 13.4231 -55.9113 24.7
    endloop
  endfacet
  facet normal -0 0 1
    outer loop
      vertex 4.5114 -57.3227 24.7
      vertex 54.5 -59.5 24.7
      vertex 8.99498 -56.7921 24.7
    endloop
  endfacet
  facet normal -0 0 1
    outer loop
      vertex 0 -57.5 24.7
      vertex 54.5 -59.5 24.7
      vertex 4.5114 -57.3227 24.7
    endloop
  endfacet
  facet normal 0 0 1
    outer loop
      vertex 0 -57.5 24.7
      vertex -54.5 -59.5 24.7
      vertex 54.5 -59.5 24.7
    endloop
  endfacet
  facet normal 0 0 1
    outer loop
      vertex -4.5114 -57.3227 24.7
      vertex -54.5 -59.5 24.7
      vertex 0 -57.5 24.7
    endloop
  endfacet
  facet normal 0 0 1
    outer loop
      vertex -8.99498 -56.7921 24.7
      vertex -54.5 -59.5 24.7
      vertex -4.5114 -57.3227 24.7
    endloop
  endfacet
  facet normal 0 0 1
    outer loop
      vertex -13.4231 -55.9113 24.7
      vertex -54.5 -59.5 24.7
      vertex -8.99498 -56.7921 24.7
    endloop
  endfacet
  facet normal 0 0 1
    outer loop
      vertex -17.7685 -54.6857 24.7
      vertex -54.5 -59.5 24.7
      vertex -13.4231 -55.9113 24.7
    endloop
  endfacet
  facet normal 0 0 1
    outer loop
      vertex -22.0043 -53.1231 24.7
      vertex -54.5 -59.5 24.7
      vertex -17.7685 -54.6857 24.7
    endloop
  endfacet
  facet normal 0 0 1
    outer loop
      vertex -26.1045 -51.2329 24.7
      vertex -54.5 -59.5 24.7
      vertex -22.0043 -53.1231 24.7
    endloop
  endfacet
  facet normal 0 0 1
    outer loop
      vertex -30.0437 -49.0268 24.7
      vertex -54.5 -59.5 24.7
      vertex -26.1045 -51.2329 24.7
    endloop
  endfacet
  facet normal 0 0 1
    outer loop
      vertex -33.7977 -46.5185 24.7
      vertex -54.5 -59.5 24.7
      vertex -30.0437 -49.0268 24.7
    endloop
  endfacet
  facet normal 0 0 1
    outer loop
      vertex -37.3433 -43.7233 24.7
      vertex -54.5 -59.5 24.7
      vertex -33.7977 -46.5185 24.7
    endloop
  endfacet
  facet normal 0 0 1
    outer loop
      vertex -40.6586 -40.6586 24.7
      vertex -54.5 -59.5 24.7
      vertex -37.3433 -43.7233 24.7
    endloop
  endfacet
  facet normal 0 0 1
    outer loop
      vertex -59.5 -54.5 24.7
      vertex -40.6586 -40.6586 24.7
      vertex -43.7233 -37.3433 24.7
    endloop
  endfacet
  facet normal 0 0 1
    outer loop
      vertex -59.5 -54.5 24.7
      vertex -43.7233 -37.3433 24.7
      vertex -46.5185 -33.7977 24.7
    endloop
  endfacet
  facet normal 0 0 1
    outer loop
      vertex -59.5 -54.5 24.7
      vertex -46.5185 -33.7977 24.7
      vertex -49.0268 -30.0437 24.7
    endloop
  endfacet
  facet normal 0 0 1
    outer loop
      vertex -59.5 -54.5 24.7
      vertex -49.0268 -30.0437 24.7
      vertex -51.2329 -26.1045 24.7
    endloop
  endfacet
  facet normal 0 0 1
    outer loop
      vertex -59.5 -54.5 24.7
      vertex -51.2329 -26.1045 24.7
      vertex -53.1231 -22.0043 24.7
    endloop
  endfacet
  facet normal 0 0 1
    outer loop
      vertex -59.5 -54.5 24.7
      vertex -53.1231 -22.0043 24.7
      vertex -54.6857 -17.7685 24.7
    endloop
  endfacet
  facet normal 0 0 1
    outer loop
      vertex -40.6586 -40.6586 24.7
      vertex -59.5 -54.5 24.7
      vertex -54.5 -59.5 24.7
    endloop
  endfacet
  facet normal 0 0 1
    outer loop
      vertex -54.5 -59.5 24.7
      vertex -59.5 -54.5 24.7
      vertex -54.8923 -59.4846 24.7
    endloop
  endfacet
  facet normal 0 0 1
    outer loop
      vertex -54.8923 -59.4846 24.7
      vertex -59.5 -54.5 24.7
      vertex -55.2822 -59.4384 24.7
    endloop
  endfacet
  facet normal 0 0 1
    outer loop
      vertex -59.5 -54.5 24.7
      vertex -54.6857 -17.7685 24.7
      vertex -55.9113 -13.4231 24.7
    endloop
  endfacet
  facet normal 0 0 1
    outer loop
      vertex -55.2822 -59.4384 24.7
      vertex -59.5 -54.5 24.7
      vertex -55.6672 -59.3618 24.7
    endloop
  endfacet
  facet normal 0 0 1
    outer loop
      vertex -55.6672 -59.3618 24.7
      vertex -59.5 -54.5 24.7
      vertex -56.0451 -59.2553 24.7
    endloop
  endfacet
  facet normal 0 0 1
    outer loop
      vertex -56.0451 -59.2553 24.7
      vertex -59.5 -54.5 24.7
      vertex -56.4134 -59.1194 24.7
    endloop
  endfacet
  facet normal 0 0 1
    outer loop
      vertex -59.5 -54.5 24.7
      vertex -55.9113 -13.4231 24.7
      vertex -56.7921 -8.99498 24.7
    endloop
  endfacet
  facet normal 0 0 1
    outer loop
      vertex -56.4134 -59.1194 24.7
      vertex -59.5 -54.5 24.7
      vertex -56.77 -58.955 24.7
    endloop
  endfacet
  facet normal 0 0 1
    outer loop
      vertex -59.5 -54.5 24.7
      vertex -56.7921 -8.99498 24.7
      vertex -57.3227 -4.5114 24.7
    endloop
  endfacet
  facet normal 0 0 1
    outer loop
      vertex -56.77 -58.955 24.7
      vertex -59.5 -54.5 24.7
      vertex -57.1125 -58.7632 24.7
    endloop
  endfacet
  facet normal 0 0 1
    outer loop
      vertex -59.5 -54.5 24.7
      vertex -57.3227 -4.5114 24.7
      vertex -57.5 0 24.7
    endloop
  endfacet
  facet normal 0 0 1
    outer loop
      vertex -57.3227 4.5114 24.7
      vertex -59.5 54.5 24.7
      vertex -57.5 0 24.7
    endloop
  endfacet
  facet normal 0 0 1
    outer loop
      vertex -59.5 -54.5 24.7
      vertex -57.5 0 24.7
      vertex -59.5 54.5 24.7
    endloop
  endfacet
  facet normal 0 0 1
    outer loop
      vertex -59.5 54.5 24.7
      vertex -57.7472 58.302 24.7
      vertex -58.0355 58.0355 24.7
    endloop
  endfacet
  facet normal 0 0 1
    outer loop
      vertex -57.1125 -58.7632 24.7
      vertex -59.5 -54.5 24.7
      vertex -57.4389 -58.5451 24.7
    endloop
  endfacet
  facet normal 0 0 1
    outer loop
      vertex -59.5 54.5 24.7
      vertex -58.0355 58.0355 24.7
      vertex -58.302 57.7472 24.7
    endloop
  endfacet
  facet normal 0 0 1
    outer loop
      vertex -57.4389 -58.5451 24.7
      vertex -59.5 -54.5 24.7
      vertex -57.7472 -58.302 24.7
    endloop
  endfacet
  facet normal 0 0 1
    outer loop
      vertex -59.5 54.5 24.7
      vertex -58.302 57.7472 24.7
      vertex -58.5451 57.4389 24.7
    endloop
  endfacet
  facet normal 0 0 1
    outer loop
      vertex -57.7472 -58.302 24.7
      vertex -59.5 -54.5 24.7
      vertex -58.0355 -58.0355 24.7
    endloop
  endfacet
  facet normal 0 0 1
    outer loop
      vertex -59.5 54.5 24.7
      vertex -58.5451 57.4389 24.7
      vertex -58.7632 57.1125 24.7
    endloop
  endfacet
  facet normal 0 0 1
    outer loop
      vertex -58.0355 -58.0355 24.7
      vertex -59.5 -54.5 24.7
      vertex -58.302 -57.7472 24.7
    endloop
  endfacet
  facet normal 0 0 1
    outer loop
      vertex -59.5 54.5 24.7
      vertex -58.7632 57.1125 24.7
      vertex -58.955 56.77 24.7
    endloop
  endfacet
  facet normal 0 0 1
    outer loop
      vertex -58.302 -57.7472 24.7
      vertex -59.5 -54.5 24.7
      vertex -58.5451 -57.4389 24.7
    endloop
  endfacet
  facet normal 0 0 1
    outer loop
      vertex -59.5 54.5 24.7
      vertex -58.955 56.77 24.7
      vertex -59.1194 56.4134 24.7
    endloop
  endfacet
  facet normal 0 0 1
    outer loop
      vertex -58.5451 -57.4389 24.7
      vertex -59.5 -54.5 24.7
      vertex -58.7632 -57.1125 24.7
    endloop
  endfacet
  facet normal 0 0 1
    outer loop
      vertex -59.5 54.5 24.7
      vertex -59.1194 56.4134 24.7
      vertex -59.2553 56.0451 24.7
    endloop
  endfacet
  facet normal 0 0 1
    outer loop
      vertex -58.7632 -57.1125 24.7
      vertex -59.5 -54.5 24.7
      vertex -58.955 -56.77 24.7
    endloop
  endfacet
  facet normal 0 0 1
    outer loop
      vertex -59.5 54.5 24.7
      vertex -59.2553 56.0451 24.7
      vertex -59.3618 55.6672 24.7
    endloop
  endfacet
  facet normal 0 0 1
    outer loop
      vertex -58.955 -56.77 24.7
      vertex -59.5 -54.5 24.7
      vertex -59.1194 -56.4134 24.7
    endloop
  endfacet
  facet normal 0 0 1
    outer loop
      vertex -59.5 54.5 24.7
      vertex -59.3618 55.6672 24.7
      vertex -59.4384 55.2822 24.7
    endloop
  endfacet
  facet normal 0 0 1
    outer loop
      vertex -59.1194 -56.4134 24.7
      vertex -59.5 -54.5 24.7
      vertex -59.2553 -56.0451 24.7
    endloop
  endfacet
  facet normal 0 0 1
    outer loop
      vertex -59.5 54.5 24.7
      vertex -59.4384 55.2822 24.7
      vertex -59.4846 54.8923 24.7
    endloop
  endfacet
  facet normal 0 0 1
    outer loop
      vertex -59.2553 -56.0451 24.7
      vertex -59.5 -54.5 24.7
      vertex -59.3618 -55.6672 24.7
    endloop
  endfacet
  facet normal 0 0 1
    outer loop
      vertex -59.3618 -55.6672 24.7
      vertex -59.5 -54.5 24.7
      vertex -59.4384 -55.2822 24.7
    endloop
  endfacet
  facet normal 0 0 1
    outer loop
      vertex -59.4384 -55.2822 24.7
      vertex -59.5 -54.5 24.7
      vertex -59.4846 -54.8923 24.7
    endloop
  endfacet
  facet normal 0.908138 -0.418671 0
    outer loop
      vertex 58.955 -56.77 24.7
      vertex 59.1194 -56.4134 0
      vertex 59.1194 -56.4134 24.7
    endloop
  endfacet
  facet normal 0.908138 -0.418671 0
    outer loop
      vertex 59.1194 -56.4134 0
      vertex 58.955 -56.77 24.7
      vertex 58.955 -56.77 0
    endloop
  endfacet
  facet normal -0.980776 -0.195136 0
    outer loop
      vertex -59.3618 -55.6672 0
      vertex -59.4384 -55.2822 24.7
      vertex -59.4384 -55.2822 0
    endloop
  endfacet
  facet normal -0.980776 -0.195136 0
    outer loop
      vertex -59.4384 -55.2822 24.7
      vertex -59.3618 -55.6672 0
      vertex -59.3618 -55.6672 24.7
    endloop
  endfacet
  facet normal -0.99307 -0.117523 0
    outer loop
      vertex 57.3227 4.5114 0
      vertex 56.7921 8.99498 24.7
      vertex 56.7921 8.99498 0
    endloop
  endfacet
  facet normal -0.99307 -0.117523 0
    outer loop
      vertex 56.7921 8.99498 24.7
      vertex 57.3227 4.5114 0
      vertex 57.3227 4.5114 24.7
    endloop
  endfacet
  facet normal -0.999229 -0.0392701 0
    outer loop
      vertex 57.5 0 0
      vertex 57.3227 4.5114 24.7
      vertex 57.3227 4.5114 0
    endloop
  endfacet
  facet normal -0.999229 -0.0392701 0
    outer loop
      vertex 57.3227 4.5114 24.7
      vertex 57.5 0 0
      vertex 57.5 0 24.7
    endloop
  endfacet
  facet normal -0.980786 -0.195089 0
    outer loop
      vertex 56.7921 8.99498 0
      vertex 55.9113 13.4231 24.7
      vertex 55.9113 13.4231 0
    endloop
  endfacet
  facet normal -0.980786 -0.195089 0
    outer loop
      vertex 55.9113 13.4231 24.7
      vertex 56.7921 8.99498 0
      vertex 56.7921 8.99498 24.7
    endloop
  endfacet
  facet normal 0.117523 -0.99307 0
    outer loop
      vertex -8.99498 56.7921 0
      vertex -4.5114 57.3227 24.7
      vertex -8.99498 56.7921 24.7
    endloop
  endfacet
  facet normal 0.117523 -0.99307 0
    outer loop
      vertex -4.5114 57.3227 24.7
      vertex -8.99498 56.7921 0
      vertex -4.5114 57.3227 0
    endloop
  endfacet
  facet normal -0.619104 0.785309 0
    outer loop
      vertex 37.3433 -43.7233 0
      vertex 33.7977 -46.5185 24.7
      vertex 37.3433 -43.7233 24.7
    endloop
  endfacet
  facet normal -0.619104 0.785309 0
    outer loop
      vertex 33.7977 -46.5185 24.7
      vertex 37.3433 -43.7233 0
      vertex 33.7977 -46.5185 0
    endloop
  endfacet
  facet normal 0.872492 0.488628 0
    outer loop
      vertex -49.0268 -30.0437 24.7
      vertex -51.2329 -26.1045 0
      vertex -51.2329 -26.1045 24.7
    endloop
  endfacet
  facet normal 0.872492 0.488628 0
    outer loop
      vertex -51.2329 -26.1045 0
      vertex -49.0268 -30.0437 24.7
      vertex -49.0268 -30.0437 0
    endloop
  endfacet
  facet normal -0.418656 -0.908145 0
    outer loop
      vertex 22.0043 53.1231 0
      vertex 26.1045 51.2329 24.7
      vertex 22.0043 53.1231 24.7
    endloop
  endfacet
  facet normal -0.418656 -0.908145 -0
    outer loop
      vertex 26.1045 51.2329 24.7
      vertex 22.0043 53.1231 0
      vertex 26.1045 51.2329 0
    endloop
  endfacet
  facet normal -0.555564 0.831474 0
    outer loop
      vertex 33.7977 -46.5185 0
      vertex 30.0437 -49.0268 24.7
      vertex 33.7977 -46.5185 24.7
    endloop
  endfacet
  facet normal -0.555564 0.831474 0
    outer loop
      vertex 30.0437 -49.0268 24.7
      vertex 33.7977 -46.5185 0
      vertex 30.0437 -49.0268 0
    endloop
  endfacet
  facet normal 0.785309 0.619104 0
    outer loop
      vertex -43.7233 -37.3433 24.7
      vertex -46.5185 -33.7977 0
      vertex -46.5185 -33.7977 24.7
    endloop
  endfacet
  facet normal 0.785309 0.619104 0
    outer loop
      vertex -46.5185 -33.7977 0
      vertex -43.7233 -37.3433 24.7
      vertex -43.7233 -37.3433 0
    endloop
  endfacet
  facet normal 0.980786 0.195089 0
    outer loop
      vertex -55.9113 -13.4231 24.7
      vertex -56.7921 -8.99498 0
      vertex -56.7921 -8.99498 24.7
    endloop
  endfacet
  facet normal 0.980786 0.195089 0
    outer loop
      vertex -56.7921 -8.99498 0
      vertex -55.9113 -13.4231 24.7
      vertex -55.9113 -13.4231 0
    endloop
  endfacet
  facet normal -0.0392701 0.999229 0
    outer loop
      vertex 4.5114 -57.3227 0
      vertex 0 -57.5 24.7
      vertex 4.5114 -57.3227 24.7
    endloop
  endfacet
  facet normal -0.0392701 0.999229 0
    outer loop
      vertex 0 -57.5 24.7
      vertex 4.5114 -57.3227 0
      vertex 0 -57.5 0
    endloop
  endfacet
  facet normal -0.99307 0.117523 0
    outer loop
      vertex 56.7921 -8.99498 0
      vertex 57.3227 -4.5114 24.7
      vertex 57.3227 -4.5114 0
    endloop
  endfacet
  facet normal -0.99307 0.117523 0
    outer loop
      vertex 57.3227 -4.5114 24.7
      vertex 56.7921 -8.99498 0
      vertex 56.7921 -8.99498 24.7
    endloop
  endfacet
  facet normal 0.938196 0.346104 0
    outer loop
      vertex -53.1231 -22.0043 24.7
      vertex -54.6857 -17.7685 0
      vertex -54.6857 -17.7685 24.7
    endloop
  endfacet
  facet normal 0.938196 0.346104 0
    outer loop
      vertex -54.6857 -17.7685 0
      vertex -53.1231 -22.0043 24.7
      vertex -53.1231 -22.0043 0
    endloop
  endfacet
  facet normal -0.785309 0.619104 0
    outer loop
      vertex 43.7233 -37.3433 0
      vertex 46.5185 -33.7977 24.7
      vertex 46.5185 -33.7977 0
    endloop
  endfacet
  facet normal -0.785309 0.619104 0
    outer loop
      vertex 46.5185 -33.7977 24.7
      vertex 43.7233 -37.3433 0
      vertex 43.7233 -37.3433 24.7
    endloop
  endfacet
  facet normal -0.195089 -0.980786 0
    outer loop
      vertex 8.99498 56.7921 0
      vertex 13.4231 55.9113 24.7
      vertex 8.99498 56.7921 24.7
    endloop
  endfacet
  facet normal -0.195089 -0.980786 -0
    outer loop
      vertex 13.4231 55.9113 24.7
      vertex 8.99498 56.7921 0
      vertex 13.4231 55.9113 0
    endloop
  endfacet
  facet normal -0.962451 -0.271455 0
    outer loop
      vertex 55.9113 13.4231 0
      vertex 54.6857 17.7685 24.7
      vertex 54.6857 17.7685 0
    endloop
  endfacet
  facet normal -0.962451 -0.271455 0
    outer loop
      vertex 54.6857 17.7685 24.7
      vertex 55.9113 13.4231 0
      vertex 55.9113 13.4231 24.7
    endloop
  endfacet
  facet normal 0.619104 -0.785309 0
    outer loop
      vertex -37.3433 43.7233 0
      vertex -33.7977 46.5185 24.7
      vertex -37.3433 43.7233 24.7
    endloop
  endfacet
  facet normal 0.619104 -0.785309 0
    outer loop
      vertex -33.7977 46.5185 24.7
      vertex -37.3433 43.7233 0
      vertex -33.7977 46.5185 0
    endloop
  endfacet
  facet normal 0.872492 -0.488628 0
    outer loop
      vertex -51.2329 26.1045 24.7
      vertex -49.0268 30.0437 0
      vertex -49.0268 30.0437 24.7
    endloop
  endfacet
  facet normal 0.872492 -0.488628 0
    outer loop
      vertex -49.0268 30.0437 0
      vertex -51.2329 26.1045 24.7
      vertex -51.2329 26.1045 0
    endloop
  endfacet
  facet normal -0.734315 0.678809 0
    outer loop
      vertex 40.6586 -40.6586 0
      vertex 43.7233 -37.3433 24.7
      vertex 43.7233 -37.3433 0
    endloop
  endfacet
  facet normal -0.734315 0.678809 0
    outer loop
      vertex 43.7233 -37.3433 24.7
      vertex 40.6586 -40.6586 0
      vertex 40.6586 -40.6586 24.7
    endloop
  endfacet
  facet normal 0.418656 -0.908145 0
    outer loop
      vertex -26.1045 51.2329 0
      vertex -22.0043 53.1231 24.7
      vertex -26.1045 51.2329 24.7
    endloop
  endfacet
  facet normal 0.418656 -0.908145 0
    outer loop
      vertex -22.0043 53.1231 24.7
      vertex -26.1045 51.2329 0
      vertex -22.0043 53.1231 0
    endloop
  endfacet
  facet normal 0.271455 -0.962451 0
    outer loop
      vertex -17.7685 54.6857 0
      vertex -13.4231 55.9113 24.7
      vertex -17.7685 54.6857 24.7
    endloop
  endfacet
  facet normal 0.271455 -0.962451 0
    outer loop
      vertex -13.4231 55.9113 24.7
      vertex -17.7685 54.6857 0
      vertex -13.4231 55.9113 0
    endloop
  endfacet
  facet normal -0.418656 0.908145 0
    outer loop
      vertex 26.1045 -51.2329 0
      vertex 22.0043 -53.1231 24.7
      vertex 26.1045 -51.2329 24.7
    endloop
  endfacet
  facet normal -0.418656 0.908145 0
    outer loop
      vertex 22.0043 -53.1231 24.7
      vertex 26.1045 -51.2329 0
      vertex 22.0043 -53.1231 0
    endloop
  endfacet
  facet normal -0.908145 0.418656 0
    outer loop
      vertex 51.2329 -26.1045 0
      vertex 53.1231 -22.0043 24.7
      vertex 53.1231 -22.0043 0
    endloop
  endfacet
  facet normal -0.908145 0.418656 0
    outer loop
      vertex 53.1231 -22.0043 24.7
      vertex 51.2329 -26.1045 0
      vertex 51.2329 -26.1045 24.7
    endloop
  endfacet
  facet normal -0.938196 0.346104 0
    outer loop
      vertex 53.1231 -22.0043 0
      vertex 54.6857 -17.7685 24.7
      vertex 54.6857 -17.7685 0
    endloop
  endfacet
  facet normal -0.938196 0.346104 0
    outer loop
      vertex 54.6857 -17.7685 24.7
      vertex 53.1231 -22.0043 0
      vertex 53.1231 -22.0043 24.7
    endloop
  endfacet
  facet normal 0.962451 0.271455 0
    outer loop
      vertex -54.6857 -17.7685 24.7
      vertex -55.9113 -13.4231 0
      vertex -55.9113 -13.4231 24.7
    endloop
  endfacet
  facet normal 0.962451 0.271455 0
    outer loop
      vertex -55.9113 -13.4231 0
      vertex -54.6857 -17.7685 24.7
      vertex -54.6857 -17.7685 0
    endloop
  endfacet
  facet normal 0.99307 -0.117523 0
    outer loop
      vertex -57.3227 4.5114 24.7
      vertex -56.7921 8.99498 0
      vertex -56.7921 8.99498 24.7
    endloop
  endfacet
  facet normal 0.99307 -0.117523 0
    outer loop
      vertex -56.7921 8.99498 0
      vertex -57.3227 4.5114 24.7
      vertex -57.3227 4.5114 0
    endloop
  endfacet
  facet normal -0.619104 -0.785309 0
    outer loop
      vertex 33.7977 46.5185 0
      vertex 37.3433 43.7233 24.7
      vertex 33.7977 46.5185 24.7
    endloop
  endfacet
  facet normal -0.619104 -0.785309 -0
    outer loop
      vertex 37.3433 43.7233 24.7
      vertex 33.7977 46.5185 0
      vertex 37.3433 43.7233 0
    endloop
  endfacet
  facet normal 0.938196 -0.346104 0
    outer loop
      vertex -54.6857 17.7685 24.7
      vertex -53.1231 22.0043 0
      vertex -53.1231 22.0043 24.7
    endloop
  endfacet
  facet normal 0.938196 -0.346104 0
    outer loop
      vertex -53.1231 22.0043 0
      vertex -54.6857 17.7685 24.7
      vertex -54.6857 17.7685 0
    endloop
  endfacet
  facet normal -0.346104 -0.938196 0
    outer loop
      vertex 17.7685 54.6857 0
      vertex 22.0043 53.1231 24.7
      vertex 17.7685 54.6857 24.7
    endloop
  endfacet
  facet normal -0.346104 -0.938196 -0
    outer loop
      vertex 22.0043 53.1231 24.7
      vertex 17.7685 54.6857 0
      vertex 22.0043 53.1231 0
    endloop
  endfacet
  facet normal 0.555564 -0.831474 0
    outer loop
      vertex -33.7977 46.5185 0
      vertex -30.0437 49.0268 24.7
      vertex -33.7977 46.5185 24.7
    endloop
  endfacet
  facet normal 0.555564 -0.831474 0
    outer loop
      vertex -30.0437 49.0268 24.7
      vertex -33.7977 46.5185 0
      vertex -30.0437 49.0268 0
    endloop
  endfacet
  facet normal -0.938196 -0.346104 0
    outer loop
      vertex 54.6857 17.7685 0
      vertex 53.1231 22.0043 24.7
      vertex 53.1231 22.0043 0
    endloop
  endfacet
  facet normal -0.938196 -0.346104 0
    outer loop
      vertex 53.1231 22.0043 24.7
      vertex 54.6857 17.7685 0
      vertex 54.6857 17.7685 24.7
    endloop
  endfacet
  facet normal -0.872492 -0.488628 0
    outer loop
      vertex 51.2329 26.1045 0
      vertex 49.0268 30.0437 24.7
      vertex 49.0268 30.0437 0
    endloop
  endfacet
  facet normal -0.872492 -0.488628 0
    outer loop
      vertex 49.0268 30.0437 24.7
      vertex 51.2329 26.1045 0
      vertex 51.2329 26.1045 24.7
    endloop
  endfacet
  facet normal -0.678809 -0.734315 0
    outer loop
      vertex 37.3433 43.7233 0
      vertex 40.6586 40.6586 24.7
      vertex 37.3433 43.7233 24.7
    endloop
  endfacet
  facet normal -0.678809 -0.734315 -0
    outer loop
      vertex 40.6586 40.6586 24.7
      vertex 37.3433 43.7233 0
      vertex 40.6586 40.6586 0
    endloop
  endfacet
  facet normal -0.488628 0.872492 0
    outer loop
      vertex 30.0437 -49.0268 0
      vertex 26.1045 -51.2329 24.7
      vertex 30.0437 -49.0268 24.7
    endloop
  endfacet
  facet normal -0.488628 0.872492 0
    outer loop
      vertex 26.1045 -51.2329 24.7
      vertex 30.0437 -49.0268 0
      vertex 26.1045 -51.2329 0
    endloop
  endfacet
  facet normal 0.271455 0.962451 -0
    outer loop
      vertex -13.4231 -55.9113 0
      vertex -17.7685 -54.6857 24.7
      vertex -13.4231 -55.9113 24.7
    endloop
  endfacet
  facet normal 0.271455 0.962451 0
    outer loop
      vertex -17.7685 -54.6857 24.7
      vertex -13.4231 -55.9113 0
      vertex -17.7685 -54.6857 0
    endloop
  endfacet
  facet normal -0.488628 -0.872492 0
    outer loop
      vertex 26.1045 51.2329 0
      vertex 30.0437 49.0268 24.7
      vertex 26.1045 51.2329 24.7
    endloop
  endfacet
  facet normal -0.488628 -0.872492 -0
    outer loop
      vertex 30.0437 49.0268 24.7
      vertex 26.1045 51.2329 0
      vertex 30.0437 49.0268 0
    endloop
  endfacet
  facet normal -0.117523 0.99307 0
    outer loop
      vertex 8.99498 -56.7921 0
      vertex 4.5114 -57.3227 24.7
      vertex 8.99498 -56.7921 24.7
    endloop
  endfacet
  facet normal -0.117523 0.99307 0
    outer loop
      vertex 4.5114 -57.3227 24.7
      vertex 8.99498 -56.7921 0
      vertex 4.5114 -57.3227 0
    endloop
  endfacet
  facet normal -0.980786 0.195089 0
    outer loop
      vertex 55.9113 -13.4231 0
      vertex 56.7921 -8.99498 24.7
      vertex 56.7921 -8.99498 0
    endloop
  endfacet
  facet normal -0.980786 0.195089 0
    outer loop
      vertex 56.7921 -8.99498 24.7
      vertex 55.9113 -13.4231 0
      vertex 55.9113 -13.4231 24.7
    endloop
  endfacet
  facet normal -0.908145 -0.418656 0
    outer loop
      vertex 53.1231 22.0043 0
      vertex 51.2329 26.1045 24.7
      vertex 51.2329 26.1045 0
    endloop
  endfacet
  facet normal -0.908145 -0.418656 0
    outer loop
      vertex 51.2329 26.1045 24.7
      vertex 53.1231 22.0043 0
      vertex 53.1231 22.0043 24.7
    endloop
  endfacet
  facet normal 0.831474 0.555564 0
    outer loop
      vertex -46.5185 -33.7977 24.7
      vertex -49.0268 -30.0437 0
      vertex -49.0268 -30.0437 24.7
    endloop
  endfacet
  facet normal 0.831474 0.555564 0
    outer loop
      vertex -49.0268 -30.0437 0
      vertex -46.5185 -33.7977 24.7
      vertex -46.5185 -33.7977 0
    endloop
  endfacet
  facet normal -0.555564 -0.831474 0
    outer loop
      vertex 30.0437 49.0268 0
      vertex 33.7977 46.5185 24.7
      vertex 30.0437 49.0268 24.7
    endloop
  endfacet
  facet normal -0.555564 -0.831474 -0
    outer loop
      vertex 33.7977 46.5185 24.7
      vertex 30.0437 49.0268 0
      vertex 33.7977 46.5185 0
    endloop
  endfacet
  facet normal 0.488628 -0.872492 0
    outer loop
      vertex -30.0437 49.0268 0
      vertex -26.1045 51.2329 24.7
      vertex -30.0437 49.0268 24.7
    endloop
  endfacet
  facet normal 0.488628 -0.872492 0
    outer loop
      vertex -26.1045 51.2329 24.7
      vertex -30.0437 49.0268 0
      vertex -26.1045 51.2329 0
    endloop
  endfacet
  facet normal 0.195089 -0.980786 0
    outer loop
      vertex -13.4231 55.9113 0
      vertex -8.99498 56.7921 24.7
      vertex -13.4231 55.9113 24.7
    endloop
  endfacet
  facet normal 0.195089 -0.980786 0
    outer loop
      vertex -8.99498 56.7921 24.7
      vertex -13.4231 55.9113 0
      vertex -8.99498 56.7921 0
    endloop
  endfacet
  facet normal 0.678809 -0.734315 0
    outer loop
      vertex -40.6586 40.6586 0
      vertex -37.3433 43.7233 24.7
      vertex -40.6586 40.6586 24.7
    endloop
  endfacet
  facet normal 0.678809 -0.734315 0
    outer loop
      vertex -37.3433 43.7233 24.7
      vertex -40.6586 40.6586 0
      vertex -37.3433 43.7233 0
    endloop
  endfacet
  facet normal -0.785309 -0.619104 0
    outer loop
      vertex 46.5185 33.7977 0
      vertex 43.7233 37.3433 24.7
      vertex 43.7233 37.3433 0
    endloop
  endfacet
  facet normal -0.785309 -0.619104 0
    outer loop
      vertex 43.7233 37.3433 24.7
      vertex 46.5185 33.7977 0
      vertex 46.5185 33.7977 24.7
    endloop
  endfacet
  facet normal 0.831474 -0.555564 0
    outer loop
      vertex -49.0268 30.0437 24.7
      vertex -46.5185 33.7977 0
      vertex -46.5185 33.7977 24.7
    endloop
  endfacet
  facet normal 0.831474 -0.555564 0
    outer loop
      vertex -46.5185 33.7977 0
      vertex -49.0268 30.0437 24.7
      vertex -49.0268 30.0437 0
    endloop
  endfacet
  facet normal 0.346104 -0.938196 0
    outer loop
      vertex -22.0043 53.1231 0
      vertex -17.7685 54.6857 24.7
      vertex -22.0043 53.1231 24.7
    endloop
  endfacet
  facet normal 0.346104 -0.938196 0
    outer loop
      vertex -17.7685 54.6857 24.7
      vertex -22.0043 53.1231 0
      vertex -17.7685 54.6857 0
    endloop
  endfacet
  facet normal 0.999229 0.0392701 0
    outer loop
      vertex -57.3227 -4.5114 24.7
      vertex -57.5 0 0
      vertex -57.5 0 24.7
    endloop
  endfacet
  facet normal 0.999229 0.0392701 0
    outer loop
      vertex -57.5 0 0
      vertex -57.3227 -4.5114 24.7
      vertex -57.3227 -4.5114 0
    endloop
  endfacet
  facet normal 0.0392701 -0.999229 0
    outer loop
      vertex -4.5114 57.3227 0
      vertex 0 57.5 24.7
      vertex -4.5114 57.3227 24.7
    endloop
  endfacet
  facet normal 0.0392701 -0.999229 0
    outer loop
      vertex 0 57.5 24.7
      vertex -4.5114 57.3227 0
      vertex 0 57.5 0
    endloop
  endfacet
  facet normal -0.999229 0.0392701 0
    outer loop
      vertex 57.3227 -4.5114 0
      vertex 57.5 0 24.7
      vertex 57.5 0 0
    endloop
  endfacet
  facet normal -0.999229 0.0392701 0
    outer loop
      vertex 57.5 0 24.7
      vertex 57.3227 -4.5114 0
      vertex 57.3227 -4.5114 24.7
    endloop
  endfacet
  facet normal -0.346104 0.938196 0
    outer loop
      vertex 22.0043 -53.1231 0
      vertex 17.7685 -54.6857 24.7
      vertex 22.0043 -53.1231 24.7
    endloop
  endfacet
  facet normal -0.346104 0.938196 0
    outer loop
      vertex 17.7685 -54.6857 24.7
      vertex 22.0043 -53.1231 0
      vertex 17.7685 -54.6857 0
    endloop
  endfacet
  facet normal -0.271455 0.962451 0
    outer loop
      vertex 17.7685 -54.6857 0
      vertex 13.4231 -55.9113 24.7
      vertex 17.7685 -54.6857 24.7
    endloop
  endfacet
  facet normal -0.271455 0.962451 0
    outer loop
      vertex 13.4231 -55.9113 24.7
      vertex 17.7685 -54.6857 0
      vertex 13.4231 -55.9113 0
    endloop
  endfacet
  facet normal -0.831474 -0.555564 0
    outer loop
      vertex 49.0268 30.0437 0
      vertex 46.5185 33.7977 24.7
      vertex 46.5185 33.7977 0
    endloop
  endfacet
  facet normal -0.831474 -0.555564 0
    outer loop
      vertex 46.5185 33.7977 24.7
      vertex 49.0268 30.0437 0
      vertex 49.0268 30.0437 24.7
    endloop
  endfacet
  facet normal 0.908145 0.418656 0
    outer loop
      vertex -51.2329 -26.1045 24.7
      vertex -53.1231 -22.0043 0
      vertex -53.1231 -22.0043 24.7
    endloop
  endfacet
  facet normal 0.908145 0.418656 0
    outer loop
      vertex -53.1231 -22.0043 0
      vertex -51.2329 -26.1045 24.7
      vertex -51.2329 -26.1045 0
    endloop
  endfacet
  facet normal 0.962451 -0.271455 0
    outer loop
      vertex -55.9113 13.4231 24.7
      vertex -54.6857 17.7685 0
      vertex -54.6857 17.7685 24.7
    endloop
  endfacet
  facet normal 0.962451 -0.271455 0
    outer loop
      vertex -54.6857 17.7685 0
      vertex -55.9113 13.4231 24.7
      vertex -55.9113 13.4231 0
    endloop
  endfacet
  facet normal 0.488628 0.872492 -0
    outer loop
      vertex -26.1045 -51.2329 0
      vertex -30.0437 -49.0268 24.7
      vertex -26.1045 -51.2329 24.7
    endloop
  endfacet
  facet normal 0.488628 0.872492 0
    outer loop
      vertex -30.0437 -49.0268 24.7
      vertex -26.1045 -51.2329 0
      vertex -30.0437 -49.0268 0
    endloop
  endfacet
  facet normal 0.734315 0.678809 0
    outer loop
      vertex -40.6586 -40.6586 24.7
      vertex -43.7233 -37.3433 0
      vertex -43.7233 -37.3433 24.7
    endloop
  endfacet
  facet normal 0.734315 0.678809 0
    outer loop
      vertex -43.7233 -37.3433 0
      vertex -40.6586 -40.6586 24.7
      vertex -40.6586 -40.6586 0
    endloop
  endfacet
  facet normal -0.117523 -0.99307 0
    outer loop
      vertex 4.5114 57.3227 0
      vertex 8.99498 56.7921 24.7
      vertex 4.5114 57.3227 24.7
    endloop
  endfacet
  facet normal -0.117523 -0.99307 -0
    outer loop
      vertex 8.99498 56.7921 24.7
      vertex 4.5114 57.3227 0
      vertex 8.99498 56.7921 0
    endloop
  endfacet
  facet normal -0.0392701 -0.999229 0
    outer loop
      vertex 0 57.5 0
      vertex 4.5114 57.3227 24.7
      vertex 0 57.5 24.7
    endloop
  endfacet
  facet normal -0.0392701 -0.999229 -0
    outer loop
      vertex 4.5114 57.3227 24.7
      vertex 0 57.5 0
      vertex 4.5114 57.3227 0
    endloop
  endfacet
  facet normal -0.872492 0.488628 0
    outer loop
      vertex 49.0268 -30.0437 0
      vertex 51.2329 -26.1045 24.7
      vertex 51.2329 -26.1045 0
    endloop
  endfacet
  facet normal -0.872492 0.488628 0
    outer loop
      vertex 51.2329 -26.1045 24.7
      vertex 49.0268 -30.0437 0
      vertex 49.0268 -30.0437 24.7
    endloop
  endfacet
  facet normal -0.831474 0.555564 0
    outer loop
      vertex 46.5185 -33.7977 0
      vertex 49.0268 -30.0437 24.7
      vertex 49.0268 -30.0437 0
    endloop
  endfacet
  facet normal -0.831474 0.555564 0
    outer loop
      vertex 49.0268 -30.0437 24.7
      vertex 46.5185 -33.7977 0
      vertex 46.5185 -33.7977 24.7
    endloop
  endfacet
  facet normal 0.678809 0.734315 -0
    outer loop
      vertex -37.3433 -43.7233 0
      vertex -40.6586 -40.6586 24.7
      vertex -37.3433 -43.7233 24.7
    endloop
  endfacet
  facet normal 0.678809 0.734315 0
    outer loop
      vertex -40.6586 -40.6586 24.7
      vertex -37.3433 -43.7233 0
      vertex -40.6586 -40.6586 0
    endloop
  endfacet
  facet normal -0.734315 -0.678809 0
    outer loop
      vertex 43.7233 37.3433 0
      vertex 40.6586 40.6586 24.7
      vertex 40.6586 40.6586 0
    endloop
  endfacet
  facet normal -0.734315 -0.678809 0
    outer loop
      vertex 40.6586 40.6586 24.7
      vertex 43.7233 37.3433 0
      vertex 43.7233 37.3433 24.7
    endloop
  endfacet
  facet normal 0.980786 -0.195089 0
    outer loop
      vertex -56.7921 8.99498 24.7
      vertex -55.9113 13.4231 0
      vertex -55.9113 13.4231 24.7
    endloop
  endfacet
  facet normal 0.980786 -0.195089 0
    outer loop
      vertex -55.9113 13.4231 0
      vertex -56.7921 8.99498 24.7
      vertex -56.7921 8.99498 0
    endloop
  endfacet
  facet normal 0.346104 0.938196 -0
    outer loop
      vertex -17.7685 -54.6857 0
      vertex -22.0043 -53.1231 24.7
      vertex -17.7685 -54.6857 24.7
    endloop
  endfacet
  facet normal 0.346104 0.938196 0
    outer loop
      vertex -22.0043 -53.1231 24.7
      vertex -17.7685 -54.6857 0
      vertex -22.0043 -53.1231 0
    endloop
  endfacet
  facet normal 0.0392701 0.999229 -0
    outer loop
      vertex 0 -57.5 0
      vertex -4.5114 -57.3227 24.7
      vertex 0 -57.5 24.7
    endloop
  endfacet
  facet normal 0.0392701 0.999229 0
    outer loop
      vertex -4.5114 -57.3227 24.7
      vertex 0 -57.5 0
      vertex -4.5114 -57.3227 0
    endloop
  endfacet
  facet normal -0.271455 -0.962451 0
    outer loop
      vertex 13.4231 55.9113 0
      vertex 17.7685 54.6857 24.7
      vertex 13.4231 55.9113 24.7
    endloop
  endfacet
  facet normal -0.271455 -0.962451 -0
    outer loop
      vertex 17.7685 54.6857 24.7
      vertex 13.4231 55.9113 0
      vertex 17.7685 54.6857 0
    endloop
  endfacet
  facet normal -0.962451 0.271455 0
    outer loop
      vertex 54.6857 -17.7685 0
      vertex 55.9113 -13.4231 24.7
      vertex 55.9113 -13.4231 0
    endloop
  endfacet
  facet normal -0.962451 0.271455 0
    outer loop
      vertex 55.9113 -13.4231 24.7
      vertex 54.6857 -17.7685 0
      vertex 54.6857 -17.7685 24.7
    endloop
  endfacet
  facet normal 0.999229 -0.0392701 0
    outer loop
      vertex -57.5 0 24.7
      vertex -57.3227 4.5114 0
      vertex -57.3227 4.5114 24.7
    endloop
  endfacet
  facet normal 0.999229 -0.0392701 0
    outer loop
      vertex -57.3227 4.5114 0
      vertex -57.5 0 24.7
      vertex -57.5 0 0
    endloop
  endfacet
  facet normal 0.99307 0.117523 0
    outer loop
      vertex -56.7921 -8.99498 24.7
      vertex -57.3227 -4.5114 0
      vertex -57.3227 -4.5114 24.7
    endloop
  endfacet
  facet normal 0.99307 0.117523 0
    outer loop
      vertex -57.3227 -4.5114 0
      vertex -56.7921 -8.99498 24.7
      vertex -56.7921 -8.99498 0
    endloop
  endfacet
  facet normal 0.734315 -0.678809 0
    outer loop
      vertex -43.7233 37.3433 24.7
      vertex -40.6586 40.6586 0
      vertex -40.6586 40.6586 24.7
    endloop
  endfacet
  facet normal 0.734315 -0.678809 0
    outer loop
      vertex -40.6586 40.6586 0
      vertex -43.7233 37.3433 24.7
      vertex -43.7233 37.3433 0
    endloop
  endfacet
  facet normal 0.555564 0.831474 -0
    outer loop
      vertex -30.0437 -49.0268 0
      vertex -33.7977 -46.5185 24.7
      vertex -30.0437 -49.0268 24.7
    endloop
  endfacet
  facet normal 0.555564 0.831474 0
    outer loop
      vertex -33.7977 -46.5185 24.7
      vertex -30.0437 -49.0268 0
      vertex -33.7977 -46.5185 0
    endloop
  endfacet
  facet normal -0.678809 0.734315 0
    outer loop
      vertex 40.6586 -40.6586 0
      vertex 37.3433 -43.7233 24.7
      vertex 40.6586 -40.6586 24.7
    endloop
  endfacet
  facet normal -0.678809 0.734315 0
    outer loop
      vertex 37.3433 -43.7233 24.7
      vertex 40.6586 -40.6586 0
      vertex 37.3433 -43.7233 0
    endloop
  endfacet
  facet normal -0.195089 0.980786 0
    outer loop
      vertex 13.4231 -55.9113 0
      vertex 8.99498 -56.7921 24.7
      vertex 13.4231 -55.9113 24.7
    endloop
  endfacet
  facet normal -0.195089 0.980786 0
    outer loop
      vertex 8.99498 -56.7921 24.7
      vertex 13.4231 -55.9113 0
      vertex 8.99498 -56.7921 0
    endloop
  endfacet
  facet normal 0.619104 0.785309 -0
    outer loop
      vertex -33.7977 -46.5185 0
      vertex -37.3433 -43.7233 24.7
      vertex -33.7977 -46.5185 24.7
    endloop
  endfacet
  facet normal 0.619104 0.785309 0
    outer loop
      vertex -37.3433 -43.7233 24.7
      vertex -33.7977 -46.5185 0
      vertex -37.3433 -43.7233 0
    endloop
  endfacet
  facet normal 0.785309 -0.619104 0
    outer loop
      vertex -46.5185 33.7977 24.7
      vertex -43.7233 37.3433 0
      vertex -43.7233 37.3433 24.7
    endloop
  endfacet
  facet normal 0.785309 -0.619104 0
    outer loop
      vertex -43.7233 37.3433 0
      vertex -46.5185 33.7977 24.7
      vertex -46.5185 33.7977 0
    endloop
  endfacet
  facet normal 0.418656 0.908145 -0
    outer loop
      vertex -22.0043 -53.1231 0
      vertex -26.1045 -51.2329 24.7
      vertex -22.0043 -53.1231 24.7
    endloop
  endfacet
  facet normal 0.418656 0.908145 0
    outer loop
      vertex -26.1045 -51.2329 24.7
      vertex -22.0043 -53.1231 0
      vertex -26.1045 -51.2329 0
    endloop
  endfacet
  facet normal 0.195089 0.980786 -0
    outer loop
      vertex -8.99498 -56.7921 0
      vertex -13.4231 -55.9113 24.7
      vertex -8.99498 -56.7921 24.7
    endloop
  endfacet
  facet normal 0.195089 0.980786 0
    outer loop
      vertex -13.4231 -55.9113 24.7
      vertex -8.99498 -56.7921 0
      vertex -13.4231 -55.9113 0
    endloop
  endfacet
  facet normal 0.117523 0.99307 -0
    outer loop
      vertex -4.5114 -57.3227 0
      vertex -8.99498 -56.7921 24.7
      vertex -4.5114 -57.3227 24.7
    endloop
  endfacet
  facet normal 0.117523 0.99307 0
    outer loop
      vertex -8.99498 -56.7921 24.7
      vertex -4.5114 -57.3227 0
      vertex -8.99498 -56.7921 0
    endloop
  endfacet
  facet normal 0.908145 -0.418656 0
    outer loop
      vertex -53.1231 22.0043 24.7
      vertex -51.2329 26.1045 0
      vertex -51.2329 26.1045 24.7
    endloop
  endfacet
  facet normal 0.908145 -0.418656 0
    outer loop
      vertex -51.2329 26.1045 0
      vertex -53.1231 22.0043 24.7
      vertex -53.1231 22.0043 0
    endloop
  endfacet
endsolid OpenSCAD_Model
