solid OpenSCAD_Model
  facet normal 1 0 0
    outer loop
      vertex 70 0 74
      vertex 70 8 110
      vertex 70 0 110
    endloop
  endfacet
  facet normal 1 0 0
    outer loop
      vertex 70 8 110
      vertex 70 0 74
      vertex 70 8 70.5176
    endloop
  endfacet
  facet normal 1 0 0
    outer loop
      vertex 70 170 5.5
      vertex 70 157.365 5.5
      vertex 70 170 0
    endloop
  endfacet
  facet normal -1 0 0
    outer loop
      vertex 70 14.5 5.5
      vertex 70 119.06 22.1739
      vertex 70 120.519 5.5
    endloop
  endfacet
  facet normal -1 0 0
    outer loop
      vertex 70 8 70.5176
      vertex 70 14.5 5.5
      vertex 70 8 12
    endloop
  endfacet
  facet normal -1 0 0
    outer loop
      vertex 70 14.5 5.5
      vertex 70 8 70.5176
      vertex 70 119.06 22.1739
    endloop
  endfacet
  facet normal -1 0 0
    outer loop
      vertex 70 157.365 5.5
      vertex 70 143.607 5.5
      vertex 70 143.062 11.726
    endloop
  endfacet
  facet normal 1 0 0
    outer loop
      vertex 70 135.197 101.624
      vertex 70 119.06 22.1739
      vertex 70 143.062 11.726
    endloop
  endfacet
  facet normal 1 0 -0
    outer loop
      vertex 70 119.06 22.1739
      vertex 70 135.197 101.624
      vertex 70 112.284 99.6195
    endloop
  endfacet
  facet normal -0 0 1
    outer loop
      vertex 43.5 169.61 5.5
      vertex 70 157.365 5.5
      vertex 70 170 5.5
    endloop
  endfacet
  facet normal 0 0 1
    outer loop
      vertex 70 157.365 5.5
      vertex 43.5 169.61 5.5
      vertex 43.5 145.519 5.5
    endloop
  endfacet
  facet normal 0 0 1
    outer loop
      vertex 70 170 5.5
      vertex -43.5 169.61 5.5
      vertex 43.5 169.61 5.5
    endloop
  endfacet
  facet normal 0 0 1
    outer loop
      vertex -70 157.365 5.5
      vertex -43.5 169.61 5.5
      vertex -70 170 5.5
    endloop
  endfacet
  facet normal -0 0 1
    outer loop
      vertex -70 170 5.5
      vertex -43.5 169.61 5.5
      vertex 70 170 5.5
    endloop
  endfacet
  facet normal 0 0 1
    outer loop
      vertex 70 157.365 5.5
      vertex 43.5 145.519 5.5
      vertex 70 143.607 5.5
    endloop
  endfacet
  facet normal -0 0 1
    outer loop
      vertex -43.5 145.519 5.5
      vertex 70 143.607 5.5
      vertex 43.5 145.519 5.5
    endloop
  endfacet
  facet normal 0 0 1
    outer loop
      vertex -43.5 169.61 5.5
      vertex -70 157.365 5.5
      vertex -43.5 145.519 5.5
    endloop
  endfacet
  facet normal 0 0 1
    outer loop
      vertex -43.5 145.519 5.5
      vertex -70 143.607 5.5
      vertex 70 143.607 5.5
    endloop
  endfacet
  facet normal 0 0 1
    outer loop
      vertex -70 143.607 5.5
      vertex -43.5 145.519 5.5
      vertex -70 157.365 5.5
    endloop
  endfacet
  facet normal 0 0 1
    outer loop
      vertex 15 63.5 5.5
      vertex 20 63.5 5.5
      vertex 19.9239 65.2431 5.5
    endloop
  endfacet
  facet normal 0 0 1
    outer loop
      vertex 14.9429 64.8073 5.5
      vertex 19.9239 65.2431 5.5
      vertex 19.6962 66.973 5.5
    endloop
  endfacet
  facet normal 0 0 1
    outer loop
      vertex 20 63.5 5.5
      vertex 15 63.5 5.5
      vertex 19.9239 61.7569 5.5
    endloop
  endfacet
  facet normal 0 0 1
    outer loop
      vertex 14.7721 66.1047 5.5
      vertex 19.6962 66.973 5.5
      vertex 19.3185 68.6764 5.5
    endloop
  endfacet
  facet normal -0 0 1
    outer loop
      vertex 14.9429 62.1927 5.5
      vertex 19.9239 61.7569 5.5
      vertex 15 63.5 5.5
    endloop
  endfacet
  facet normal 0 0 1
    outer loop
      vertex 14.4889 67.3823 5.5
      vertex 19.3185 68.6764 5.5
      vertex 18.7939 70.3404 5.5
    endloop
  endfacet
  facet normal 0 0 1
    outer loop
      vertex 19.9239 61.7569 5.5
      vertex 14.9429 62.1927 5.5
      vertex 19.6962 60.027 5.5
    endloop
  endfacet
  facet normal 0 0 1
    outer loop
      vertex 14.0954 68.6303 5.5
      vertex 18.7939 70.3404 5.5
      vertex 18.1262 71.9524 5.5
    endloop
  endfacet
  facet normal -0 0 1
    outer loop
      vertex 14.7721 60.8953 5.5
      vertex 19.6962 60.027 5.5
      vertex 14.9429 62.1927 5.5
    endloop
  endfacet
  facet normal 0 0 1
    outer loop
      vertex 13.5946 69.8393 5.5
      vertex 18.1262 71.9524 5.5
      vertex 17.3205 73.5 5.5
    endloop
  endfacet
  facet normal 0 0 1
    outer loop
      vertex 19.6962 60.027 5.5
      vertex 14.7721 60.8953 5.5
      vertex 19.3185 58.3236 5.5
    endloop
  endfacet
  facet normal 0 0 1
    outer loop
      vertex 12.9904 71 5.5
      vertex 17.3205 73.5 5.5
      vertex 16.383 74.9715 5.5
    endloop
  endfacet
  facet normal -0 0 1
    outer loop
      vertex 14.4889 59.6177 5.5
      vertex 19.3185 58.3236 5.5
      vertex 14.7721 60.8953 5.5
    endloop
  endfacet
  facet normal 0 0 1
    outer loop
      vertex 12.2873 72.1036 5.5
      vertex 16.383 74.9715 5.5
      vertex 15.3209 76.3558 5.5
    endloop
  endfacet
  facet normal 0 0 1
    outer loop
      vertex 19.3185 58.3236 5.5
      vertex 14.4889 59.6177 5.5
      vertex 18.7939 56.6596 5.5
    endloop
  endfacet
  facet normal -0 0 1
    outer loop
      vertex 14.0954 58.3697 5.5
      vertex 18.7939 56.6596 5.5
      vertex 14.4889 59.6177 5.5
    endloop
  endfacet
  facet normal 0 0 1
    outer loop
      vertex 19.9239 65.2431 5.5
      vertex 14.9429 64.8073 5.5
      vertex 15 63.5 5.5
    endloop
  endfacet
  facet normal 0 0 1
    outer loop
      vertex 19.6962 66.973 5.5
      vertex 14.7721 66.1047 5.5
      vertex 14.9429 64.8073 5.5
    endloop
  endfacet
  facet normal 0 0 1
    outer loop
      vertex 19.3185 68.6764 5.5
      vertex 14.4889 67.3823 5.5
      vertex 14.7721 66.1047 5.5
    endloop
  endfacet
  facet normal 0 0 1
    outer loop
      vertex 11.4907 73.1418 5.5
      vertex 15.3209 76.3558 5.5
      vertex 14.1421 77.6421 5.5
    endloop
  endfacet
  facet normal 0 0 1
    outer loop
      vertex 18.7939 70.3404 5.5
      vertex 14.0954 68.6303 5.5
      vertex 14.4889 67.3823 5.5
    endloop
  endfacet
  facet normal 0 0 1
    outer loop
      vertex 18.1262 71.9524 5.5
      vertex 13.5946 69.8393 5.5
      vertex 14.0954 68.6303 5.5
    endloop
  endfacet
  facet normal 0 0 1
    outer loop
      vertex 17.3205 73.5 5.5
      vertex 12.9904 71 5.5
      vertex 13.5946 69.8393 5.5
    endloop
  endfacet
  facet normal 0 0 1
    outer loop
      vertex 10.6066 74.1066 5.5
      vertex 14.1421 77.6421 5.5
      vertex 12.8558 78.8209 5.5
    endloop
  endfacet
  facet normal 0 0 1
    outer loop
      vertex 16.383 74.9715 5.5
      vertex 12.2873 72.1036 5.5
      vertex 12.9904 71 5.5
    endloop
  endfacet
  facet normal 0 0 1
    outer loop
      vertex 15.3209 76.3558 5.5
      vertex 11.4907 73.1418 5.5
      vertex 12.2873 72.1036 5.5
    endloop
  endfacet
  facet normal 0 0 1
    outer loop
      vertex 9.64181 74.9907 5.5
      vertex 12.8558 78.8209 5.5
      vertex 11.4715 79.883 5.5
    endloop
  endfacet
  facet normal 0 0 1
    outer loop
      vertex 14.1421 77.6421 5.5
      vertex 10.6066 74.1066 5.5
      vertex 11.4907 73.1418 5.5
    endloop
  endfacet
  facet normal 0 0 1
    outer loop
      vertex 8.60365 75.7873 5.5
      vertex 11.4715 79.883 5.5
      vertex 10 80.8205 5.5
    endloop
  endfacet
  facet normal 0 0 1
    outer loop
      vertex 12.8558 78.8209 5.5
      vertex 9.64181 74.9907 5.5
      vertex 10.6066 74.1066 5.5
    endloop
  endfacet
  facet normal 0 0 1
    outer loop
      vertex 11.4715 79.883 5.5
      vertex 8.60365 75.7873 5.5
      vertex 9.64181 74.9907 5.5
    endloop
  endfacet
  facet normal 0 0 1
    outer loop
      vertex 7.5 76.4904 5.5
      vertex 10 80.8205 5.5
      vertex 8.45236 81.6262 5.5
    endloop
  endfacet
  facet normal 0 0 1
    outer loop
      vertex 10 80.8205 5.5
      vertex 7.5 76.4904 5.5
      vertex 8.60365 75.7873 5.5
    endloop
  endfacet
  facet normal 0 0 1
    outer loop
      vertex 6.33927 77.0946 5.5
      vertex 8.45236 81.6262 5.5
      vertex 6.8404 82.2939 5.5
    endloop
  endfacet
  facet normal 0 0 1
    outer loop
      vertex 8.45236 81.6262 5.5
      vertex 6.33927 77.0946 5.5
      vertex 7.5 76.4904 5.5
    endloop
  endfacet
  facet normal 0 0 1
    outer loop
      vertex 5.1303 77.5954 5.5
      vertex 6.8404 82.2939 5.5
      vertex 5.17638 82.8185 5.5
    endloop
  endfacet
  facet normal 0 0 1
    outer loop
      vertex 6.8404 82.2939 5.5
      vertex 5.1303 77.5954 5.5
      vertex 6.33927 77.0946 5.5
    endloop
  endfacet
  facet normal 0 0 1
    outer loop
      vertex 5.17638 82.8185 5.5
      vertex 3.88229 77.9889 5.5
      vertex 5.1303 77.5954 5.5
    endloop
  endfacet
  facet normal 0 0 1
    outer loop
      vertex 3.47296 83.1962 5.5
      vertex 3.88229 77.9889 5.5
      vertex 5.17638 82.8185 5.5
    endloop
  endfacet
  facet normal 0 0 1
    outer loop
      vertex 3.47296 83.1962 5.5
      vertex 2.60472 78.2721 5.5
      vertex 3.88229 77.9889 5.5
    endloop
  endfacet
  facet normal 0 0 1
    outer loop
      vertex 1.74311 83.4239 5.5
      vertex 2.60472 78.2721 5.5
      vertex 3.47296 83.1962 5.5
    endloop
  endfacet
  facet normal 0 0 1
    outer loop
      vertex 1.74311 83.4239 5.5
      vertex 1.30734 78.4429 5.5
      vertex 2.60472 78.2721 5.5
    endloop
  endfacet
  facet normal 0 0 1
    outer loop
      vertex 0 83.5 5.5
      vertex 1.30734 78.4429 5.5
      vertex 1.74311 83.4239 5.5
    endloop
  endfacet
  facet normal 0 0 1
    outer loop
      vertex 0 83.5 5.5
      vertex 0 78.5 5.5
      vertex 1.30734 78.4429 5.5
    endloop
  endfacet
  facet normal 0 0 1
    outer loop
      vertex 0 83.5 5.5
      vertex -1.30734 78.4429 5.5
      vertex 0 78.5 5.5
    endloop
  endfacet
  facet normal -0 0 1
    outer loop
      vertex -1.74311 83.4239 5.5
      vertex -1.30734 78.4429 5.5
      vertex 0 83.5 5.5
    endloop
  endfacet
  facet normal 0 0 1
    outer loop
      vertex -1.74311 83.4239 5.5
      vertex -2.60472 78.2721 5.5
      vertex -1.30734 78.4429 5.5
    endloop
  endfacet
  facet normal -0 0 1
    outer loop
      vertex -3.47296 83.1962 5.5
      vertex -2.60472 78.2721 5.5
      vertex -1.74311 83.4239 5.5
    endloop
  endfacet
  facet normal 0 0 1
    outer loop
      vertex -3.47296 83.1962 5.5
      vertex -3.88229 77.9889 5.5
      vertex -2.60472 78.2721 5.5
    endloop
  endfacet
  facet normal -0 0 1
    outer loop
      vertex -5.17638 82.8185 5.5
      vertex -3.88229 77.9889 5.5
      vertex -3.47296 83.1962 5.5
    endloop
  endfacet
  facet normal 0 0 1
    outer loop
      vertex -3.88229 77.9889 5.5
      vertex -5.17638 82.8185 5.5
      vertex -5.1303 77.5954 5.5
    endloop
  endfacet
  facet normal -0 0 1
    outer loop
      vertex -6.8404 82.2939 5.5
      vertex -5.1303 77.5954 5.5
      vertex -5.17638 82.8185 5.5
    endloop
  endfacet
  facet normal 0 0 1
    outer loop
      vertex -5.1303 77.5954 5.5
      vertex -6.8404 82.2939 5.5
      vertex -6.33927 77.0946 5.5
    endloop
  endfacet
  facet normal -0 0 1
    outer loop
      vertex -8.45236 81.6262 5.5
      vertex -6.33927 77.0946 5.5
      vertex -6.8404 82.2939 5.5
    endloop
  endfacet
  facet normal 0 0 1
    outer loop
      vertex -6.33927 77.0946 5.5
      vertex -8.45236 81.6262 5.5
      vertex -7.5 76.4904 5.5
    endloop
  endfacet
  facet normal -0 0 1
    outer loop
      vertex -10 80.8205 5.5
      vertex -7.5 76.4904 5.5
      vertex -8.45236 81.6262 5.5
    endloop
  endfacet
  facet normal 0 0 1
    outer loop
      vertex -7.5 76.4904 5.5
      vertex -10 80.8205 5.5
      vertex -8.60365 75.7873 5.5
    endloop
  endfacet
  facet normal -0 0 1
    outer loop
      vertex -11.4715 79.883 5.5
      vertex -8.60365 75.7873 5.5
      vertex -10 80.8205 5.5
    endloop
  endfacet
  facet normal 0 0 1
    outer loop
      vertex -8.60365 75.7873 5.5
      vertex -11.4715 79.883 5.5
      vertex -9.64181 74.9907 5.5
    endloop
  endfacet
  facet normal -0 0 1
    outer loop
      vertex -12.8558 78.8209 5.5
      vertex -9.64181 74.9907 5.5
      vertex -11.4715 79.883 5.5
    endloop
  endfacet
  facet normal 0 0 1
    outer loop
      vertex -9.64181 74.9907 5.5
      vertex -12.8558 78.8209 5.5
      vertex -10.6066 74.1066 5.5
    endloop
  endfacet
  facet normal -0 0 1
    outer loop
      vertex -14.1421 77.6421 5.5
      vertex -10.6066 74.1066 5.5
      vertex -12.8558 78.8209 5.5
    endloop
  endfacet
  facet normal 0 0 1
    outer loop
      vertex -10.6066 74.1066 5.5
      vertex -14.1421 77.6421 5.5
      vertex -11.4907 73.1418 5.5
    endloop
  endfacet
  facet normal -0 0 1
    outer loop
      vertex -15.3209 76.3558 5.5
      vertex -11.4907 73.1418 5.5
      vertex -14.1421 77.6421 5.5
    endloop
  endfacet
  facet normal 0 0 1
    outer loop
      vertex -11.4907 73.1418 5.5
      vertex -15.3209 76.3558 5.5
      vertex -12.2873 72.1036 5.5
    endloop
  endfacet
  facet normal -0 0 1
    outer loop
      vertex -16.383 74.9715 5.5
      vertex -12.2873 72.1036 5.5
      vertex -15.3209 76.3558 5.5
    endloop
  endfacet
  facet normal 0 0 1
    outer loop
      vertex -12.2873 72.1036 5.5
      vertex -16.383 74.9715 5.5
      vertex -12.9904 71 5.5
    endloop
  endfacet
  facet normal -0 0 1
    outer loop
      vertex -17.3205 73.5 5.5
      vertex -12.9904 71 5.5
      vertex -16.383 74.9715 5.5
    endloop
  endfacet
  facet normal 0 0 1
    outer loop
      vertex -12.9904 71 5.5
      vertex -17.3205 73.5 5.5
      vertex -13.5946 69.8393 5.5
    endloop
  endfacet
  facet normal -0 0 1
    outer loop
      vertex -18.1262 71.9524 5.5
      vertex -13.5946 69.8393 5.5
      vertex -17.3205 73.5 5.5
    endloop
  endfacet
  facet normal -0 0 1
    outer loop
      vertex -18.7939 70.3404 5.5
      vertex -14.0954 68.6303 5.5
      vertex -18.1262 71.9524 5.5
    endloop
  endfacet
  facet normal 0 0 1
    outer loop
      vertex -13.5946 69.8393 5.5
      vertex -18.1262 71.9524 5.5
      vertex -14.0954 68.6303 5.5
    endloop
  endfacet
  facet normal 0 0 1
    outer loop
      vertex 18.7939 56.6596 5.5
      vertex 14.0954 58.3697 5.5
      vertex 18.1262 55.0476 5.5
    endloop
  endfacet
  facet normal -0 0 1
    outer loop
      vertex 13.5946 57.1607 5.5
      vertex 18.1262 55.0476 5.5
      vertex 14.0954 58.3697 5.5
    endloop
  endfacet
  facet normal 0 0 1
    outer loop
      vertex 18.1262 55.0476 5.5
      vertex 13.5946 57.1607 5.5
      vertex 17.3205 53.5 5.5
    endloop
  endfacet
  facet normal -0 0 1
    outer loop
      vertex 12.9904 56 5.5
      vertex 17.3205 53.5 5.5
      vertex 13.5946 57.1607 5.5
    endloop
  endfacet
  facet normal 0 0 1
    outer loop
      vertex 17.3205 53.5 5.5
      vertex 12.9904 56 5.5
      vertex 16.383 52.0285 5.5
    endloop
  endfacet
  facet normal -0 0 1
    outer loop
      vertex 12.2873 54.8964 5.5
      vertex 16.383 52.0285 5.5
      vertex 12.9904 56 5.5
    endloop
  endfacet
  facet normal 0 0 1
    outer loop
      vertex 16.383 52.0285 5.5
      vertex 12.2873 54.8964 5.5
      vertex 15.3209 50.6442 5.5
    endloop
  endfacet
  facet normal -0 0 1
    outer loop
      vertex 11.4907 53.8582 5.5
      vertex 15.3209 50.6442 5.5
      vertex 12.2873 54.8964 5.5
    endloop
  endfacet
  facet normal 0 0 1
    outer loop
      vertex 15.3209 50.6442 5.5
      vertex 11.4907 53.8582 5.5
      vertex 14.1421 49.3579 5.5
    endloop
  endfacet
  facet normal -0 0 1
    outer loop
      vertex 10.6066 52.8934 5.5
      vertex 14.1421 49.3579 5.5
      vertex 11.4907 53.8582 5.5
    endloop
  endfacet
  facet normal 0 0 1
    outer loop
      vertex 14.1421 49.3579 5.5
      vertex 10.6066 52.8934 5.5
      vertex 12.8558 48.1791 5.5
    endloop
  endfacet
  facet normal -0 0 1
    outer loop
      vertex 9.64181 52.0093 5.5
      vertex 12.8558 48.1791 5.5
      vertex 10.6066 52.8934 5.5
    endloop
  endfacet
  facet normal 0 0 1
    outer loop
      vertex 12.8558 48.1791 5.5
      vertex 9.64181 52.0093 5.5
      vertex 11.4715 47.117 5.5
    endloop
  endfacet
  facet normal -0 0 1
    outer loop
      vertex 8.60365 51.2127 5.5
      vertex 11.4715 47.117 5.5
      vertex 9.64181 52.0093 5.5
    endloop
  endfacet
  facet normal 0 0 1
    outer loop
      vertex 11.4715 47.117 5.5
      vertex 8.60365 51.2127 5.5
      vertex 10 46.1795 5.5
    endloop
  endfacet
  facet normal -0 0 1
    outer loop
      vertex 7.5 50.5096 5.5
      vertex 10 46.1795 5.5
      vertex 8.60365 51.2127 5.5
    endloop
  endfacet
  facet normal 0 0 1
    outer loop
      vertex 10 46.1795 5.5
      vertex 7.5 50.5096 5.5
      vertex 8.45236 45.3738 5.5
    endloop
  endfacet
  facet normal -0 0 1
    outer loop
      vertex 6.33927 49.9054 5.5
      vertex 8.45236 45.3738 5.5
      vertex 7.5 50.5096 5.5
    endloop
  endfacet
  facet normal 0 0 1
    outer loop
      vertex 8.45236 45.3738 5.5
      vertex 6.33927 49.9054 5.5
      vertex 6.8404 44.7061 5.5
    endloop
  endfacet
  facet normal -0 0 1
    outer loop
      vertex 5.1303 49.4046 5.5
      vertex 6.8404 44.7061 5.5
      vertex 6.33927 49.9054 5.5
    endloop
  endfacet
  facet normal 0 0 1
    outer loop
      vertex 6.8404 44.7061 5.5
      vertex 5.1303 49.4046 5.5
      vertex 5.17638 44.1815 5.5
    endloop
  endfacet
  facet normal -0 0 1
    outer loop
      vertex 3.88229 49.0111 5.5
      vertex 5.17638 44.1815 5.5
      vertex 5.1303 49.4046 5.5
    endloop
  endfacet
  facet normal 0 0 1
    outer loop
      vertex 3.88229 49.0111 5.5
      vertex 3.47296 43.8038 5.5
      vertex 5.17638 44.1815 5.5
    endloop
  endfacet
  facet normal -0 0 1
    outer loop
      vertex 2.60472 48.7279 5.5
      vertex 3.47296 43.8038 5.5
      vertex 3.88229 49.0111 5.5
    endloop
  endfacet
  facet normal 0 0 1
    outer loop
      vertex 2.60472 48.7279 5.5
      vertex 1.74311 43.5761 5.5
      vertex 3.47296 43.8038 5.5
    endloop
  endfacet
  facet normal -0 0 1
    outer loop
      vertex 1.30734 48.5571 5.5
      vertex 1.74311 43.5761 5.5
      vertex 2.60472 48.7279 5.5
    endloop
  endfacet
  facet normal -0 0 1
    outer loop
      vertex 0 48.5 5.5
      vertex 1.74311 43.5761 5.5
      vertex 1.30734 48.5571 5.5
    endloop
  endfacet
  facet normal 0 0 1
    outer loop
      vertex 0 48.5 5.5
      vertex 0 43.5 5.5
      vertex 1.74311 43.5761 5.5
    endloop
  endfacet
  facet normal 0 0 1
    outer loop
      vertex -1.30734 48.5571 5.5
      vertex 0 43.5 5.5
      vertex 0 48.5 5.5
    endloop
  endfacet
  facet normal 0 0 1
    outer loop
      vertex -1.30734 48.5571 5.5
      vertex -1.74311 43.5761 5.5
      vertex 0 43.5 5.5
    endloop
  endfacet
  facet normal 0 0 1
    outer loop
      vertex -2.60472 48.7279 5.5
      vertex -1.74311 43.5761 5.5
      vertex -1.30734 48.5571 5.5
    endloop
  endfacet
  facet normal 0 0 1
    outer loop
      vertex -2.60472 48.7279 5.5
      vertex -3.47296 43.8038 5.5
      vertex -1.74311 43.5761 5.5
    endloop
  endfacet
  facet normal 0 0 1
    outer loop
      vertex -3.88229 49.0111 5.5
      vertex -3.47296 43.8038 5.5
      vertex -2.60472 48.7279 5.5
    endloop
  endfacet
  facet normal 0 0 1
    outer loop
      vertex -5.17638 44.1815 5.5
      vertex -3.88229 49.0111 5.5
      vertex -5.1303 49.4046 5.5
    endloop
  endfacet
  facet normal 0 0 1
    outer loop
      vertex -3.88229 49.0111 5.5
      vertex -5.17638 44.1815 5.5
      vertex -3.47296 43.8038 5.5
    endloop
  endfacet
  facet normal 0 0 1
    outer loop
      vertex -6.8404 44.7061 5.5
      vertex -5.1303 49.4046 5.5
      vertex -6.33927 49.9054 5.5
    endloop
  endfacet
  facet normal 0 0 1
    outer loop
      vertex -5.1303 49.4046 5.5
      vertex -6.8404 44.7061 5.5
      vertex -5.17638 44.1815 5.5
    endloop
  endfacet
  facet normal 0 0 1
    outer loop
      vertex -8.45236 45.3738 5.5
      vertex -6.33927 49.9054 5.5
      vertex -7.5 50.5096 5.5
    endloop
  endfacet
  facet normal 0 0 1
    outer loop
      vertex -6.33927 49.9054 5.5
      vertex -8.45236 45.3738 5.5
      vertex -6.8404 44.7061 5.5
    endloop
  endfacet
  facet normal 0 0 1
    outer loop
      vertex -10 46.1795 5.5
      vertex -7.5 50.5096 5.5
      vertex -8.60365 51.2127 5.5
    endloop
  endfacet
  facet normal 0 0 1
    outer loop
      vertex -11.4715 47.117 5.5
      vertex -8.60365 51.2127 5.5
      vertex -9.64181 52.0093 5.5
    endloop
  endfacet
  facet normal 0 0 1
    outer loop
      vertex -7.5 50.5096 5.5
      vertex -10 46.1795 5.5
      vertex -8.45236 45.3738 5.5
    endloop
  endfacet
  facet normal 0 0 1
    outer loop
      vertex -12.8558 48.1791 5.5
      vertex -9.64181 52.0093 5.5
      vertex -10.6066 52.8934 5.5
    endloop
  endfacet
  facet normal 0 0 1
    outer loop
      vertex -8.60365 51.2127 5.5
      vertex -11.4715 47.117 5.5
      vertex -10 46.1795 5.5
    endloop
  endfacet
  facet normal 0 0 1
    outer loop
      vertex -14.1421 49.3579 5.5
      vertex -10.6066 52.8934 5.5
      vertex -11.4907 53.8582 5.5
    endloop
  endfacet
  facet normal 0 0 1
    outer loop
      vertex -15.3209 50.6442 5.5
      vertex -11.4907 53.8582 5.5
      vertex -12.2873 54.8964 5.5
    endloop
  endfacet
  facet normal 0 0 1
    outer loop
      vertex -9.64181 52.0093 5.5
      vertex -12.8558 48.1791 5.5
      vertex -11.4715 47.117 5.5
    endloop
  endfacet
  facet normal 0 0 1
    outer loop
      vertex -16.383 52.0285 5.5
      vertex -12.2873 54.8964 5.5
      vertex -12.9904 56 5.5
    endloop
  endfacet
  facet normal 0 0 1
    outer loop
      vertex -17.3205 53.5 5.5
      vertex -12.9904 56 5.5
      vertex -13.5946 57.1607 5.5
    endloop
  endfacet
  facet normal 0 0 1
    outer loop
      vertex -18.1262 55.0476 5.5
      vertex -13.5946 57.1607 5.5
      vertex -14.0954 58.3697 5.5
    endloop
  endfacet
  facet normal 0 0 1
    outer loop
      vertex -10.6066 52.8934 5.5
      vertex -14.1421 49.3579 5.5
      vertex -12.8558 48.1791 5.5
    endloop
  endfacet
  facet normal 0 0 1
    outer loop
      vertex -18.7939 56.6596 5.5
      vertex -14.0954 58.3697 5.5
      vertex -14.4889 59.6177 5.5
    endloop
  endfacet
  facet normal 0 0 1
    outer loop
      vertex -19.3185 58.3236 5.5
      vertex -14.4889 59.6177 5.5
      vertex -14.7721 60.8953 5.5
    endloop
  endfacet
  facet normal 0 0 1
    outer loop
      vertex -19.6962 60.027 5.5
      vertex -14.7721 60.8953 5.5
      vertex -14.9429 62.1927 5.5
    endloop
  endfacet
  facet normal 0 0 1
    outer loop
      vertex -11.4907 53.8582 5.5
      vertex -15.3209 50.6442 5.5
      vertex -14.1421 49.3579 5.5
    endloop
  endfacet
  facet normal 0 0 1
    outer loop
      vertex -19.9239 61.7569 5.5
      vertex -14.9429 62.1927 5.5
      vertex -15 63.5 5.5
    endloop
  endfacet
  facet normal 0 0 1
    outer loop
      vertex -14.0954 68.6303 5.5
      vertex -18.7939 70.3404 5.5
      vertex -14.4889 67.3823 5.5
    endloop
  endfacet
  facet normal -0 0 1
    outer loop
      vertex -19.3185 68.6764 5.5
      vertex -14.4889 67.3823 5.5
      vertex -18.7939 70.3404 5.5
    endloop
  endfacet
  facet normal 0 0 1
    outer loop
      vertex -12.2873 54.8964 5.5
      vertex -16.383 52.0285 5.5
      vertex -15.3209 50.6442 5.5
    endloop
  endfacet
  facet normal 0 0 1
    outer loop
      vertex -14.4889 67.3823 5.5
      vertex -19.3185 68.6764 5.5
      vertex -14.7721 66.1047 5.5
    endloop
  endfacet
  facet normal 0 0 1
    outer loop
      vertex -12.9904 56 5.5
      vertex -17.3205 53.5 5.5
      vertex -16.383 52.0285 5.5
    endloop
  endfacet
  facet normal -0 0 1
    outer loop
      vertex -19.6962 66.973 5.5
      vertex -14.7721 66.1047 5.5
      vertex -19.3185 68.6764 5.5
    endloop
  endfacet
  facet normal 0 0 1
    outer loop
      vertex -13.5946 57.1607 5.5
      vertex -18.1262 55.0476 5.5
      vertex -17.3205 53.5 5.5
    endloop
  endfacet
  facet normal 0 0 1
    outer loop
      vertex -14.7721 66.1047 5.5
      vertex -19.6962 66.973 5.5
      vertex -14.9429 64.8073 5.5
    endloop
  endfacet
  facet normal 0 0 1
    outer loop
      vertex -14.0954 58.3697 5.5
      vertex -18.7939 56.6596 5.5
      vertex -18.1262 55.0476 5.5
    endloop
  endfacet
  facet normal -0 0 1
    outer loop
      vertex -19.9239 65.2431 5.5
      vertex -14.9429 64.8073 5.5
      vertex -19.6962 66.973 5.5
    endloop
  endfacet
  facet normal 0 0 1
    outer loop
      vertex -14.4889 59.6177 5.5
      vertex -19.3185 58.3236 5.5
      vertex -18.7939 56.6596 5.5
    endloop
  endfacet
  facet normal 0 0 1
    outer loop
      vertex -14.9429 64.8073 5.5
      vertex -19.9239 65.2431 5.5
      vertex -15 63.5 5.5
    endloop
  endfacet
  facet normal 0 0 1
    outer loop
      vertex -14.7721 60.8953 5.5
      vertex -19.6962 60.027 5.5
      vertex -19.3185 58.3236 5.5
    endloop
  endfacet
  facet normal 0 0 1
    outer loop
      vertex -20 63.5 5.5
      vertex -15 63.5 5.5
      vertex -19.9239 65.2431 5.5
    endloop
  endfacet
  facet normal 0 0 1
    outer loop
      vertex -14.9429 62.1927 5.5
      vertex -19.9239 61.7569 5.5
      vertex -19.6962 60.027 5.5
    endloop
  endfacet
  facet normal 0 0 1
    outer loop
      vertex -15 63.5 5.5
      vertex -20 63.5 5.5
      vertex -19.9239 61.7569 5.5
    endloop
  endfacet
  facet normal -0 0 1
    outer loop
      vertex 55.5 63.5 5.5
      vertex 70 14.5 5.5
      vertex 70 120.519 5.5
    endloop
  endfacet
  facet normal -0 0 1
    outer loop
      vertex 54.6568 53.8625 5.5
      vertex 70 14.5 5.5
      vertex 55.2888 58.6629 5.5
    endloop
  endfacet
  facet normal 0 0 1
    outer loop
      vertex 70 14.5 5.5
      vertex 55.5 63.5 5.5
      vertex 55.2888 58.6629 5.5
    endloop
  endfacet
  facet normal 0 0 1
    outer loop
      vertex 70 120.519 5.5
      vertex 55.2888 68.3371 5.5
      vertex 55.5 63.5 5.5
    endloop
  endfacet
  facet normal 0 0 1
    outer loop
      vertex 70 120.519 5.5
      vertex 54.6568 73.1375 5.5
      vertex 55.2888 68.3371 5.5
    endloop
  endfacet
  facet normal 0 0 1
    outer loop
      vertex 70 120.519 5.5
      vertex 53.6089 77.8645 5.5
      vertex 54.6568 73.1375 5.5
    endloop
  endfacet
  facet normal 0 0 1
    outer loop
      vertex 70 120.519 5.5
      vertex 52.1529 82.4821 5.5
      vertex 53.6089 77.8645 5.5
    endloop
  endfacet
  facet normal 0 0 1
    outer loop
      vertex 70 120.519 5.5
      vertex 50.3001 86.9553 5.5
      vertex 52.1529 82.4821 5.5
    endloop
  endfacet
  facet normal 0 0 1
    outer loop
      vertex 70 120.519 5.5
      vertex 48.0644 91.25 5.5
      vertex 50.3001 86.9553 5.5
    endloop
  endfacet
  facet normal 0 0 1
    outer loop
      vertex 70 120.519 5.5
      vertex 45.4629 95.3335 5.5
      vertex 48.0644 91.25 5.5
    endloop
  endfacet
  facet normal 0 0 1
    outer loop
      vertex 70 120.519 5.5
      vertex 42.5155 99.1747 5.5
      vertex 45.4629 95.3335 5.5
    endloop
  endfacet
  facet normal 0 0 1
    outer loop
      vertex 70 120.519 5.5
      vertex 39.2444 102.744 5.5
      vertex 42.5155 99.1747 5.5
    endloop
  endfacet
  facet normal 0 0 1
    outer loop
      vertex 70 120.519 5.5
      vertex 35.6747 106.015 5.5
      vertex 39.2444 102.744 5.5
    endloop
  endfacet
  facet normal 0 0 1
    outer loop
      vertex 70 120.519 5.5
      vertex 31.8335 108.963 5.5
      vertex 35.6747 106.015 5.5
    endloop
  endfacet
  facet normal 0 0 1
    outer loop
      vertex 70 120.519 5.5
      vertex 27.75 111.564 5.5
      vertex 31.8335 108.963 5.5
    endloop
  endfacet
  facet normal 0 0 1
    outer loop
      vertex 70 120.519 5.5
      vertex 23.4553 113.8 5.5
      vertex 27.75 111.564 5.5
    endloop
  endfacet
  facet normal 0 0 1
    outer loop
      vertex 70 120.519 5.5
      vertex 18.9821 115.653 5.5
      vertex 23.4553 113.8 5.5
    endloop
  endfacet
  facet normal 0 0 1
    outer loop
      vertex 70 120.519 5.5
      vertex 14.3645 117.109 5.5
      vertex 18.9821 115.653 5.5
    endloop
  endfacet
  facet normal 0 0 1
    outer loop
      vertex 70 120.519 5.5
      vertex 9.63747 118.157 5.5
      vertex 14.3645 117.109 5.5
    endloop
  endfacet
  facet normal 0 0 1
    outer loop
      vertex 70 120.519 5.5
      vertex 4.83714 118.789 5.5
      vertex 9.63747 118.157 5.5
    endloop
  endfacet
  facet normal 0 0 1
    outer loop
      vertex 70 120.519 5.5
      vertex 0 119 5.5
      vertex 4.83714 118.789 5.5
    endloop
  endfacet
  facet normal -0 0 1
    outer loop
      vertex -70 120.519 5.5
      vertex 0 119 5.5
      vertex 70 120.519 5.5
    endloop
  endfacet
  facet normal 0 0 1
    outer loop
      vertex -70 120.519 5.5
      vertex -4.83714 118.789 5.5
      vertex 0 119 5.5
    endloop
  endfacet
  facet normal 0 0 1
    outer loop
      vertex -70 120.519 5.5
      vertex -9.63747 118.157 5.5
      vertex -4.83714 118.789 5.5
    endloop
  endfacet
  facet normal 0 0 1
    outer loop
      vertex -70 120.519 5.5
      vertex -14.3645 117.109 5.5
      vertex -9.63747 118.157 5.5
    endloop
  endfacet
  facet normal 0 0 1
    outer loop
      vertex -70 120.519 5.5
      vertex -18.9821 115.653 5.5
      vertex -14.3645 117.109 5.5
    endloop
  endfacet
  facet normal 0 0 1
    outer loop
      vertex -70 120.519 5.5
      vertex -23.4553 113.8 5.5
      vertex -18.9821 115.653 5.5
    endloop
  endfacet
  facet normal 0 0 1
    outer loop
      vertex -70 120.519 5.5
      vertex -27.75 111.564 5.5
      vertex -23.4553 113.8 5.5
    endloop
  endfacet
  facet normal 0 0 1
    outer loop
      vertex -70 120.519 5.5
      vertex -31.8335 108.963 5.5
      vertex -27.75 111.564 5.5
    endloop
  endfacet
  facet normal 0 0 1
    outer loop
      vertex -70 120.519 5.5
      vertex -35.6747 106.015 5.5
      vertex -31.8335 108.963 5.5
    endloop
  endfacet
  facet normal 0 0 1
    outer loop
      vertex -70 120.519 5.5
      vertex -39.2444 102.744 5.5
      vertex -35.6747 106.015 5.5
    endloop
  endfacet
  facet normal 0 0 1
    outer loop
      vertex -70 120.519 5.5
      vertex -42.5155 99.1747 5.5
      vertex -39.2444 102.744 5.5
    endloop
  endfacet
  facet normal 0 0 1
    outer loop
      vertex -70 120.519 5.5
      vertex -45.4629 95.3335 5.5
      vertex -42.5155 99.1747 5.5
    endloop
  endfacet
  facet normal 0 0 1
    outer loop
      vertex -70 120.519 5.5
      vertex -48.0644 91.25 5.5
      vertex -45.4629 95.3335 5.5
    endloop
  endfacet
  facet normal 0 0 1
    outer loop
      vertex -70 120.519 5.5
      vertex -50.3001 86.9553 5.5
      vertex -48.0644 91.25 5.5
    endloop
  endfacet
  facet normal 0 0 1
    outer loop
      vertex -70 120.519 5.5
      vertex -52.1529 82.4821 5.5
      vertex -50.3001 86.9553 5.5
    endloop
  endfacet
  facet normal 0 0 1
    outer loop
      vertex -70 120.519 5.5
      vertex -53.6089 77.8645 5.5
      vertex -52.1529 82.4821 5.5
    endloop
  endfacet
  facet normal 0 0 1
    outer loop
      vertex -70 120.519 5.5
      vertex -54.6568 73.1375 5.5
      vertex -53.6089 77.8645 5.5
    endloop
  endfacet
  facet normal 0 0 1
    outer loop
      vertex -70 120.519 5.5
      vertex -55.2888 68.3371 5.5
      vertex -54.6568 73.1375 5.5
    endloop
  endfacet
  facet normal 0 0 1
    outer loop
      vertex -70 120.519 5.5
      vertex -55.5 63.5 5.5
      vertex -55.2888 68.3371 5.5
    endloop
  endfacet
  facet normal 0 0 1
    outer loop
      vertex -55.5 63.5 5.5
      vertex -70 14.5 5.5
      vertex -55.2888 58.6629 5.5
    endloop
  endfacet
  facet normal 0 0 1
    outer loop
      vertex -55.2888 58.6629 5.5
      vertex -70 14.5 5.5
      vertex -56.5 14.5 5.5
    endloop
  endfacet
  facet normal -0 0 1
    outer loop
      vertex 53.6089 49.1355 5.5
      vertex 70 14.5 5.5
      vertex 54.6568 53.8625 5.5
    endloop
  endfacet
  facet normal -0 0 1
    outer loop
      vertex 52.1529 44.5179 5.5
      vertex 70 14.5 5.5
      vertex 53.6089 49.1355 5.5
    endloop
  endfacet
  facet normal -0 0 1
    outer loop
      vertex 50.3001 40.0447 5.5
      vertex 70 14.5 5.5
      vertex 52.1529 44.5179 5.5
    endloop
  endfacet
  facet normal -0 0 1
    outer loop
      vertex 48.0644 35.75 5.5
      vertex 70 14.5 5.5
      vertex 50.3001 40.0447 5.5
    endloop
  endfacet
  facet normal 0 0 1
    outer loop
      vertex 70 14.5 5.5
      vertex 48.0644 35.75 5.5
      vertex 56.5 14.5 5.5
    endloop
  endfacet
  facet normal -0 0 1
    outer loop
      vertex 45.4629 31.6665 5.5
      vertex 56.5 14.5 5.5
      vertex 48.0644 35.75 5.5
    endloop
  endfacet
  facet normal -0 0 1
    outer loop
      vertex 42.5155 27.8253 5.5
      vertex 56.5 14.5 5.5
      vertex 45.4629 31.6665 5.5
    endloop
  endfacet
  facet normal -0 0 1
    outer loop
      vertex 39.2444 24.2556 5.5
      vertex 56.5 14.5 5.5
      vertex 42.5155 27.8253 5.5
    endloop
  endfacet
  facet normal -0 0 1
    outer loop
      vertex 35.6747 20.9845 5.5
      vertex 56.5 14.5 5.5
      vertex 39.2444 24.2556 5.5
    endloop
  endfacet
  facet normal 0 0 1
    outer loop
      vertex 56.5 14.5 5.5
      vertex 35.6747 20.9845 5.5
      vertex 56.5 8 5.5
    endloop
  endfacet
  facet normal -0 0 1
    outer loop
      vertex 31.8335 18.0371 5.5
      vertex 56.5 8 5.5
      vertex 35.6747 20.9845 5.5
    endloop
  endfacet
  facet normal -0 0 1
    outer loop
      vertex 27.75 15.4356 5.5
      vertex 56.5 8 5.5
      vertex 31.8335 18.0371 5.5
    endloop
  endfacet
  facet normal -0 0 1
    outer loop
      vertex 23.4553 13.1999 5.5
      vertex 56.5 8 5.5
      vertex 27.75 15.4356 5.5
    endloop
  endfacet
  facet normal -0 0 1
    outer loop
      vertex 18.9821 11.3471 5.5
      vertex 56.5 8 5.5
      vertex 23.4553 13.1999 5.5
    endloop
  endfacet
  facet normal -0 0 1
    outer loop
      vertex 14.3645 9.89112 5.5
      vertex 56.5 8 5.5
      vertex 18.9821 11.3471 5.5
    endloop
  endfacet
  facet normal -0 0 1
    outer loop
      vertex 9.63747 8.84317 5.5
      vertex 56.5 8 5.5
      vertex 14.3645 9.89112 5.5
    endloop
  endfacet
  facet normal -0 0 1
    outer loop
      vertex 4.83714 8.21119 5.5
      vertex 56.5 8 5.5
      vertex 9.63747 8.84317 5.5
    endloop
  endfacet
  facet normal 0 0 1
    outer loop
      vertex 56.5 8 5.5
      vertex 4.83714 8.21119 5.5
      vertex 0 8 5.5
    endloop
  endfacet
  facet normal 0 0 1
    outer loop
      vertex -70 14.5 5.5
      vertex -55.5 63.5 5.5
      vertex -70 120.519 5.5
    endloop
  endfacet
  facet normal 0 0 1
    outer loop
      vertex -56.5 14.5 5.5
      vertex -54.6568 53.8625 5.5
      vertex -55.2888 58.6629 5.5
    endloop
  endfacet
  facet normal 0 0 1
    outer loop
      vertex -56.5 14.5 5.5
      vertex -53.6089 49.1355 5.5
      vertex -54.6568 53.8625 5.5
    endloop
  endfacet
  facet normal 0 0 1
    outer loop
      vertex -56.5 14.5 5.5
      vertex -52.1529 44.5179 5.5
      vertex -53.6089 49.1355 5.5
    endloop
  endfacet
  facet normal 0 0 1
    outer loop
      vertex -56.5 14.5 5.5
      vertex -50.3001 40.0447 5.5
      vertex -52.1529 44.5179 5.5
    endloop
  endfacet
  facet normal 0 0 1
    outer loop
      vertex -56.5 14.5 5.5
      vertex -48.0644 35.75 5.5
      vertex -50.3001 40.0447 5.5
    endloop
  endfacet
  facet normal 0 0 1
    outer loop
      vertex -56.5 14.5 5.5
      vertex -45.4629 31.6665 5.5
      vertex -48.0644 35.75 5.5
    endloop
  endfacet
  facet normal 0 0 1
    outer loop
      vertex -56.5 14.5 5.5
      vertex -42.5155 27.8253 5.5
      vertex -45.4629 31.6665 5.5
    endloop
  endfacet
  facet normal 0 0 1
    outer loop
      vertex -56.5 14.5 5.5
      vertex -39.2444 24.2556 5.5
      vertex -42.5155 27.8253 5.5
    endloop
  endfacet
  facet normal 0 0 1
    outer loop
      vertex -56.5 14.5 5.5
      vertex -35.6747 20.9845 5.5
      vertex -39.2444 24.2556 5.5
    endloop
  endfacet
  facet normal 0 0 1
    outer loop
      vertex -56.5 8 5.5
      vertex -35.6747 20.9845 5.5
      vertex -56.5 14.5 5.5
    endloop
  endfacet
  facet normal 0 0 1
    outer loop
      vertex -35.6747 20.9845 5.5
      vertex -56.5 8 5.5
      vertex -31.8335 18.0371 5.5
    endloop
  endfacet
  facet normal 0 0 1
    outer loop
      vertex -31.8335 18.0371 5.5
      vertex -56.5 8 5.5
      vertex -27.75 15.4356 5.5
    endloop
  endfacet
  facet normal 0 0 1
    outer loop
      vertex -27.75 15.4356 5.5
      vertex -56.5 8 5.5
      vertex -23.4553 13.1999 5.5
    endloop
  endfacet
  facet normal 0 0 1
    outer loop
      vertex -23.4553 13.1999 5.5
      vertex -56.5 8 5.5
      vertex -18.9821 11.3471 5.5
    endloop
  endfacet
  facet normal 0 0 1
    outer loop
      vertex -18.9821 11.3471 5.5
      vertex -56.5 8 5.5
      vertex -14.3645 9.89112 5.5
    endloop
  endfacet
  facet normal 0 0 1
    outer loop
      vertex -14.3645 9.89112 5.5
      vertex -56.5 8 5.5
      vertex -9.63747 8.84317 5.5
    endloop
  endfacet
  facet normal 0 0 1
    outer loop
      vertex -4.83714 8.21119 5.5
      vertex -56.5 8 5.5
      vertex 0 8 5.5
    endloop
  endfacet
  facet normal 0 0 1
    outer loop
      vertex -9.63747 8.84317 5.5
      vertex -56.5 8 5.5
      vertex -4.83714 8.21119 5.5
    endloop
  endfacet
  facet normal 0 0 1
    outer loop
      vertex -17.2614 157.827 5.5
      vertex -17.2614 157.302 5.5
      vertex -17.25 157.565 5.5
    endloop
  endfacet
  facet normal 0 0 1
    outer loop
      vertex -17.2956 158.088 5.5
      vertex -17.2614 157.302 5.5
      vertex -17.2614 157.827 5.5
    endloop
  endfacet
  facet normal 0 0 1
    outer loop
      vertex -17.2956 158.088 5.5
      vertex -17.2956 157.042 5.5
      vertex -17.2614 157.302 5.5
    endloop
  endfacet
  facet normal 0 0 1
    outer loop
      vertex -17.3522 158.344 5.5
      vertex -17.2956 157.042 5.5
      vertex -17.2956 158.088 5.5
    endloop
  endfacet
  facet normal 0 0 1
    outer loop
      vertex -17.3522 158.344 5.5
      vertex -17.3522 156.785 5.5
      vertex -17.2956 157.042 5.5
    endloop
  endfacet
  facet normal 0 0 1
    outer loop
      vertex -17.4309 158.595 5.5
      vertex -17.3522 156.785 5.5
      vertex -17.3522 158.344 5.5
    endloop
  endfacet
  facet normal 0 0 1
    outer loop
      vertex -17.4309 158.595 5.5
      vertex -17.4309 156.535 5.5
      vertex -17.3522 156.785 5.5
    endloop
  endfacet
  facet normal 0 0 1
    outer loop
      vertex -17.5311 158.837 5.5
      vertex -17.4309 156.535 5.5
      vertex -17.4309 158.595 5.5
    endloop
  endfacet
  facet normal 0 0 1
    outer loop
      vertex -17.5311 158.837 5.5
      vertex -17.5311 156.292 5.5
      vertex -17.4309 156.535 5.5
    endloop
  endfacet
  facet normal 0 0 1
    outer loop
      vertex -17.6519 159.07 5.5
      vertex -17.5311 156.292 5.5
      vertex -17.5311 158.837 5.5
    endloop
  endfacet
  facet normal 0 0 1
    outer loop
      vertex -17.6519 159.07 5.5
      vertex -17.6519 156.059 5.5
      vertex -17.5311 156.292 5.5
    endloop
  endfacet
  facet normal 0 0 1
    outer loop
      vertex -17.7925 159.292 5.5
      vertex -17.6519 156.059 5.5
      vertex -17.6519 159.07 5.5
    endloop
  endfacet
  facet normal 0 0 1
    outer loop
      vertex -17.7925 159.292 5.5
      vertex -17.7925 155.837 5.5
      vertex -17.6519 156.059 5.5
    endloop
  endfacet
  facet normal 0 0 1
    outer loop
      vertex -17.9519 159.5 5.5
      vertex -17.7925 155.837 5.5
      vertex -17.7925 159.292 5.5
    endloop
  endfacet
  facet normal 0 0 1
    outer loop
      vertex -17.9519 159.5 5.5
      vertex -17.9519 155.629 5.5
      vertex -17.7925 155.837 5.5
    endloop
  endfacet
  facet normal 0 0 1
    outer loop
      vertex -18.1287 159.694 5.5
      vertex -17.9519 155.629 5.5
      vertex -17.9519 159.5 5.5
    endloop
  endfacet
  facet normal 0 0 1
    outer loop
      vertex -18.1287 159.694 5.5
      vertex -18.1287 155.435 5.5
      vertex -17.9519 155.629 5.5
    endloop
  endfacet
  facet normal 0 0 1
    outer loop
      vertex -18.3216 159.872 5.5
      vertex -18.1287 155.435 5.5
      vertex -18.1287 159.694 5.5
    endloop
  endfacet
  facet normal 0 0 1
    outer loop
      vertex -18.3216 159.872 5.5
      vertex -18.3216 155.258 5.5
      vertex -18.1287 155.435 5.5
    endloop
  endfacet
  facet normal 0 0 1
    outer loop
      vertex -18.5293 160.031 5.5
      vertex -18.3216 155.258 5.5
      vertex -18.3216 159.872 5.5
    endloop
  endfacet
  facet normal 0 0 1
    outer loop
      vertex -18.5293 160.031 5.5
      vertex -18.5293 155.098 5.5
      vertex -18.3216 155.258 5.5
    endloop
  endfacet
  facet normal 0 0 1
    outer loop
      vertex -18.75 160.173 5.5
      vertex -18.5293 155.098 5.5
      vertex -18.5293 160.031 5.5
    endloop
  endfacet
  facet normal 0 0 1
    outer loop
      vertex -18.75 160.173 5.5
      vertex -18.75 154.957 5.5
      vertex -18.5293 155.098 5.5
    endloop
  endfacet
  facet normal 0 0 1
    outer loop
      vertex -18.9821 160.294 5.5
      vertex -18.75 154.957 5.5
      vertex -18.75 160.173 5.5
    endloop
  endfacet
  facet normal 0 0 1
    outer loop
      vertex -18.9821 160.294 5.5
      vertex -18.9821 154.835 5.5
      vertex -18.75 154.957 5.5
    endloop
  endfacet
  facet normal 0 0 1
    outer loop
      vertex -19.2239 160.395 5.5
      vertex -18.9821 154.835 5.5
      vertex -18.9821 160.294 5.5
    endloop
  endfacet
  facet normal 0 0 1
    outer loop
      vertex -19.2239 160.395 5.5
      vertex -19.2239 154.735 5.5
      vertex -18.9821 154.835 5.5
    endloop
  endfacet
  facet normal 0 0 1
    outer loop
      vertex -19.4735 160.473 5.5
      vertex -19.2239 154.735 5.5
      vertex -19.2239 160.395 5.5
    endloop
  endfacet
  facet normal 0 0 1
    outer loop
      vertex -19.4735 160.473 5.5
      vertex -19.4735 154.656 5.5
      vertex -19.2239 154.735 5.5
    endloop
  endfacet
  facet normal 0 0 1
    outer loop
      vertex -19.7291 160.53 5.5
      vertex -19.4735 154.656 5.5
      vertex -19.4735 160.473 5.5
    endloop
  endfacet
  facet normal 0 0 1
    outer loop
      vertex -19.7291 160.53 5.5
      vertex -19.7291 154.599 5.5
      vertex -19.4735 154.656 5.5
    endloop
  endfacet
  facet normal 0 0 1
    outer loop
      vertex -19.9885 160.565 5.5
      vertex -19.7291 154.599 5.5
      vertex -19.7291 160.53 5.5
    endloop
  endfacet
  facet normal 0 0 1
    outer loop
      vertex -19.9885 160.565 5.5
      vertex -19.9885 154.565 5.5
      vertex -19.7291 154.599 5.5
    endloop
  endfacet
  facet normal 0 0 1
    outer loop
      vertex -20.25 160.576 5.5
      vertex -19.9885 154.565 5.5
      vertex -19.9885 160.565 5.5
    endloop
  endfacet
  facet normal 0 0 1
    outer loop
      vertex -20.25 160.576 5.5
      vertex -20.25 154.553 5.5
      vertex -19.9885 154.565 5.5
    endloop
  endfacet
  facet normal -0 0 1
    outer loop
      vertex -20.5115 160.565 5.5
      vertex -20.25 154.553 5.5
      vertex -20.25 160.576 5.5
    endloop
  endfacet
  facet normal 0 0 1
    outer loop
      vertex -20.5115 160.565 5.5
      vertex -20.5115 154.565 5.5
      vertex -20.25 154.553 5.5
    endloop
  endfacet
  facet normal -0 0 1
    outer loop
      vertex -20.7709 160.53 5.5
      vertex -20.5115 154.565 5.5
      vertex -20.5115 160.565 5.5
    endloop
  endfacet
  facet normal 0 0 1
    outer loop
      vertex -20.7709 160.53 5.5
      vertex -20.7709 154.599 5.5
      vertex -20.5115 154.565 5.5
    endloop
  endfacet
  facet normal -0 0 1
    outer loop
      vertex -21.0265 160.473 5.5
      vertex -20.7709 154.599 5.5
      vertex -20.7709 160.53 5.5
    endloop
  endfacet
  facet normal 0 0 1
    outer loop
      vertex -21.0265 160.473 5.5
      vertex -21.0265 154.656 5.5
      vertex -20.7709 154.599 5.5
    endloop
  endfacet
  facet normal -0 0 1
    outer loop
      vertex -21.2761 160.395 5.5
      vertex -21.0265 154.656 5.5
      vertex -21.0265 160.473 5.5
    endloop
  endfacet
  facet normal 0 0 1
    outer loop
      vertex -21.2761 160.395 5.5
      vertex -21.2761 154.735 5.5
      vertex -21.0265 154.656 5.5
    endloop
  endfacet
  facet normal -0 0 1
    outer loop
      vertex -21.5179 160.294 5.5
      vertex -21.2761 154.735 5.5
      vertex -21.2761 160.395 5.5
    endloop
  endfacet
  facet normal 0 0 1
    outer loop
      vertex -21.5179 160.294 5.5
      vertex -21.5179 154.835 5.5
      vertex -21.2761 154.735 5.5
    endloop
  endfacet
  facet normal -0 0 1
    outer loop
      vertex -21.75 160.173 5.5
      vertex -21.5179 154.835 5.5
      vertex -21.5179 160.294 5.5
    endloop
  endfacet
  facet normal 0 0 1
    outer loop
      vertex -21.75 160.173 5.5
      vertex -21.75 154.957 5.5
      vertex -21.5179 154.835 5.5
    endloop
  endfacet
  facet normal -0 0 1
    outer loop
      vertex -21.9707 160.031 5.5
      vertex -21.75 154.957 5.5
      vertex -21.75 160.173 5.5
    endloop
  endfacet
  facet normal 0 0 1
    outer loop
      vertex -21.9707 160.031 5.5
      vertex -21.9707 155.098 5.5
      vertex -21.75 154.957 5.5
    endloop
  endfacet
  facet normal -0 0 1
    outer loop
      vertex -22.1784 159.872 5.5
      vertex -21.9707 155.098 5.5
      vertex -21.9707 160.031 5.5
    endloop
  endfacet
  facet normal 0 0 1
    outer loop
      vertex -22.1784 159.872 5.5
      vertex -22.1784 155.258 5.5
      vertex -21.9707 155.098 5.5
    endloop
  endfacet
  facet normal -0 0 1
    outer loop
      vertex -22.3713 159.694 5.5
      vertex -22.1784 155.258 5.5
      vertex -22.1784 159.872 5.5
    endloop
  endfacet
  facet normal 0 0 1
    outer loop
      vertex -22.3713 159.694 5.5
      vertex -22.3713 155.435 5.5
      vertex -22.1784 155.258 5.5
    endloop
  endfacet
  facet normal -0 0 1
    outer loop
      vertex -22.5481 159.5 5.5
      vertex -22.3713 155.435 5.5
      vertex -22.3713 159.694 5.5
    endloop
  endfacet
  facet normal 0 0 1
    outer loop
      vertex -22.5481 159.5 5.5
      vertex -22.5481 155.629 5.5
      vertex -22.3713 155.435 5.5
    endloop
  endfacet
  facet normal -0 0 1
    outer loop
      vertex -22.7075 159.292 5.5
      vertex -22.5481 155.629 5.5
      vertex -22.5481 159.5 5.5
    endloop
  endfacet
  facet normal 0 0 1
    outer loop
      vertex -22.7075 159.292 5.5
      vertex -22.7075 155.837 5.5
      vertex -22.5481 155.629 5.5
    endloop
  endfacet
  facet normal -0 0 1
    outer loop
      vertex -22.8481 159.07 5.5
      vertex -22.7075 155.837 5.5
      vertex -22.7075 159.292 5.5
    endloop
  endfacet
  facet normal 0 0 1
    outer loop
      vertex -22.8481 159.07 5.5
      vertex -22.8481 156.059 5.5
      vertex -22.7075 155.837 5.5
    endloop
  endfacet
  facet normal -0 0 1
    outer loop
      vertex -22.9689 158.837 5.5
      vertex -22.8481 156.059 5.5
      vertex -22.8481 159.07 5.5
    endloop
  endfacet
  facet normal 0 0 1
    outer loop
      vertex -22.9689 158.837 5.5
      vertex -22.9689 156.292 5.5
      vertex -22.8481 156.059 5.5
    endloop
  endfacet
  facet normal -0 0 1
    outer loop
      vertex -23.0691 158.595 5.5
      vertex -22.9689 156.292 5.5
      vertex -22.9689 158.837 5.5
    endloop
  endfacet
  facet normal 0 0 1
    outer loop
      vertex -23.0691 158.595 5.5
      vertex -23.0691 156.535 5.5
      vertex -22.9689 156.292 5.5
    endloop
  endfacet
  facet normal -0 0 1
    outer loop
      vertex -23.1478 158.344 5.5
      vertex -23.0691 156.535 5.5
      vertex -23.0691 158.595 5.5
    endloop
  endfacet
  facet normal 0 0 1
    outer loop
      vertex -23.1478 158.344 5.5
      vertex -23.1478 156.785 5.5
      vertex -23.0691 156.535 5.5
    endloop
  endfacet
  facet normal -0 0 1
    outer loop
      vertex -23.2044 158.088 5.5
      vertex -23.1478 156.785 5.5
      vertex -23.1478 158.344 5.5
    endloop
  endfacet
  facet normal 0 0 1
    outer loop
      vertex -23.2044 158.088 5.5
      vertex -23.2044 157.042 5.5
      vertex -23.1478 156.785 5.5
    endloop
  endfacet
  facet normal -0 0 1
    outer loop
      vertex -23.2386 157.827 5.5
      vertex -23.2044 157.042 5.5
      vertex -23.2044 158.088 5.5
    endloop
  endfacet
  facet normal 0 0 1
    outer loop
      vertex -23.2386 157.827 5.5
      vertex -23.2386 157.302 5.5
      vertex -23.2044 157.042 5.5
    endloop
  endfacet
  facet normal 0 -0 1
    outer loop
      vertex -23.2386 157.302 5.5
      vertex -23.2386 157.827 5.5
      vertex -23.25 157.565 5.5
    endloop
  endfacet
  facet normal 0 0 1
    outer loop
      vertex 23.2386 157.827 5.5
      vertex 23.2386 157.302 5.5
      vertex 23.25 157.565 5.5
    endloop
  endfacet
  facet normal 0 0 1
    outer loop
      vertex 23.2044 158.088 5.5
      vertex 23.2386 157.302 5.5
      vertex 23.2386 157.827 5.5
    endloop
  endfacet
  facet normal 0 0 1
    outer loop
      vertex 23.2044 158.088 5.5
      vertex 23.2044 157.042 5.5
      vertex 23.2386 157.302 5.5
    endloop
  endfacet
  facet normal 0 0 1
    outer loop
      vertex 23.1478 158.344 5.5
      vertex 23.2044 157.042 5.5
      vertex 23.2044 158.088 5.5
    endloop
  endfacet
  facet normal 0 0 1
    outer loop
      vertex 23.1478 158.344 5.5
      vertex 23.1478 156.785 5.5
      vertex 23.2044 157.042 5.5
    endloop
  endfacet
  facet normal 0 0 1
    outer loop
      vertex 23.0691 158.595 5.5
      vertex 23.1478 156.785 5.5
      vertex 23.1478 158.344 5.5
    endloop
  endfacet
  facet normal 0 0 1
    outer loop
      vertex 23.0691 158.595 5.5
      vertex 23.0691 156.535 5.5
      vertex 23.1478 156.785 5.5
    endloop
  endfacet
  facet normal 0 0 1
    outer loop
      vertex 22.9689 158.837 5.5
      vertex 23.0691 156.535 5.5
      vertex 23.0691 158.595 5.5
    endloop
  endfacet
  facet normal 0 0 1
    outer loop
      vertex 22.9689 158.837 5.5
      vertex 22.9689 156.292 5.5
      vertex 23.0691 156.535 5.5
    endloop
  endfacet
  facet normal 0 0 1
    outer loop
      vertex 22.8481 159.07 5.5
      vertex 22.9689 156.292 5.5
      vertex 22.9689 158.837 5.5
    endloop
  endfacet
  facet normal 0 0 1
    outer loop
      vertex 22.8481 159.07 5.5
      vertex 22.8481 156.059 5.5
      vertex 22.9689 156.292 5.5
    endloop
  endfacet
  facet normal 0 0 1
    outer loop
      vertex 22.7075 159.292 5.5
      vertex 22.8481 156.059 5.5
      vertex 22.8481 159.07 5.5
    endloop
  endfacet
  facet normal 0 0 1
    outer loop
      vertex 22.7075 159.292 5.5
      vertex 22.7075 155.837 5.5
      vertex 22.8481 156.059 5.5
    endloop
  endfacet
  facet normal 0 0 1
    outer loop
      vertex 22.5481 159.5 5.5
      vertex 22.7075 155.837 5.5
      vertex 22.7075 159.292 5.5
    endloop
  endfacet
  facet normal 0 0 1
    outer loop
      vertex 22.5481 159.5 5.5
      vertex 22.5481 155.629 5.5
      vertex 22.7075 155.837 5.5
    endloop
  endfacet
  facet normal 0 0 1
    outer loop
      vertex 22.3713 159.694 5.5
      vertex 22.5481 155.629 5.5
      vertex 22.5481 159.5 5.5
    endloop
  endfacet
  facet normal 0 0 1
    outer loop
      vertex 22.3713 159.694 5.5
      vertex 22.3713 155.435 5.5
      vertex 22.5481 155.629 5.5
    endloop
  endfacet
  facet normal 0 0 1
    outer loop
      vertex 22.1784 159.872 5.5
      vertex 22.3713 155.435 5.5
      vertex 22.3713 159.694 5.5
    endloop
  endfacet
  facet normal 0 0 1
    outer loop
      vertex 22.1784 159.872 5.5
      vertex 22.1784 155.258 5.5
      vertex 22.3713 155.435 5.5
    endloop
  endfacet
  facet normal 0 0 1
    outer loop
      vertex 21.9707 160.031 5.5
      vertex 22.1784 155.258 5.5
      vertex 22.1784 159.872 5.5
    endloop
  endfacet
  facet normal 0 0 1
    outer loop
      vertex 21.9707 160.031 5.5
      vertex 21.9707 155.098 5.5
      vertex 22.1784 155.258 5.5
    endloop
  endfacet
  facet normal 0 0 1
    outer loop
      vertex 21.75 160.173 5.5
      vertex 21.9707 155.098 5.5
      vertex 21.9707 160.031 5.5
    endloop
  endfacet
  facet normal 0 0 1
    outer loop
      vertex 21.75 160.173 5.5
      vertex 21.75 154.957 5.5
      vertex 21.9707 155.098 5.5
    endloop
  endfacet
  facet normal 0 0 1
    outer loop
      vertex 21.5179 160.294 5.5
      vertex 21.75 154.957 5.5
      vertex 21.75 160.173 5.5
    endloop
  endfacet
  facet normal 0 0 1
    outer loop
      vertex 21.5179 160.294 5.5
      vertex 21.5179 154.835 5.5
      vertex 21.75 154.957 5.5
    endloop
  endfacet
  facet normal 0 0 1
    outer loop
      vertex 21.2761 160.395 5.5
      vertex 21.5179 154.835 5.5
      vertex 21.5179 160.294 5.5
    endloop
  endfacet
  facet normal 0 0 1
    outer loop
      vertex 21.2761 160.395 5.5
      vertex 21.2761 154.735 5.5
      vertex 21.5179 154.835 5.5
    endloop
  endfacet
  facet normal 0 0 1
    outer loop
      vertex 21.0265 160.473 5.5
      vertex 21.2761 154.735 5.5
      vertex 21.2761 160.395 5.5
    endloop
  endfacet
  facet normal 0 0 1
    outer loop
      vertex 21.0265 160.473 5.5
      vertex 21.0265 154.656 5.5
      vertex 21.2761 154.735 5.5
    endloop
  endfacet
  facet normal 0 0 1
    outer loop
      vertex 20.7709 160.53 5.5
      vertex 21.0265 154.656 5.5
      vertex 21.0265 160.473 5.5
    endloop
  endfacet
  facet normal 0 0 1
    outer loop
      vertex 20.7709 160.53 5.5
      vertex 20.7709 154.599 5.5
      vertex 21.0265 154.656 5.5
    endloop
  endfacet
  facet normal 0 0 1
    outer loop
      vertex 20.5115 160.565 5.5
      vertex 20.7709 154.599 5.5
      vertex 20.7709 160.53 5.5
    endloop
  endfacet
  facet normal 0 0 1
    outer loop
      vertex 20.5115 160.565 5.5
      vertex 20.5115 154.565 5.5
      vertex 20.7709 154.599 5.5
    endloop
  endfacet
  facet normal 0 0 1
    outer loop
      vertex 20.25 160.576 5.5
      vertex 20.5115 154.565 5.5
      vertex 20.5115 160.565 5.5
    endloop
  endfacet
  facet normal 0 0 1
    outer loop
      vertex 20.25 160.576 5.5
      vertex 20.25 154.553 5.5
      vertex 20.5115 154.565 5.5
    endloop
  endfacet
  facet normal -0 0 1
    outer loop
      vertex 19.9885 160.565 5.5
      vertex 20.25 154.553 5.5
      vertex 20.25 160.576 5.5
    endloop
  endfacet
  facet normal 0 0 1
    outer loop
      vertex 19.9885 160.565 5.5
      vertex 19.9885 154.565 5.5
      vertex 20.25 154.553 5.5
    endloop
  endfacet
  facet normal -0 0 1
    outer loop
      vertex 19.7291 160.53 5.5
      vertex 19.9885 154.565 5.5
      vertex 19.9885 160.565 5.5
    endloop
  endfacet
  facet normal 0 0 1
    outer loop
      vertex 19.7291 160.53 5.5
      vertex 19.7291 154.599 5.5
      vertex 19.9885 154.565 5.5
    endloop
  endfacet
  facet normal -0 0 1
    outer loop
      vertex 19.4735 160.473 5.5
      vertex 19.7291 154.599 5.5
      vertex 19.7291 160.53 5.5
    endloop
  endfacet
  facet normal 0 0 1
    outer loop
      vertex 19.4735 160.473 5.5
      vertex 19.4735 154.656 5.5
      vertex 19.7291 154.599 5.5
    endloop
  endfacet
  facet normal -0 0 1
    outer loop
      vertex 19.2239 160.395 5.5
      vertex 19.4735 154.656 5.5
      vertex 19.4735 160.473 5.5
    endloop
  endfacet
  facet normal 0 0 1
    outer loop
      vertex 19.2239 160.395 5.5
      vertex 19.2239 154.735 5.5
      vertex 19.4735 154.656 5.5
    endloop
  endfacet
  facet normal -0 0 1
    outer loop
      vertex 18.9821 160.294 5.5
      vertex 19.2239 154.735 5.5
      vertex 19.2239 160.395 5.5
    endloop
  endfacet
  facet normal 0 0 1
    outer loop
      vertex 18.9821 160.294 5.5
      vertex 18.9821 154.835 5.5
      vertex 19.2239 154.735 5.5
    endloop
  endfacet
  facet normal -0 0 1
    outer loop
      vertex 18.75 160.173 5.5
      vertex 18.9821 154.835 5.5
      vertex 18.9821 160.294 5.5
    endloop
  endfacet
  facet normal 0 0 1
    outer loop
      vertex 18.75 160.173 5.5
      vertex 18.75 154.957 5.5
      vertex 18.9821 154.835 5.5
    endloop
  endfacet
  facet normal -0 0 1
    outer loop
      vertex 18.5293 160.031 5.5
      vertex 18.75 154.957 5.5
      vertex 18.75 160.173 5.5
    endloop
  endfacet
  facet normal 0 0 1
    outer loop
      vertex 18.5293 160.031 5.5
      vertex 18.5293 155.098 5.5
      vertex 18.75 154.957 5.5
    endloop
  endfacet
  facet normal -0 0 1
    outer loop
      vertex 18.3216 159.872 5.5
      vertex 18.5293 155.098 5.5
      vertex 18.5293 160.031 5.5
    endloop
  endfacet
  facet normal 0 0 1
    outer loop
      vertex 18.3216 159.872 5.5
      vertex 18.3216 155.258 5.5
      vertex 18.5293 155.098 5.5
    endloop
  endfacet
  facet normal -0 0 1
    outer loop
      vertex 18.1287 159.694 5.5
      vertex 18.3216 155.258 5.5
      vertex 18.3216 159.872 5.5
    endloop
  endfacet
  facet normal 0 0 1
    outer loop
      vertex 18.1287 159.694 5.5
      vertex 18.1287 155.435 5.5
      vertex 18.3216 155.258 5.5
    endloop
  endfacet
  facet normal -0 0 1
    outer loop
      vertex 17.9519 159.5 5.5
      vertex 18.1287 155.435 5.5
      vertex 18.1287 159.694 5.5
    endloop
  endfacet
  facet normal 0 0 1
    outer loop
      vertex 17.9519 159.5 5.5
      vertex 17.9519 155.629 5.5
      vertex 18.1287 155.435 5.5
    endloop
  endfacet
  facet normal -0 0 1
    outer loop
      vertex 17.7925 159.292 5.5
      vertex 17.9519 155.629 5.5
      vertex 17.9519 159.5 5.5
    endloop
  endfacet
  facet normal 0 0 1
    outer loop
      vertex 17.7925 159.292 5.5
      vertex 17.7925 155.837 5.5
      vertex 17.9519 155.629 5.5
    endloop
  endfacet
  facet normal -0 0 1
    outer loop
      vertex 17.6519 159.07 5.5
      vertex 17.7925 155.837 5.5
      vertex 17.7925 159.292 5.5
    endloop
  endfacet
  facet normal 0 0 1
    outer loop
      vertex 17.6519 159.07 5.5
      vertex 17.6519 156.059 5.5
      vertex 17.7925 155.837 5.5
    endloop
  endfacet
  facet normal -0 0 1
    outer loop
      vertex 17.5311 158.837 5.5
      vertex 17.6519 156.059 5.5
      vertex 17.6519 159.07 5.5
    endloop
  endfacet
  facet normal 0 0 1
    outer loop
      vertex 17.5311 158.837 5.5
      vertex 17.5311 156.292 5.5
      vertex 17.6519 156.059 5.5
    endloop
  endfacet
  facet normal -0 0 1
    outer loop
      vertex 17.4309 158.595 5.5
      vertex 17.5311 156.292 5.5
      vertex 17.5311 158.837 5.5
    endloop
  endfacet
  facet normal 0 0 1
    outer loop
      vertex 17.4309 158.595 5.5
      vertex 17.4309 156.535 5.5
      vertex 17.5311 156.292 5.5
    endloop
  endfacet
  facet normal -0 0 1
    outer loop
      vertex 17.3522 158.344 5.5
      vertex 17.4309 156.535 5.5
      vertex 17.4309 158.595 5.5
    endloop
  endfacet
  facet normal 0 0 1
    outer loop
      vertex 17.3522 158.344 5.5
      vertex 17.3522 156.785 5.5
      vertex 17.4309 156.535 5.5
    endloop
  endfacet
  facet normal -0 0 1
    outer loop
      vertex 17.2956 158.088 5.5
      vertex 17.3522 156.785 5.5
      vertex 17.3522 158.344 5.5
    endloop
  endfacet
  facet normal 0 0 1
    outer loop
      vertex 17.2956 158.088 5.5
      vertex 17.2956 157.042 5.5
      vertex 17.3522 156.785 5.5
    endloop
  endfacet
  facet normal -0 0 1
    outer loop
      vertex 17.2614 157.827 5.5
      vertex 17.2956 157.042 5.5
      vertex 17.2956 158.088 5.5
    endloop
  endfacet
  facet normal 0 0 1
    outer loop
      vertex 17.2614 157.827 5.5
      vertex 17.2614 157.302 5.5
      vertex 17.2956 157.042 5.5
    endloop
  endfacet
  facet normal 0 -0 1
    outer loop
      vertex 17.2614 157.302 5.5
      vertex 17.2614 157.827 5.5
      vertex 17.25 157.565 5.5
    endloop
  endfacet
  facet normal 0 0 1
    outer loop
      vertex 20 63.5 5.5
      vertex 51 63.5 5.5
      vertex 50.8059 67.9449 5.5
    endloop
  endfacet
  facet normal 0 0 1
    outer loop
      vertex 19.9239 65.2431 5.5
      vertex 50.8059 67.9449 5.5
      vertex 50.2252 72.3561 5.5
    endloop
  endfacet
  facet normal 0 0 1
    outer loop
      vertex 51 63.5 5.5
      vertex 20 63.5 5.5
      vertex 50.8059 59.0551 5.5
    endloop
  endfacet
  facet normal 0 0 1
    outer loop
      vertex 19.6962 66.973 5.5
      vertex 50.2252 72.3561 5.5
      vertex 49.2622 76.6998 5.5
    endloop
  endfacet
  facet normal -0 0 1
    outer loop
      vertex 19.9239 61.7569 5.5
      vertex 50.8059 59.0551 5.5
      vertex 20 63.5 5.5
    endloop
  endfacet
  facet normal 0 0 1
    outer loop
      vertex 19.3185 68.6764 5.5
      vertex 49.2622 76.6998 5.5
      vertex 47.9243 80.943 5.5
    endloop
  endfacet
  facet normal 0 0 1
    outer loop
      vertex 50.8059 59.0551 5.5
      vertex 19.9239 61.7569 5.5
      vertex 50.2252 54.6439 5.5
    endloop
  endfacet
  facet normal 0 0 1
    outer loop
      vertex 18.7939 70.3404 5.5
      vertex 47.9243 80.943 5.5
      vertex 46.2217 85.0535 5.5
    endloop
  endfacet
  facet normal -0 0 1
    outer loop
      vertex 19.6962 60.027 5.5
      vertex 50.2252 54.6439 5.5
      vertex 19.9239 61.7569 5.5
    endloop
  endfacet
  facet normal 0 0 1
    outer loop
      vertex 18.1262 71.9524 5.5
      vertex 46.2217 85.0535 5.5
      vertex 44.1673 89 5.5
    endloop
  endfacet
  facet normal 0 0 1
    outer loop
      vertex 50.2252 54.6439 5.5
      vertex 19.6962 60.027 5.5
      vertex 49.2622 50.3002 5.5
    endloop
  endfacet
  facet normal 0 0 1
    outer loop
      vertex 17.3205 73.5 5.5
      vertex 44.1673 89 5.5
      vertex 41.7768 92.7524 5.5
    endloop
  endfacet
  facet normal -0 0 1
    outer loop
      vertex 19.3185 58.3236 5.5
      vertex 49.2622 50.3002 5.5
      vertex 19.6962 60.027 5.5
    endloop
  endfacet
  facet normal 0 0 1
    outer loop
      vertex 16.383 74.9715 5.5
      vertex 41.7768 92.7524 5.5
      vertex 39.0683 96.2822 5.5
    endloop
  endfacet
  facet normal 0 0 1
    outer loop
      vertex 49.2622 50.3002 5.5
      vertex 19.3185 58.3236 5.5
      vertex 47.9243 46.057 5.5
    endloop
  endfacet
  facet normal 0 0 1
    outer loop
      vertex 15.3209 76.3558 5.5
      vertex 39.0683 96.2822 5.5
      vertex 36.0624 99.5624 5.5
    endloop
  endfacet
  facet normal -0 0 1
    outer loop
      vertex 18.7939 56.6596 5.5
      vertex 47.9243 46.057 5.5
      vertex 19.3185 58.3236 5.5
    endloop
  endfacet
  facet normal 0 0 1
    outer loop
      vertex 14.1421 77.6421 5.5
      vertex 36.0624 99.5624 5.5
      vertex 32.7822 102.568 5.5
    endloop
  endfacet
  facet normal 0 0 1
    outer loop
      vertex 47.9243 46.057 5.5
      vertex 18.7939 56.6596 5.5
      vertex 46.2217 41.9465 5.5
    endloop
  endfacet
  facet normal 0 0 1
    outer loop
      vertex 12.8558 78.8209 5.5
      vertex 32.7822 102.568 5.5
      vertex 29.2524 105.277 5.5
    endloop
  endfacet
  facet normal -0 0 1
    outer loop
      vertex 18.1262 55.0476 5.5
      vertex 46.2217 41.9465 5.5
      vertex 18.7939 56.6596 5.5
    endloop
  endfacet
  facet normal 0 0 1
    outer loop
      vertex 11.4715 79.883 5.5
      vertex 29.2524 105.277 5.5
      vertex 25.5 107.667 5.5
    endloop
  endfacet
  facet normal 0 0 1
    outer loop
      vertex 46.2217 41.9465 5.5
      vertex 18.1262 55.0476 5.5
      vertex 44.1673 38 5.5
    endloop
  endfacet
  facet normal 0 0 1
    outer loop
      vertex 10 80.8205 5.5
      vertex 25.5 107.667 5.5
      vertex 21.5535 109.722 5.5
    endloop
  endfacet
  facet normal -0 0 1
    outer loop
      vertex 17.3205 53.5 5.5
      vertex 44.1673 38 5.5
      vertex 18.1262 55.0476 5.5
    endloop
  endfacet
  facet normal 0 0 1
    outer loop
      vertex 44.1673 38 5.5
      vertex 17.3205 53.5 5.5
      vertex 41.7768 34.2476 5.5
    endloop
  endfacet
  facet normal 0 0 1
    outer loop
      vertex 50.8059 67.9449 5.5
      vertex 19.9239 65.2431 5.5
      vertex 20 63.5 5.5
    endloop
  endfacet
  facet normal 0 0 1
    outer loop
      vertex 50.2252 72.3561 5.5
      vertex 19.6962 66.973 5.5
      vertex 19.9239 65.2431 5.5
    endloop
  endfacet
  facet normal 0 0 1
    outer loop
      vertex 49.2622 76.6998 5.5
      vertex 19.3185 68.6764 5.5
      vertex 19.6962 66.973 5.5
    endloop
  endfacet
  facet normal 0 0 1
    outer loop
      vertex 47.9243 80.943 5.5
      vertex 18.7939 70.3404 5.5
      vertex 19.3185 68.6764 5.5
    endloop
  endfacet
  facet normal 0 0 1
    outer loop
      vertex 46.2217 85.0535 5.5
      vertex 18.1262 71.9524 5.5
      vertex 18.7939 70.3404 5.5
    endloop
  endfacet
  facet normal 0 0 1
    outer loop
      vertex 8.45236 81.6262 5.5
      vertex 21.5535 109.722 5.5
      vertex 17.443 111.424 5.5
    endloop
  endfacet
  facet normal 0 0 1
    outer loop
      vertex 44.1673 89 5.5
      vertex 17.3205 73.5 5.5
      vertex 18.1262 71.9524 5.5
    endloop
  endfacet
  facet normal 0 0 1
    outer loop
      vertex 41.7768 92.7524 5.5
      vertex 16.383 74.9715 5.5
      vertex 17.3205 73.5 5.5
    endloop
  endfacet
  facet normal 0 0 1
    outer loop
      vertex 39.0683 96.2822 5.5
      vertex 15.3209 76.3558 5.5
      vertex 16.383 74.9715 5.5
    endloop
  endfacet
  facet normal 0 0 1
    outer loop
      vertex 36.0624 99.5624 5.5
      vertex 14.1421 77.6421 5.5
      vertex 15.3209 76.3558 5.5
    endloop
  endfacet
  facet normal 0 0 1
    outer loop
      vertex 6.8404 82.2939 5.5
      vertex 17.443 111.424 5.5
      vertex 13.1998 112.762 5.5
    endloop
  endfacet
  facet normal 0 0 1
    outer loop
      vertex 32.7822 102.568 5.5
      vertex 12.8558 78.8209 5.5
      vertex 14.1421 77.6421 5.5
    endloop
  endfacet
  facet normal 0 0 1
    outer loop
      vertex 29.2524 105.277 5.5
      vertex 11.4715 79.883 5.5
      vertex 12.8558 78.8209 5.5
    endloop
  endfacet
  facet normal 0 0 1
    outer loop
      vertex 25.5 107.667 5.5
      vertex 10 80.8205 5.5
      vertex 11.4715 79.883 5.5
    endloop
  endfacet
  facet normal 0 0 1
    outer loop
      vertex 5.17638 82.8185 5.5
      vertex 13.1998 112.762 5.5
      vertex 8.85606 113.725 5.5
    endloop
  endfacet
  facet normal 0 0 1
    outer loop
      vertex 21.5535 109.722 5.5
      vertex 8.45236 81.6262 5.5
      vertex 10 80.8205 5.5
    endloop
  endfacet
  facet normal 0 0 1
    outer loop
      vertex 17.443 111.424 5.5
      vertex 6.8404 82.2939 5.5
      vertex 8.45236 81.6262 5.5
    endloop
  endfacet
  facet normal 0 0 1
    outer loop
      vertex 13.1998 112.762 5.5
      vertex 5.17638 82.8185 5.5
      vertex 6.8404 82.2939 5.5
    endloop
  endfacet
  facet normal 0 0 1
    outer loop
      vertex 3.47296 83.1962 5.5
      vertex 8.85606 113.725 5.5
      vertex 4.44494 114.306 5.5
    endloop
  endfacet
  facet normal 0 0 1
    outer loop
      vertex 8.85606 113.725 5.5
      vertex 3.47296 83.1962 5.5
      vertex 5.17638 82.8185 5.5
    endloop
  endfacet
  facet normal 0 0 1
    outer loop
      vertex 4.44494 114.306 5.5
      vertex 1.74311 83.4239 5.5
      vertex 3.47296 83.1962 5.5
    endloop
  endfacet
  facet normal 0 0 1
    outer loop
      vertex 0 114.5 5.5
      vertex 1.74311 83.4239 5.5
      vertex 4.44494 114.306 5.5
    endloop
  endfacet
  facet normal 0 0 1
    outer loop
      vertex 0 114.5 5.5
      vertex 0 83.5 5.5
      vertex 1.74311 83.4239 5.5
    endloop
  endfacet
  facet normal 0 0 1
    outer loop
      vertex 0 114.5 5.5
      vertex -1.74311 83.4239 5.5
      vertex 0 83.5 5.5
    endloop
  endfacet
  facet normal -0 0 1
    outer loop
      vertex -4.44494 114.306 5.5
      vertex -1.74311 83.4239 5.5
      vertex 0 114.5 5.5
    endloop
  endfacet
  facet normal 0 0 1
    outer loop
      vertex -1.74311 83.4239 5.5
      vertex -4.44494 114.306 5.5
      vertex -3.47296 83.1962 5.5
    endloop
  endfacet
  facet normal -0 0 1
    outer loop
      vertex -8.85606 113.725 5.5
      vertex -3.47296 83.1962 5.5
      vertex -4.44494 114.306 5.5
    endloop
  endfacet
  facet normal 0 0 1
    outer loop
      vertex -3.47296 83.1962 5.5
      vertex -8.85606 113.725 5.5
      vertex -5.17638 82.8185 5.5
    endloop
  endfacet
  facet normal -0 0 1
    outer loop
      vertex -13.1998 112.762 5.5
      vertex -5.17638 82.8185 5.5
      vertex -8.85606 113.725 5.5
    endloop
  endfacet
  facet normal 0 0 1
    outer loop
      vertex -5.17638 82.8185 5.5
      vertex -13.1998 112.762 5.5
      vertex -6.8404 82.2939 5.5
    endloop
  endfacet
  facet normal -0 0 1
    outer loop
      vertex -17.443 111.424 5.5
      vertex -6.8404 82.2939 5.5
      vertex -13.1998 112.762 5.5
    endloop
  endfacet
  facet normal 0 0 1
    outer loop
      vertex -6.8404 82.2939 5.5
      vertex -17.443 111.424 5.5
      vertex -8.45236 81.6262 5.5
    endloop
  endfacet
  facet normal -0 0 1
    outer loop
      vertex -21.5535 109.722 5.5
      vertex -8.45236 81.6262 5.5
      vertex -17.443 111.424 5.5
    endloop
  endfacet
  facet normal 0 0 1
    outer loop
      vertex -8.45236 81.6262 5.5
      vertex -21.5535 109.722 5.5
      vertex -10 80.8205 5.5
    endloop
  endfacet
  facet normal -0 0 1
    outer loop
      vertex -25.5 107.667 5.5
      vertex -10 80.8205 5.5
      vertex -21.5535 109.722 5.5
    endloop
  endfacet
  facet normal 0 0 1
    outer loop
      vertex -10 80.8205 5.5
      vertex -25.5 107.667 5.5
      vertex -11.4715 79.883 5.5
    endloop
  endfacet
  facet normal -0 0 1
    outer loop
      vertex -29.2524 105.277 5.5
      vertex -11.4715 79.883 5.5
      vertex -25.5 107.667 5.5
    endloop
  endfacet
  facet normal 0 0 1
    outer loop
      vertex -11.4715 79.883 5.5
      vertex -29.2524 105.277 5.5
      vertex -12.8558 78.8209 5.5
    endloop
  endfacet
  facet normal -0 0 1
    outer loop
      vertex -32.7822 102.568 5.5
      vertex -12.8558 78.8209 5.5
      vertex -29.2524 105.277 5.5
    endloop
  endfacet
  facet normal 0 0 1
    outer loop
      vertex -12.8558 78.8209 5.5
      vertex -32.7822 102.568 5.5
      vertex -14.1421 77.6421 5.5
    endloop
  endfacet
  facet normal -0 0 1
    outer loop
      vertex -36.0624 99.5624 5.5
      vertex -14.1421 77.6421 5.5
      vertex -32.7822 102.568 5.5
    endloop
  endfacet
  facet normal 0 0 1
    outer loop
      vertex -14.1421 77.6421 5.5
      vertex -36.0624 99.5624 5.5
      vertex -15.3209 76.3558 5.5
    endloop
  endfacet
  facet normal -0 0 1
    outer loop
      vertex -39.0683 96.2822 5.5
      vertex -15.3209 76.3558 5.5
      vertex -36.0624 99.5624 5.5
    endloop
  endfacet
  facet normal 0 0 1
    outer loop
      vertex -15.3209 76.3558 5.5
      vertex -39.0683 96.2822 5.5
      vertex -16.383 74.9715 5.5
    endloop
  endfacet
  facet normal 0 0 1
    outer loop
      vertex -16.383 74.9715 5.5
      vertex -41.7768 92.7524 5.5
      vertex -17.3205 73.5 5.5
    endloop
  endfacet
  facet normal -0 0 1
    outer loop
      vertex -41.7768 92.7524 5.5
      vertex -16.383 74.9715 5.5
      vertex -39.0683 96.2822 5.5
    endloop
  endfacet
  facet normal -0 0 1
    outer loop
      vertex 16.383 52.0285 5.5
      vertex 41.7768 34.2476 5.5
      vertex 17.3205 53.5 5.5
    endloop
  endfacet
  facet normal 0 0 1
    outer loop
      vertex 41.7768 34.2476 5.5
      vertex 16.383 52.0285 5.5
      vertex 39.0683 30.7178 5.5
    endloop
  endfacet
  facet normal -0 0 1
    outer loop
      vertex 15.3209 50.6442 5.5
      vertex 39.0683 30.7178 5.5
      vertex 16.383 52.0285 5.5
    endloop
  endfacet
  facet normal 0 0 1
    outer loop
      vertex 39.0683 30.7178 5.5
      vertex 15.3209 50.6442 5.5
      vertex 36.0624 27.4376 5.5
    endloop
  endfacet
  facet normal -0 0 1
    outer loop
      vertex 14.1421 49.3579 5.5
      vertex 36.0624 27.4376 5.5
      vertex 15.3209 50.6442 5.5
    endloop
  endfacet
  facet normal 0 0 1
    outer loop
      vertex 36.0624 27.4376 5.5
      vertex 14.1421 49.3579 5.5
      vertex 32.7822 24.4317 5.5
    endloop
  endfacet
  facet normal -0 0 1
    outer loop
      vertex 12.8558 48.1791 5.5
      vertex 32.7822 24.4317 5.5
      vertex 14.1421 49.3579 5.5
    endloop
  endfacet
  facet normal 0 0 1
    outer loop
      vertex 32.7822 24.4317 5.5
      vertex 12.8558 48.1791 5.5
      vertex 29.2524 21.7232 5.5
    endloop
  endfacet
  facet normal -0 0 1
    outer loop
      vertex 11.4715 47.117 5.5
      vertex 29.2524 21.7232 5.5
      vertex 12.8558 48.1791 5.5
    endloop
  endfacet
  facet normal 0 0 1
    outer loop
      vertex 29.2524 21.7232 5.5
      vertex 11.4715 47.117 5.5
      vertex 25.5 19.3327 5.5
    endloop
  endfacet
  facet normal -0 0 1
    outer loop
      vertex 10 46.1795 5.5
      vertex 25.5 19.3327 5.5
      vertex 11.4715 47.117 5.5
    endloop
  endfacet
  facet normal 0 0 1
    outer loop
      vertex 25.5 19.3327 5.5
      vertex 10 46.1795 5.5
      vertex 21.5535 17.2783 5.5
    endloop
  endfacet
  facet normal -0 0 1
    outer loop
      vertex 8.45236 45.3738 5.5
      vertex 21.5535 17.2783 5.5
      vertex 10 46.1795 5.5
    endloop
  endfacet
  facet normal 0 0 1
    outer loop
      vertex 21.5535 17.2783 5.5
      vertex 8.45236 45.3738 5.5
      vertex 17.443 15.5757 5.5
    endloop
  endfacet
  facet normal -0 0 1
    outer loop
      vertex 6.8404 44.7061 5.5
      vertex 17.443 15.5757 5.5
      vertex 8.45236 45.3738 5.5
    endloop
  endfacet
  facet normal 0 0 1
    outer loop
      vertex 17.443 15.5757 5.5
      vertex 6.8404 44.7061 5.5
      vertex 13.1998 14.2378 5.5
    endloop
  endfacet
  facet normal -0 0 1
    outer loop
      vertex 5.17638 44.1815 5.5
      vertex 13.1998 14.2378 5.5
      vertex 6.8404 44.7061 5.5
    endloop
  endfacet
  facet normal 0 0 1
    outer loop
      vertex 13.1998 14.2378 5.5
      vertex 5.17638 44.1815 5.5
      vertex 8.85606 13.2748 5.5
    endloop
  endfacet
  facet normal -0 0 1
    outer loop
      vertex 3.47296 43.8038 5.5
      vertex 8.85606 13.2748 5.5
      vertex 5.17638 44.1815 5.5
    endloop
  endfacet
  facet normal 0 0 1
    outer loop
      vertex 8.85606 13.2748 5.5
      vertex 3.47296 43.8038 5.5
      vertex 4.44494 12.6941 5.5
    endloop
  endfacet
  facet normal -0 0 1
    outer loop
      vertex 1.74311 43.5761 5.5
      vertex 4.44494 12.6941 5.5
      vertex 3.47296 43.8038 5.5
    endloop
  endfacet
  facet normal -0 0 1
    outer loop
      vertex 0 43.5 5.5
      vertex 4.44494 12.6941 5.5
      vertex 1.74311 43.5761 5.5
    endloop
  endfacet
  facet normal 0 0 1
    outer loop
      vertex 0 43.5 5.5
      vertex 0 12.5 5.5
      vertex 4.44494 12.6941 5.5
    endloop
  endfacet
  facet normal 0 0 1
    outer loop
      vertex -1.74311 43.5761 5.5
      vertex 0 12.5 5.5
      vertex 0 43.5 5.5
    endloop
  endfacet
  facet normal 0 0 1
    outer loop
      vertex -4.44494 12.6941 5.5
      vertex -1.74311 43.5761 5.5
      vertex -3.47296 43.8038 5.5
    endloop
  endfacet
  facet normal 0 0 1
    outer loop
      vertex -1.74311 43.5761 5.5
      vertex -4.44494 12.6941 5.5
      vertex 0 12.5 5.5
    endloop
  endfacet
  facet normal 0 0 1
    outer loop
      vertex -8.85606 13.2748 5.5
      vertex -3.47296 43.8038 5.5
      vertex -5.17638 44.1815 5.5
    endloop
  endfacet
  facet normal 0 0 1
    outer loop
      vertex -13.1998 14.2378 5.5
      vertex -5.17638 44.1815 5.5
      vertex -6.8404 44.7061 5.5
    endloop
  endfacet
  facet normal 0 0 1
    outer loop
      vertex -17.443 15.5757 5.5
      vertex -6.8404 44.7061 5.5
      vertex -8.45236 45.3738 5.5
    endloop
  endfacet
  facet normal 0 0 1
    outer loop
      vertex -3.47296 43.8038 5.5
      vertex -8.85606 13.2748 5.5
      vertex -4.44494 12.6941 5.5
    endloop
  endfacet
  facet normal 0 0 1
    outer loop
      vertex -21.5535 17.2783 5.5
      vertex -8.45236 45.3738 5.5
      vertex -10 46.1795 5.5
    endloop
  endfacet
  facet normal 0 0 1
    outer loop
      vertex -25.5 19.3327 5.5
      vertex -10 46.1795 5.5
      vertex -11.4715 47.117 5.5
    endloop
  endfacet
  facet normal 0 0 1
    outer loop
      vertex -29.2524 21.7232 5.5
      vertex -11.4715 47.117 5.5
      vertex -12.8558 48.1791 5.5
    endloop
  endfacet
  facet normal 0 0 1
    outer loop
      vertex -5.17638 44.1815 5.5
      vertex -13.1998 14.2378 5.5
      vertex -8.85606 13.2748 5.5
    endloop
  endfacet
  facet normal 0 0 1
    outer loop
      vertex -32.7822 24.4317 5.5
      vertex -12.8558 48.1791 5.5
      vertex -14.1421 49.3579 5.5
    endloop
  endfacet
  facet normal 0 0 1
    outer loop
      vertex -36.0624 27.4376 5.5
      vertex -14.1421 49.3579 5.5
      vertex -15.3209 50.6442 5.5
    endloop
  endfacet
  facet normal 0 0 1
    outer loop
      vertex -39.0683 30.7178 5.5
      vertex -15.3209 50.6442 5.5
      vertex -16.383 52.0285 5.5
    endloop
  endfacet
  facet normal 0 0 1
    outer loop
      vertex -41.7768 34.2476 5.5
      vertex -16.383 52.0285 5.5
      vertex -17.3205 53.5 5.5
    endloop
  endfacet
  facet normal 0 0 1
    outer loop
      vertex -6.8404 44.7061 5.5
      vertex -17.443 15.5757 5.5
      vertex -13.1998 14.2378 5.5
    endloop
  endfacet
  facet normal 0 0 1
    outer loop
      vertex -44.1673 38 5.5
      vertex -17.3205 53.5 5.5
      vertex -18.1262 55.0476 5.5
    endloop
  endfacet
  facet normal 0 0 1
    outer loop
      vertex -46.2217 41.9465 5.5
      vertex -18.1262 55.0476 5.5
      vertex -18.7939 56.6596 5.5
    endloop
  endfacet
  facet normal 0 0 1
    outer loop
      vertex -47.9243 46.057 5.5
      vertex -18.7939 56.6596 5.5
      vertex -19.3185 58.3236 5.5
    endloop
  endfacet
  facet normal 0 0 1
    outer loop
      vertex -49.2622 50.3002 5.5
      vertex -19.3185 58.3236 5.5
      vertex -19.6962 60.027 5.5
    endloop
  endfacet
  facet normal 0 0 1
    outer loop
      vertex -50.2252 54.6439 5.5
      vertex -19.6962 60.027 5.5
      vertex -19.9239 61.7569 5.5
    endloop
  endfacet
  facet normal 0 0 1
    outer loop
      vertex -8.45236 45.3738 5.5
      vertex -21.5535 17.2783 5.5
      vertex -17.443 15.5757 5.5
    endloop
  endfacet
  facet normal 0 0 1
    outer loop
      vertex -50.8059 59.0551 5.5
      vertex -19.9239 61.7569 5.5
      vertex -20 63.5 5.5
    endloop
  endfacet
  facet normal -0 0 1
    outer loop
      vertex -44.1673 89 5.5
      vertex -17.3205 73.5 5.5
      vertex -41.7768 92.7524 5.5
    endloop
  endfacet
  facet normal 0 0 1
    outer loop
      vertex -17.3205 73.5 5.5
      vertex -44.1673 89 5.5
      vertex -18.1262 71.9524 5.5
    endloop
  endfacet
  facet normal 0 0 1
    outer loop
      vertex -10 46.1795 5.5
      vertex -25.5 19.3327 5.5
      vertex -21.5535 17.2783 5.5
    endloop
  endfacet
  facet normal -0 0 1
    outer loop
      vertex -46.2217 85.0535 5.5
      vertex -18.1262 71.9524 5.5
      vertex -44.1673 89 5.5
    endloop
  endfacet
  facet normal 0 0 1
    outer loop
      vertex -11.4715 47.117 5.5
      vertex -29.2524 21.7232 5.5
      vertex -25.5 19.3327 5.5
    endloop
  endfacet
  facet normal 0 0 1
    outer loop
      vertex -18.1262 71.9524 5.5
      vertex -46.2217 85.0535 5.5
      vertex -18.7939 70.3404 5.5
    endloop
  endfacet
  facet normal 0 0 1
    outer loop
      vertex -12.8558 48.1791 5.5
      vertex -32.7822 24.4317 5.5
      vertex -29.2524 21.7232 5.5
    endloop
  endfacet
  facet normal -0 0 1
    outer loop
      vertex -47.9243 80.943 5.5
      vertex -18.7939 70.3404 5.5
      vertex -46.2217 85.0535 5.5
    endloop
  endfacet
  facet normal 0 0 1
    outer loop
      vertex -14.1421 49.3579 5.5
      vertex -36.0624 27.4376 5.5
      vertex -32.7822 24.4317 5.5
    endloop
  endfacet
  facet normal 0 0 1
    outer loop
      vertex -18.7939 70.3404 5.5
      vertex -47.9243 80.943 5.5
      vertex -19.3185 68.6764 5.5
    endloop
  endfacet
  facet normal 0 0 1
    outer loop
      vertex -15.3209 50.6442 5.5
      vertex -39.0683 30.7178 5.5
      vertex -36.0624 27.4376 5.5
    endloop
  endfacet
  facet normal -0 0 1
    outer loop
      vertex -49.2622 76.6998 5.5
      vertex -19.3185 68.6764 5.5
      vertex -47.9243 80.943 5.5
    endloop
  endfacet
  facet normal 0 0 1
    outer loop
      vertex -16.383 52.0285 5.5
      vertex -41.7768 34.2476 5.5
      vertex -39.0683 30.7178 5.5
    endloop
  endfacet
  facet normal 0 0 1
    outer loop
      vertex -19.3185 68.6764 5.5
      vertex -49.2622 76.6998 5.5
      vertex -19.6962 66.973 5.5
    endloop
  endfacet
  facet normal 0 0 1
    outer loop
      vertex -17.3205 53.5 5.5
      vertex -44.1673 38 5.5
      vertex -41.7768 34.2476 5.5
    endloop
  endfacet
  facet normal -0 0 1
    outer loop
      vertex -50.2252 72.3561 5.5
      vertex -19.6962 66.973 5.5
      vertex -49.2622 76.6998 5.5
    endloop
  endfacet
  facet normal 0 0 1
    outer loop
      vertex -18.1262 55.0476 5.5
      vertex -46.2217 41.9465 5.5
      vertex -44.1673 38 5.5
    endloop
  endfacet
  facet normal 0 0 1
    outer loop
      vertex -19.6962 66.973 5.5
      vertex -50.2252 72.3561 5.5
      vertex -19.9239 65.2431 5.5
    endloop
  endfacet
  facet normal 0 0 1
    outer loop
      vertex -18.7939 56.6596 5.5
      vertex -47.9243 46.057 5.5
      vertex -46.2217 41.9465 5.5
    endloop
  endfacet
  facet normal -0 0 1
    outer loop
      vertex -50.8059 67.9449 5.5
      vertex -19.9239 65.2431 5.5
      vertex -50.2252 72.3561 5.5
    endloop
  endfacet
  facet normal 0 0 1
    outer loop
      vertex -19.3185 58.3236 5.5
      vertex -49.2622 50.3002 5.5
      vertex -47.9243 46.057 5.5
    endloop
  endfacet
  facet normal 0 0 1
    outer loop
      vertex -19.9239 65.2431 5.5
      vertex -50.8059 67.9449 5.5
      vertex -20 63.5 5.5
    endloop
  endfacet
  facet normal 0 0 1
    outer loop
      vertex -19.6962 60.027 5.5
      vertex -50.2252 54.6439 5.5
      vertex -49.2622 50.3002 5.5
    endloop
  endfacet
  facet normal 0 0 1
    outer loop
      vertex -51 63.5 5.5
      vertex -20 63.5 5.5
      vertex -50.8059 67.9449 5.5
    endloop
  endfacet
  facet normal 0 0 1
    outer loop
      vertex -19.9239 61.7569 5.5
      vertex -50.8059 59.0551 5.5
      vertex -50.2252 54.6439 5.5
    endloop
  endfacet
  facet normal 0 0 1
    outer loop
      vertex -20 63.5 5.5
      vertex -51 63.5 5.5
      vertex -50.8059 59.0551 5.5
    endloop
  endfacet
  facet normal 0 0 1
    outer loop
      vertex -30.5114 132.325 5.5
      vertex -30.5114 131.8 5.5
      vertex -30.5 132.063 5.5
    endloop
  endfacet
  facet normal 0 0 1
    outer loop
      vertex -30.5456 132.586 5.5
      vertex -30.5114 131.8 5.5
      vertex -30.5114 132.325 5.5
    endloop
  endfacet
  facet normal 0 0 1
    outer loop
      vertex -30.5456 132.586 5.5
      vertex -30.5456 131.54 5.5
      vertex -30.5114 131.8 5.5
    endloop
  endfacet
  facet normal 0 0 1
    outer loop
      vertex -30.6022 132.842 5.5
      vertex -30.5456 131.54 5.5
      vertex -30.5456 132.586 5.5
    endloop
  endfacet
  facet normal 0 0 1
    outer loop
      vertex -30.6022 132.842 5.5
      vertex -30.6022 131.283 5.5
      vertex -30.5456 131.54 5.5
    endloop
  endfacet
  facet normal 0 0 1
    outer loop
      vertex -30.6809 133.093 5.5
      vertex -30.6022 131.283 5.5
      vertex -30.6022 132.842 5.5
    endloop
  endfacet
  facet normal 0 0 1
    outer loop
      vertex -30.6809 133.093 5.5
      vertex -30.6809 131.033 5.5
      vertex -30.6022 131.283 5.5
    endloop
  endfacet
  facet normal 0 0 1
    outer loop
      vertex -30.7811 133.335 5.5
      vertex -30.6809 131.033 5.5
      vertex -30.6809 133.093 5.5
    endloop
  endfacet
  facet normal 0 0 1
    outer loop
      vertex -30.7811 133.335 5.5
      vertex -30.7811 130.79 5.5
      vertex -30.6809 131.033 5.5
    endloop
  endfacet
  facet normal 0 0 1
    outer loop
      vertex -30.9019 133.568 5.5
      vertex -30.7811 130.79 5.5
      vertex -30.7811 133.335 5.5
    endloop
  endfacet
  facet normal 0 0 1
    outer loop
      vertex -30.9019 133.568 5.5
      vertex -30.9019 130.557 5.5
      vertex -30.7811 130.79 5.5
    endloop
  endfacet
  facet normal 0 0 1
    outer loop
      vertex -31.0425 133.79 5.5
      vertex -30.9019 130.557 5.5
      vertex -30.9019 133.568 5.5
    endloop
  endfacet
  facet normal 0 0 1
    outer loop
      vertex -31.0425 133.79 5.5
      vertex -31.0425 130.335 5.5
      vertex -30.9019 130.557 5.5
    endloop
  endfacet
  facet normal 0 0 1
    outer loop
      vertex -31.2019 133.998 5.5
      vertex -31.0425 130.335 5.5
      vertex -31.0425 133.79 5.5
    endloop
  endfacet
  facet normal 0 0 1
    outer loop
      vertex -31.2019 133.998 5.5
      vertex -31.2019 130.127 5.5
      vertex -31.0425 130.335 5.5
    endloop
  endfacet
  facet normal 0 0 1
    outer loop
      vertex -31.3787 134.192 5.5
      vertex -31.2019 130.127 5.5
      vertex -31.2019 133.998 5.5
    endloop
  endfacet
  facet normal 0 0 1
    outer loop
      vertex -31.3787 134.192 5.5
      vertex -31.3787 129.933 5.5
      vertex -31.2019 130.127 5.5
    endloop
  endfacet
  facet normal 0 0 1
    outer loop
      vertex -31.5716 134.37 5.5
      vertex -31.3787 129.933 5.5
      vertex -31.3787 134.192 5.5
    endloop
  endfacet
  facet normal 0 0 1
    outer loop
      vertex -31.5716 134.37 5.5
      vertex -31.5716 129.756 5.5
      vertex -31.3787 129.933 5.5
    endloop
  endfacet
  facet normal 0 0 1
    outer loop
      vertex -31.7793 134.53 5.5
      vertex -31.5716 129.756 5.5
      vertex -31.5716 134.37 5.5
    endloop
  endfacet
  facet normal 0 0 1
    outer loop
      vertex -31.7793 134.53 5.5
      vertex -31.7793 129.596 5.5
      vertex -31.5716 129.756 5.5
    endloop
  endfacet
  facet normal 0 0 1
    outer loop
      vertex -32 134.671 5.5
      vertex -31.7793 129.596 5.5
      vertex -31.7793 134.53 5.5
    endloop
  endfacet
  facet normal 0 0 1
    outer loop
      vertex -32 134.671 5.5
      vertex -32 129.455 5.5
      vertex -31.7793 129.596 5.5
    endloop
  endfacet
  facet normal 0 0 1
    outer loop
      vertex -32.2321 134.792 5.5
      vertex -32 129.455 5.5
      vertex -32 134.671 5.5
    endloop
  endfacet
  facet normal 0 0 1
    outer loop
      vertex -32.2321 134.792 5.5
      vertex -32.2321 129.333 5.5
      vertex -32 129.455 5.5
    endloop
  endfacet
  facet normal 0 0 1
    outer loop
      vertex -32.4739 134.893 5.5
      vertex -32.2321 129.333 5.5
      vertex -32.2321 134.792 5.5
    endloop
  endfacet
  facet normal 0 0 1
    outer loop
      vertex -32.4739 134.893 5.5
      vertex -32.4739 129.233 5.5
      vertex -32.2321 129.333 5.5
    endloop
  endfacet
  facet normal 0 0 1
    outer loop
      vertex -32.7235 134.972 5.5
      vertex -32.4739 129.233 5.5
      vertex -32.4739 134.893 5.5
    endloop
  endfacet
  facet normal 0 0 1
    outer loop
      vertex -32.7235 134.972 5.5
      vertex -32.7235 129.154 5.5
      vertex -32.4739 129.233 5.5
    endloop
  endfacet
  facet normal 0 0 1
    outer loop
      vertex -32.9791 135.028 5.5
      vertex -32.7235 129.154 5.5
      vertex -32.7235 134.972 5.5
    endloop
  endfacet
  facet normal 0 0 1
    outer loop
      vertex -32.9791 135.028 5.5
      vertex -32.9791 129.097 5.5
      vertex -32.7235 129.154 5.5
    endloop
  endfacet
  facet normal 0 0 1
    outer loop
      vertex -33.2385 135.063 5.5
      vertex -32.9791 129.097 5.5
      vertex -32.9791 135.028 5.5
    endloop
  endfacet
  facet normal 0 0 1
    outer loop
      vertex -33.2385 135.063 5.5
      vertex -33.2385 129.063 5.5
      vertex -32.9791 129.097 5.5
    endloop
  endfacet
  facet normal 0 0 1
    outer loop
      vertex -33.5 135.074 5.5
      vertex -33.2385 129.063 5.5
      vertex -33.2385 135.063 5.5
    endloop
  endfacet
  facet normal 0 0 1
    outer loop
      vertex -33.5 135.074 5.5
      vertex -33.5 129.051 5.5
      vertex -33.2385 129.063 5.5
    endloop
  endfacet
  facet normal -0 0 1
    outer loop
      vertex -33.7615 135.063 5.5
      vertex -33.5 129.051 5.5
      vertex -33.5 135.074 5.5
    endloop
  endfacet
  facet normal 0 0 1
    outer loop
      vertex -33.7615 135.063 5.5
      vertex -33.7615 129.063 5.5
      vertex -33.5 129.051 5.5
    endloop
  endfacet
  facet normal -0 0 1
    outer loop
      vertex -34.0209 135.028 5.5
      vertex -33.7615 129.063 5.5
      vertex -33.7615 135.063 5.5
    endloop
  endfacet
  facet normal 0 0 1
    outer loop
      vertex -34.0209 135.028 5.5
      vertex -34.0209 129.097 5.5
      vertex -33.7615 129.063 5.5
    endloop
  endfacet
  facet normal -0 0 1
    outer loop
      vertex -34.2765 134.972 5.5
      vertex -34.0209 129.097 5.5
      vertex -34.0209 135.028 5.5
    endloop
  endfacet
  facet normal 0 0 1
    outer loop
      vertex -34.2765 134.972 5.5
      vertex -34.2765 129.154 5.5
      vertex -34.0209 129.097 5.5
    endloop
  endfacet
  facet normal -0 0 1
    outer loop
      vertex -34.5261 134.893 5.5
      vertex -34.2765 129.154 5.5
      vertex -34.2765 134.972 5.5
    endloop
  endfacet
  facet normal 0 0 1
    outer loop
      vertex -34.5261 134.893 5.5
      vertex -34.5261 129.233 5.5
      vertex -34.2765 129.154 5.5
    endloop
  endfacet
  facet normal -0 0 1
    outer loop
      vertex -34.7679 134.792 5.5
      vertex -34.5261 129.233 5.5
      vertex -34.5261 134.893 5.5
    endloop
  endfacet
  facet normal 0 0 1
    outer loop
      vertex -34.7679 134.792 5.5
      vertex -34.7679 129.333 5.5
      vertex -34.5261 129.233 5.5
    endloop
  endfacet
  facet normal -0 0 1
    outer loop
      vertex -35 134.671 5.5
      vertex -34.7679 129.333 5.5
      vertex -34.7679 134.792 5.5
    endloop
  endfacet
  facet normal 0 0 1
    outer loop
      vertex -35 134.671 5.5
      vertex -35 129.455 5.5
      vertex -34.7679 129.333 5.5
    endloop
  endfacet
  facet normal -0 0 1
    outer loop
      vertex -35.2207 134.53 5.5
      vertex -35 129.455 5.5
      vertex -35 134.671 5.5
    endloop
  endfacet
  facet normal 0 0 1
    outer loop
      vertex -35.2207 134.53 5.5
      vertex -35.2207 129.596 5.5
      vertex -35 129.455 5.5
    endloop
  endfacet
  facet normal -0 0 1
    outer loop
      vertex -35.4284 134.37 5.5
      vertex -35.2207 129.596 5.5
      vertex -35.2207 134.53 5.5
    endloop
  endfacet
  facet normal 0 0 1
    outer loop
      vertex -35.4284 134.37 5.5
      vertex -35.4284 129.756 5.5
      vertex -35.2207 129.596 5.5
    endloop
  endfacet
  facet normal -0 0 1
    outer loop
      vertex -35.6213 134.192 5.5
      vertex -35.4284 129.756 5.5
      vertex -35.4284 134.37 5.5
    endloop
  endfacet
  facet normal 0 0 1
    outer loop
      vertex -35.6213 134.192 5.5
      vertex -35.6213 129.933 5.5
      vertex -35.4284 129.756 5.5
    endloop
  endfacet
  facet normal -0 0 1
    outer loop
      vertex -35.7981 133.998 5.5
      vertex -35.6213 129.933 5.5
      vertex -35.6213 134.192 5.5
    endloop
  endfacet
  facet normal 0 0 1
    outer loop
      vertex -35.7981 133.998 5.5
      vertex -35.7981 130.127 5.5
      vertex -35.6213 129.933 5.5
    endloop
  endfacet
  facet normal -0 0 1
    outer loop
      vertex -35.9575 133.79 5.5
      vertex -35.7981 130.127 5.5
      vertex -35.7981 133.998 5.5
    endloop
  endfacet
  facet normal 0 0 1
    outer loop
      vertex -35.9575 133.79 5.5
      vertex -35.9575 130.335 5.5
      vertex -35.7981 130.127 5.5
    endloop
  endfacet
  facet normal -0 0 1
    outer loop
      vertex -36.0981 133.568 5.5
      vertex -35.9575 130.335 5.5
      vertex -35.9575 133.79 5.5
    endloop
  endfacet
  facet normal 0 0 1
    outer loop
      vertex -36.0981 133.568 5.5
      vertex -36.0981 130.557 5.5
      vertex -35.9575 130.335 5.5
    endloop
  endfacet
  facet normal -0 0 1
    outer loop
      vertex -36.2189 133.335 5.5
      vertex -36.0981 130.557 5.5
      vertex -36.0981 133.568 5.5
    endloop
  endfacet
  facet normal 0 0 1
    outer loop
      vertex -36.2189 133.335 5.5
      vertex -36.2189 130.79 5.5
      vertex -36.0981 130.557 5.5
    endloop
  endfacet
  facet normal -0 0 1
    outer loop
      vertex -36.3191 133.093 5.5
      vertex -36.2189 130.79 5.5
      vertex -36.2189 133.335 5.5
    endloop
  endfacet
  facet normal 0 0 1
    outer loop
      vertex -36.3191 133.093 5.5
      vertex -36.3191 131.033 5.5
      vertex -36.2189 130.79 5.5
    endloop
  endfacet
  facet normal -0 0 1
    outer loop
      vertex -36.3978 132.842 5.5
      vertex -36.3191 131.033 5.5
      vertex -36.3191 133.093 5.5
    endloop
  endfacet
  facet normal 0 0 1
    outer loop
      vertex -36.3978 132.842 5.5
      vertex -36.3978 131.283 5.5
      vertex -36.3191 131.033 5.5
    endloop
  endfacet
  facet normal -0 0 1
    outer loop
      vertex -36.4544 132.586 5.5
      vertex -36.3978 131.283 5.5
      vertex -36.3978 132.842 5.5
    endloop
  endfacet
  facet normal 0 0 1
    outer loop
      vertex -36.4544 132.586 5.5
      vertex -36.4544 131.54 5.5
      vertex -36.3978 131.283 5.5
    endloop
  endfacet
  facet normal -0 0 1
    outer loop
      vertex -36.4886 132.325 5.5
      vertex -36.4544 131.54 5.5
      vertex -36.4544 132.586 5.5
    endloop
  endfacet
  facet normal 0 0 1
    outer loop
      vertex -36.4886 132.325 5.5
      vertex -36.4886 131.8 5.5
      vertex -36.4544 131.54 5.5
    endloop
  endfacet
  facet normal 0 -0 1
    outer loop
      vertex -36.4886 131.8 5.5
      vertex -36.4886 132.325 5.5
      vertex -36.5 132.063 5.5
    endloop
  endfacet
  facet normal 0 0 1
    outer loop
      vertex 36.4886 132.325 5.5
      vertex 36.4886 131.8 5.5
      vertex 36.5 132.063 5.5
    endloop
  endfacet
  facet normal 0 0 1
    outer loop
      vertex 36.4544 132.586 5.5
      vertex 36.4886 131.8 5.5
      vertex 36.4886 132.325 5.5
    endloop
  endfacet
  facet normal 0 0 1
    outer loop
      vertex 36.4544 132.586 5.5
      vertex 36.4544 131.54 5.5
      vertex 36.4886 131.8 5.5
    endloop
  endfacet
  facet normal 0 0 1
    outer loop
      vertex 36.3978 132.842 5.5
      vertex 36.4544 131.54 5.5
      vertex 36.4544 132.586 5.5
    endloop
  endfacet
  facet normal 0 0 1
    outer loop
      vertex 36.3978 132.842 5.5
      vertex 36.3978 131.283 5.5
      vertex 36.4544 131.54 5.5
    endloop
  endfacet
  facet normal 0 0 1
    outer loop
      vertex 36.3191 133.093 5.5
      vertex 36.3978 131.283 5.5
      vertex 36.3978 132.842 5.5
    endloop
  endfacet
  facet normal 0 0 1
    outer loop
      vertex 36.3191 133.093 5.5
      vertex 36.3191 131.033 5.5
      vertex 36.3978 131.283 5.5
    endloop
  endfacet
  facet normal 0 0 1
    outer loop
      vertex 36.2189 133.335 5.5
      vertex 36.3191 131.033 5.5
      vertex 36.3191 133.093 5.5
    endloop
  endfacet
  facet normal 0 0 1
    outer loop
      vertex 36.2189 133.335 5.5
      vertex 36.2189 130.79 5.5
      vertex 36.3191 131.033 5.5
    endloop
  endfacet
  facet normal 0 0 1
    outer loop
      vertex 36.0981 133.568 5.5
      vertex 36.2189 130.79 5.5
      vertex 36.2189 133.335 5.5
    endloop
  endfacet
  facet normal 0 0 1
    outer loop
      vertex 36.0981 133.568 5.5
      vertex 36.0981 130.557 5.5
      vertex 36.2189 130.79 5.5
    endloop
  endfacet
  facet normal 0 0 1
    outer loop
      vertex 35.9575 133.79 5.5
      vertex 36.0981 130.557 5.5
      vertex 36.0981 133.568 5.5
    endloop
  endfacet
  facet normal 0 0 1
    outer loop
      vertex 35.9575 133.79 5.5
      vertex 35.9575 130.335 5.5
      vertex 36.0981 130.557 5.5
    endloop
  endfacet
  facet normal 0 0 1
    outer loop
      vertex 35.7981 133.998 5.5
      vertex 35.9575 130.335 5.5
      vertex 35.9575 133.79 5.5
    endloop
  endfacet
  facet normal 0 0 1
    outer loop
      vertex 35.7981 133.998 5.5
      vertex 35.7981 130.127 5.5
      vertex 35.9575 130.335 5.5
    endloop
  endfacet
  facet normal 0 0 1
    outer loop
      vertex 35.6213 134.192 5.5
      vertex 35.7981 130.127 5.5
      vertex 35.7981 133.998 5.5
    endloop
  endfacet
  facet normal 0 0 1
    outer loop
      vertex 35.6213 134.192 5.5
      vertex 35.6213 129.933 5.5
      vertex 35.7981 130.127 5.5
    endloop
  endfacet
  facet normal 0 0 1
    outer loop
      vertex 35.4284 134.37 5.5
      vertex 35.6213 129.933 5.5
      vertex 35.6213 134.192 5.5
    endloop
  endfacet
  facet normal 0 0 1
    outer loop
      vertex 35.4284 134.37 5.5
      vertex 35.4284 129.756 5.5
      vertex 35.6213 129.933 5.5
    endloop
  endfacet
  facet normal 0 0 1
    outer loop
      vertex 35.2207 134.53 5.5
      vertex 35.4284 129.756 5.5
      vertex 35.4284 134.37 5.5
    endloop
  endfacet
  facet normal 0 0 1
    outer loop
      vertex 35.2207 134.53 5.5
      vertex 35.2207 129.596 5.5
      vertex 35.4284 129.756 5.5
    endloop
  endfacet
  facet normal 0 0 1
    outer loop
      vertex 35 134.671 5.5
      vertex 35.2207 129.596 5.5
      vertex 35.2207 134.53 5.5
    endloop
  endfacet
  facet normal 0 0 1
    outer loop
      vertex 35 134.671 5.5
      vertex 35 129.455 5.5
      vertex 35.2207 129.596 5.5
    endloop
  endfacet
  facet normal 0 0 1
    outer loop
      vertex 34.7679 134.792 5.5
      vertex 35 129.455 5.5
      vertex 35 134.671 5.5
    endloop
  endfacet
  facet normal 0 0 1
    outer loop
      vertex 34.7679 134.792 5.5
      vertex 34.7679 129.333 5.5
      vertex 35 129.455 5.5
    endloop
  endfacet
  facet normal 0 0 1
    outer loop
      vertex 34.5261 134.893 5.5
      vertex 34.7679 129.333 5.5
      vertex 34.7679 134.792 5.5
    endloop
  endfacet
  facet normal 0 0 1
    outer loop
      vertex 34.5261 134.893 5.5
      vertex 34.5261 129.233 5.5
      vertex 34.7679 129.333 5.5
    endloop
  endfacet
  facet normal 0 0 1
    outer loop
      vertex 34.2765 134.972 5.5
      vertex 34.5261 129.233 5.5
      vertex 34.5261 134.893 5.5
    endloop
  endfacet
  facet normal 0 0 1
    outer loop
      vertex 34.2765 134.972 5.5
      vertex 34.2765 129.154 5.5
      vertex 34.5261 129.233 5.5
    endloop
  endfacet
  facet normal 0 0 1
    outer loop
      vertex 34.0209 135.028 5.5
      vertex 34.2765 129.154 5.5
      vertex 34.2765 134.972 5.5
    endloop
  endfacet
  facet normal 0 0 1
    outer loop
      vertex 34.0209 135.028 5.5
      vertex 34.0209 129.097 5.5
      vertex 34.2765 129.154 5.5
    endloop
  endfacet
  facet normal 0 0 1
    outer loop
      vertex 33.7615 135.063 5.5
      vertex 34.0209 129.097 5.5
      vertex 34.0209 135.028 5.5
    endloop
  endfacet
  facet normal 0 0 1
    outer loop
      vertex 33.7615 135.063 5.5
      vertex 33.7615 129.063 5.5
      vertex 34.0209 129.097 5.5
    endloop
  endfacet
  facet normal 0 0 1
    outer loop
      vertex 33.5 135.074 5.5
      vertex 33.7615 129.063 5.5
      vertex 33.7615 135.063 5.5
    endloop
  endfacet
  facet normal 0 0 1
    outer loop
      vertex 33.5 135.074 5.5
      vertex 33.5 129.051 5.5
      vertex 33.7615 129.063 5.5
    endloop
  endfacet
  facet normal -0 0 1
    outer loop
      vertex 33.2385 135.063 5.5
      vertex 33.5 129.051 5.5
      vertex 33.5 135.074 5.5
    endloop
  endfacet
  facet normal 0 0 1
    outer loop
      vertex 33.2385 135.063 5.5
      vertex 33.2385 129.063 5.5
      vertex 33.5 129.051 5.5
    endloop
  endfacet
  facet normal -0 0 1
    outer loop
      vertex 32.9791 135.028 5.5
      vertex 33.2385 129.063 5.5
      vertex 33.2385 135.063 5.5
    endloop
  endfacet
  facet normal 0 0 1
    outer loop
      vertex 32.9791 135.028 5.5
      vertex 32.9791 129.097 5.5
      vertex 33.2385 129.063 5.5
    endloop
  endfacet
  facet normal -0 0 1
    outer loop
      vertex 32.7235 134.972 5.5
      vertex 32.9791 129.097 5.5
      vertex 32.9791 135.028 5.5
    endloop
  endfacet
  facet normal 0 0 1
    outer loop
      vertex 32.7235 134.972 5.5
      vertex 32.7235 129.154 5.5
      vertex 32.9791 129.097 5.5
    endloop
  endfacet
  facet normal -0 0 1
    outer loop
      vertex 32.4739 134.893 5.5
      vertex 32.7235 129.154 5.5
      vertex 32.7235 134.972 5.5
    endloop
  endfacet
  facet normal 0 0 1
    outer loop
      vertex 32.4739 134.893 5.5
      vertex 32.4739 129.233 5.5
      vertex 32.7235 129.154 5.5
    endloop
  endfacet
  facet normal -0 0 1
    outer loop
      vertex 32.2321 134.792 5.5
      vertex 32.4739 129.233 5.5
      vertex 32.4739 134.893 5.5
    endloop
  endfacet
  facet normal 0 0 1
    outer loop
      vertex 32.2321 134.792 5.5
      vertex 32.2321 129.333 5.5
      vertex 32.4739 129.233 5.5
    endloop
  endfacet
  facet normal -0 0 1
    outer loop
      vertex 32 134.671 5.5
      vertex 32.2321 129.333 5.5
      vertex 32.2321 134.792 5.5
    endloop
  endfacet
  facet normal 0 0 1
    outer loop
      vertex 32 134.671 5.5
      vertex 32 129.455 5.5
      vertex 32.2321 129.333 5.5
    endloop
  endfacet
  facet normal -0 0 1
    outer loop
      vertex 31.7793 134.53 5.5
      vertex 32 129.455 5.5
      vertex 32 134.671 5.5
    endloop
  endfacet
  facet normal 0 0 1
    outer loop
      vertex 31.7793 134.53 5.5
      vertex 31.7793 129.596 5.5
      vertex 32 129.455 5.5
    endloop
  endfacet
  facet normal -0 0 1
    outer loop
      vertex 31.5716 134.37 5.5
      vertex 31.7793 129.596 5.5
      vertex 31.7793 134.53 5.5
    endloop
  endfacet
  facet normal 0 0 1
    outer loop
      vertex 31.5716 134.37 5.5
      vertex 31.5716 129.756 5.5
      vertex 31.7793 129.596 5.5
    endloop
  endfacet
  facet normal -0 0 1
    outer loop
      vertex 31.3787 134.192 5.5
      vertex 31.5716 129.756 5.5
      vertex 31.5716 134.37 5.5
    endloop
  endfacet
  facet normal 0 0 1
    outer loop
      vertex 31.3787 134.192 5.5
      vertex 31.3787 129.933 5.5
      vertex 31.5716 129.756 5.5
    endloop
  endfacet
  facet normal -0 0 1
    outer loop
      vertex 31.2019 133.998 5.5
      vertex 31.3787 129.933 5.5
      vertex 31.3787 134.192 5.5
    endloop
  endfacet
  facet normal 0 0 1
    outer loop
      vertex 31.2019 133.998 5.5
      vertex 31.2019 130.127 5.5
      vertex 31.3787 129.933 5.5
    endloop
  endfacet
  facet normal -0 0 1
    outer loop
      vertex 31.0425 133.79 5.5
      vertex 31.2019 130.127 5.5
      vertex 31.2019 133.998 5.5
    endloop
  endfacet
  facet normal 0 0 1
    outer loop
      vertex 31.0425 133.79 5.5
      vertex 31.0425 130.335 5.5
      vertex 31.2019 130.127 5.5
    endloop
  endfacet
  facet normal -0 0 1
    outer loop
      vertex 30.9019 133.568 5.5
      vertex 31.0425 130.335 5.5
      vertex 31.0425 133.79 5.5
    endloop
  endfacet
  facet normal 0 0 1
    outer loop
      vertex 30.9019 133.568 5.5
      vertex 30.9019 130.557 5.5
      vertex 31.0425 130.335 5.5
    endloop
  endfacet
  facet normal -0 0 1
    outer loop
      vertex 30.7811 133.335 5.5
      vertex 30.9019 130.557 5.5
      vertex 30.9019 133.568 5.5
    endloop
  endfacet
  facet normal 0 0 1
    outer loop
      vertex 30.7811 133.335 5.5
      vertex 30.7811 130.79 5.5
      vertex 30.9019 130.557 5.5
    endloop
  endfacet
  facet normal -0 0 1
    outer loop
      vertex 30.6809 133.093 5.5
      vertex 30.7811 130.79 5.5
      vertex 30.7811 133.335 5.5
    endloop
  endfacet
  facet normal 0 0 1
    outer loop
      vertex 30.6809 133.093 5.5
      vertex 30.6809 131.033 5.5
      vertex 30.7811 130.79 5.5
    endloop
  endfacet
  facet normal -0 0 1
    outer loop
      vertex 30.6022 132.842 5.5
      vertex 30.6809 131.033 5.5
      vertex 30.6809 133.093 5.5
    endloop
  endfacet
  facet normal 0 0 1
    outer loop
      vertex 30.6022 132.842 5.5
      vertex 30.6022 131.283 5.5
      vertex 30.6809 131.033 5.5
    endloop
  endfacet
  facet normal -0 0 1
    outer loop
      vertex 30.5456 132.586 5.5
      vertex 30.6022 131.283 5.5
      vertex 30.6022 132.842 5.5
    endloop
  endfacet
  facet normal 0 0 1
    outer loop
      vertex 30.5456 132.586 5.5
      vertex 30.5456 131.54 5.5
      vertex 30.6022 131.283 5.5
    endloop
  endfacet
  facet normal -0 0 1
    outer loop
      vertex 30.5114 132.325 5.5
      vertex 30.5456 131.54 5.5
      vertex 30.5456 132.586 5.5
    endloop
  endfacet
  facet normal 0 0 1
    outer loop
      vertex 30.5114 132.325 5.5
      vertex 30.5114 131.8 5.5
      vertex 30.5456 131.54 5.5
    endloop
  endfacet
  facet normal 0 -0 1
    outer loop
      vertex 30.5114 131.8 5.5
      vertex 30.5114 132.325 5.5
      vertex 30.5 132.063 5.5
    endloop
  endfacet
  facet normal 0 0 -1
    outer loop
      vertex 14.7721 66.1047 0
      vertex 76 170 0
      vertex 76 0 0
    endloop
  endfacet
  facet normal 0 0 -1
    outer loop
      vertex 14.0954 68.6303 0
      vertex 76 170 0
      vertex 14.4889 67.3823 0
    endloop
  endfacet
  facet normal 0 0 -1
    outer loop
      vertex 14.7721 66.1047 0
      vertex 76 0 0
      vertex 14.9429 64.8073 0
    endloop
  endfacet
  facet normal 0 0 -1
    outer loop
      vertex 14.9429 64.8073 0
      vertex 76 0 0
      vertex 15 63.5 0
    endloop
  endfacet
  facet normal 0 0 -1
    outer loop
      vertex 76 0 0
      vertex 14.9429 62.1927 0
      vertex 15 63.5 0
    endloop
  endfacet
  facet normal 0 0 -1
    outer loop
      vertex 76 0 0
      vertex 14.7721 60.8953 0
      vertex 14.9429 62.1927 0
    endloop
  endfacet
  facet normal 0 0 -1
    outer loop
      vertex 76 0 0
      vertex 14.4889 59.6177 0
      vertex 14.7721 60.8953 0
    endloop
  endfacet
  facet normal 0 0 -1
    outer loop
      vertex 76 0 0
      vertex 14.0954 58.3697 0
      vertex 14.4889 59.6177 0
    endloop
  endfacet
  facet normal 0 0 -1
    outer loop
      vertex 76 0 0
      vertex 13.5946 57.1607 0
      vertex 14.0954 58.3697 0
    endloop
  endfacet
  facet normal 0 0 -1
    outer loop
      vertex 76 0 0
      vertex 12.9904 56 0
      vertex 13.5946 57.1607 0
    endloop
  endfacet
  facet normal 0 0 -1
    outer loop
      vertex 76 0 0
      vertex 12.2873 54.8964 0
      vertex 12.9904 56 0
    endloop
  endfacet
  facet normal 0 0 -1
    outer loop
      vertex 76 0 0
      vertex 11.4907 53.8582 0
      vertex 12.2873 54.8964 0
    endloop
  endfacet
  facet normal 0 0 -1
    outer loop
      vertex 76 0 0
      vertex 10.6066 52.8934 0
      vertex 11.4907 53.8582 0
    endloop
  endfacet
  facet normal 0 0 -1
    outer loop
      vertex 76 0 0
      vertex 9.64181 52.0093 0
      vertex 10.6066 52.8934 0
    endloop
  endfacet
  facet normal 0 0 -1
    outer loop
      vertex 76 0 0
      vertex 8.60365 51.2127 0
      vertex 9.64181 52.0093 0
    endloop
  endfacet
  facet normal 0 0 -1
    outer loop
      vertex 76 0 0
      vertex 7.5 50.5096 0
      vertex 8.60365 51.2127 0
    endloop
  endfacet
  facet normal 0 0 -1
    outer loop
      vertex 76 0 0
      vertex 6.33927 49.9054 0
      vertex 7.5 50.5096 0
    endloop
  endfacet
  facet normal 0 0 -1
    outer loop
      vertex 76 0 0
      vertex 5.1303 49.4046 0
      vertex 6.33927 49.9054 0
    endloop
  endfacet
  facet normal 0 0 -1
    outer loop
      vertex 76 0 0
      vertex 3.88229 49.0111 0
      vertex 5.1303 49.4046 0
    endloop
  endfacet
  facet normal 0 0 -1
    outer loop
      vertex 76 0 0
      vertex 2.60472 48.7279 0
      vertex 3.88229 49.0111 0
    endloop
  endfacet
  facet normal 0 0 -1
    outer loop
      vertex 76 0 0
      vertex 1.30734 48.5571 0
      vertex 2.60472 48.7279 0
    endloop
  endfacet
  facet normal 0 0 -1
    outer loop
      vertex 76 0 0
      vertex 0 48.5 0
      vertex 1.30734 48.5571 0
    endloop
  endfacet
  facet normal 0 0 -1
    outer loop
      vertex -76 0 0
      vertex 0 48.5 0
      vertex 76 0 0
    endloop
  endfacet
  facet normal -0 0 -1
    outer loop
      vertex 0 48.5 0
      vertex -76 0 0
      vertex -1.30734 48.5571 0
    endloop
  endfacet
  facet normal -0 0 -1
    outer loop
      vertex -1.30734 48.5571 0
      vertex -76 0 0
      vertex -2.60472 48.7279 0
    endloop
  endfacet
  facet normal -0 0 -1
    outer loop
      vertex -2.60472 48.7279 0
      vertex -76 0 0
      vertex -3.88229 49.0111 0
    endloop
  endfacet
  facet normal -0 0 -1
    outer loop
      vertex -3.88229 49.0111 0
      vertex -76 0 0
      vertex -5.1303 49.4046 0
    endloop
  endfacet
  facet normal -0 0 -1
    outer loop
      vertex -5.1303 49.4046 0
      vertex -76 0 0
      vertex -6.33927 49.9054 0
    endloop
  endfacet
  facet normal 0 0 -1
    outer loop
      vertex -76 0 0
      vertex -15 63.5 0
      vertex -14.9429 62.1927 0
    endloop
  endfacet
  facet normal 0 0 -1
    outer loop
      vertex -76 0 0
      vertex -14.9429 62.1927 0
      vertex -14.7721 60.8953 0
    endloop
  endfacet
  facet normal 0 0 -1
    outer loop
      vertex -76 0 0
      vertex -14.7721 60.8953 0
      vertex -14.4889 59.6177 0
    endloop
  endfacet
  facet normal 0 0 -1
    outer loop
      vertex -15 63.5 0
      vertex -70 170 0
      vertex -43.5 170 0
    endloop
  endfacet
  facet normal 0 0 -1
    outer loop
      vertex -76 0 0
      vertex -14.4889 59.6177 0
      vertex -14.0954 58.3697 0
    endloop
  endfacet
  facet normal 0 0 -1
    outer loop
      vertex -76 0 0
      vertex -14.0954 58.3697 0
      vertex -13.5946 57.1607 0
    endloop
  endfacet
  facet normal -0 0 -1
    outer loop
      vertex -6.33927 49.9054 0
      vertex -76 0 0
      vertex -7.5 50.5096 0
    endloop
  endfacet
  facet normal 0 0 -1
    outer loop
      vertex -76 0 0
      vertex -8.60365 51.2127 0
      vertex -7.5 50.5096 0
    endloop
  endfacet
  facet normal 0 0 -1
    outer loop
      vertex -76 0 0
      vertex -9.64181 52.0093 0
      vertex -8.60365 51.2127 0
    endloop
  endfacet
  facet normal 0 0 -1
    outer loop
      vertex -76 0 0
      vertex -10.6066 52.8934 0
      vertex -9.64181 52.0093 0
    endloop
  endfacet
  facet normal 0 0 -1
    outer loop
      vertex -76 0 0
      vertex -11.4907 53.8582 0
      vertex -10.6066 52.8934 0
    endloop
  endfacet
  facet normal 0 0 -1
    outer loop
      vertex -76 0 0
      vertex -12.2873 54.8964 0
      vertex -11.4907 53.8582 0
    endloop
  endfacet
  facet normal 0 0 -1
    outer loop
      vertex -76 0 0
      vertex -12.9904 56 0
      vertex -12.2873 54.8964 0
    endloop
  endfacet
  facet normal 0 0 -1
    outer loop
      vertex -76 0 0
      vertex -13.5946 57.1607 0
      vertex -12.9904 56 0
    endloop
  endfacet
  facet normal -0 0 -1
    outer loop
      vertex -15 63.5 0
      vertex -76 0 0
      vertex -76 170 0
    endloop
  endfacet
  facet normal 0 0 -1
    outer loop
      vertex -15 63.5 0
      vertex -76 170 0
      vertex -70 170 0
    endloop
  endfacet
  facet normal 0 0 -1
    outer loop
      vertex 76 170 0
      vertex 14.7721 66.1047 0
      vertex 14.4889 67.3823 0
    endloop
  endfacet
  facet normal 0 0 -1
    outer loop
      vertex 13.5946 69.8393 0
      vertex 76 170 0
      vertex 14.0954 68.6303 0
    endloop
  endfacet
  facet normal 0 0 -1
    outer loop
      vertex 12.9904 71 0
      vertex 76 170 0
      vertex 13.5946 69.8393 0
    endloop
  endfacet
  facet normal -0 0 -1
    outer loop
      vertex 76 170 0
      vertex 12.9904 71 0
      vertex 70 170 0
    endloop
  endfacet
  facet normal 0 0 -1
    outer loop
      vertex 12.2873 72.1036 0
      vertex 70 170 0
      vertex 12.9904 71 0
    endloop
  endfacet
  facet normal 0 0 -1
    outer loop
      vertex 11.4907 73.1418 0
      vertex 70 170 0
      vertex 12.2873 72.1036 0
    endloop
  endfacet
  facet normal -0 0 -1
    outer loop
      vertex 70 170 0
      vertex 11.4907 73.1418 0
      vertex 43.5 170 0
    endloop
  endfacet
  facet normal 0 0 -1
    outer loop
      vertex 10.6066 74.1066 0
      vertex 43.5 170 0
      vertex 11.4907 73.1418 0
    endloop
  endfacet
  facet normal 0 0 -1
    outer loop
      vertex 9.64181 74.9907 0
      vertex 43.5 170 0
      vertex 10.6066 74.1066 0
    endloop
  endfacet
  facet normal 0 0 -1
    outer loop
      vertex 8.60365 75.7873 0
      vertex 43.5 170 0
      vertex 9.64181 74.9907 0
    endloop
  endfacet
  facet normal 0 0 -1
    outer loop
      vertex 7.5 76.4904 0
      vertex 43.5 170 0
      vertex 8.60365 75.7873 0
    endloop
  endfacet
  facet normal 0 0 -1
    outer loop
      vertex 6.33927 77.0946 0
      vertex 43.5 170 0
      vertex 7.5 76.4904 0
    endloop
  endfacet
  facet normal 0 0 -1
    outer loop
      vertex 5.1303 77.5954 0
      vertex 43.5 170 0
      vertex 6.33927 77.0946 0
    endloop
  endfacet
  facet normal 0 0 -1
    outer loop
      vertex 3.88229 77.9889 0
      vertex 43.5 170 0
      vertex 5.1303 77.5954 0
    endloop
  endfacet
  facet normal 0 0 -1
    outer loop
      vertex 2.60472 78.2721 0
      vertex 43.5 170 0
      vertex 3.88229 77.9889 0
    endloop
  endfacet
  facet normal 0 0 -1
    outer loop
      vertex 1.30734 78.4429 0
      vertex 43.5 170 0
      vertex 2.60472 78.2721 0
    endloop
  endfacet
  facet normal 0 0 -1
    outer loop
      vertex 0 78.5 0
      vertex 43.5 170 0
      vertex 1.30734 78.4429 0
    endloop
  endfacet
  facet normal 0 0 -1
    outer loop
      vertex -43.5 170 0
      vertex 43.5 170 0
      vertex 0 78.5 0
    endloop
  endfacet
  facet normal 0 0 -1
    outer loop
      vertex -43.5 170 0
      vertex 0 78.5 0
      vertex -1.30734 78.4429 0
    endloop
  endfacet
  facet normal 0 0 -1
    outer loop
      vertex -43.5 170 0
      vertex -1.30734 78.4429 0
      vertex -2.60472 78.2721 0
    endloop
  endfacet
  facet normal 0 0 -1
    outer loop
      vertex -43.5 170 0
      vertex -2.60472 78.2721 0
      vertex -3.88229 77.9889 0
    endloop
  endfacet
  facet normal 0 0 -1
    outer loop
      vertex -43.5 170 0
      vertex -3.88229 77.9889 0
      vertex -5.1303 77.5954 0
    endloop
  endfacet
  facet normal 0 0 -1
    outer loop
      vertex -43.5 170 0
      vertex -5.1303 77.5954 0
      vertex -6.33927 77.0946 0
    endloop
  endfacet
  facet normal 0 0 -1
    outer loop
      vertex -43.5 170 0
      vertex -6.33927 77.0946 0
      vertex -7.5 76.4904 0
    endloop
  endfacet
  facet normal 0 0 -1
    outer loop
      vertex -43.5 170 0
      vertex -7.5 76.4904 0
      vertex -8.60365 75.7873 0
    endloop
  endfacet
  facet normal 0 0 -1
    outer loop
      vertex -43.5 170 0
      vertex -8.60365 75.7873 0
      vertex -9.64181 74.9907 0
    endloop
  endfacet
  facet normal 0 0 -1
    outer loop
      vertex -43.5 170 0
      vertex -9.64181 74.9907 0
      vertex -10.6066 74.1066 0
    endloop
  endfacet
  facet normal 0 0 -1
    outer loop
      vertex -43.5 170 0
      vertex -10.6066 74.1066 0
      vertex -11.4907 73.1418 0
    endloop
  endfacet
  facet normal 0 0 -1
    outer loop
      vertex -43.5 170 0
      vertex -11.4907 73.1418 0
      vertex -12.2873 72.1036 0
    endloop
  endfacet
  facet normal 0 0 -1
    outer loop
      vertex -43.5 170 0
      vertex -12.2873 72.1036 0
      vertex -12.9904 71 0
    endloop
  endfacet
  facet normal 0 0 -1
    outer loop
      vertex -43.5 170 0
      vertex -14.9429 64.8073 0
      vertex -15 63.5 0
    endloop
  endfacet
  facet normal 0 0 -1
    outer loop
      vertex -43.5 170 0
      vertex -14.7721 66.1047 0
      vertex -14.9429 64.8073 0
    endloop
  endfacet
  facet normal 0 0 -1
    outer loop
      vertex -43.5 170 0
      vertex -14.4889 67.3823 0
      vertex -14.7721 66.1047 0
    endloop
  endfacet
  facet normal 0 0 -1
    outer loop
      vertex -43.5 170 0
      vertex -14.0954 68.6303 0
      vertex -14.4889 67.3823 0
    endloop
  endfacet
  facet normal 0 0 -1
    outer loop
      vertex -43.5 170 0
      vertex -13.5946 69.8393 0
      vertex -14.0954 68.6303 0
    endloop
  endfacet
  facet normal 0 0 -1
    outer loop
      vertex -43.5 170 0
      vertex -12.9904 71 0
      vertex -13.5946 69.8393 0
    endloop
  endfacet
  facet normal 0 0 -1
    outer loop
      vertex 43.5 170 0
      vertex -43.5 170 0
      vertex 43.5 170.092 0
    endloop
  endfacet
  facet normal -0 0 -1
    outer loop
      vertex 43.5 170.092 0
      vertex -43.5 170 0
      vertex -43.5 170.092 0
    endloop
  endfacet
  facet normal -1 0 0
    outer loop
      vertex -70 0 74
      vertex -70 8 110
      vertex -70 8 70.5176
    endloop
  endfacet
  facet normal -1 -0 0
    outer loop
      vertex -70 8 110
      vertex -70 0 74
      vertex -70 0 110
    endloop
  endfacet
  facet normal -1 0 0
    outer loop
      vertex -70 170 0
      vertex -70 157.365 5.5
      vertex -70 170 5.5
    endloop
  endfacet
  facet normal 1 0 0
    outer loop
      vertex -70 119.06 22.1739
      vertex -70 14.5 5.5
      vertex -70 120.519 5.5
    endloop
  endfacet
  facet normal 1 0 0
    outer loop
      vertex -70 8 70.5176
      vertex -70 14.5 5.5
      vertex -70 119.06 22.1739
    endloop
  endfacet
  facet normal 1 0 0
    outer loop
      vertex -70 14.5 5.5
      vertex -70 8 70.5176
      vertex -70 8 12
    endloop
  endfacet
  facet normal 1 0 -0
    outer loop
      vertex -70 143.607 5.5
      vertex -70 157.365 5.5
      vertex -70 143.062 11.726
    endloop
  endfacet
  facet normal -1 0 0
    outer loop
      vertex -70 119.06 22.1739
      vertex -70 135.197 101.624
      vertex -70 143.062 11.726
    endloop
  endfacet
  facet normal -1 0 0
    outer loop
      vertex -70 135.197 101.624
      vertex -70 119.06 22.1739
      vertex -70 112.284 99.6195
    endloop
  endfacet
  facet normal 0 1 0
    outer loop
      vertex 70 170 5.5
      vertex 43.5 170 1.04786
      vertex -70 170 5.5
    endloop
  endfacet
  facet normal 0 1 -0
    outer loop
      vertex 70 170 0
      vertex 43.5 170 1.04786
      vertex 70 170 5.5
    endloop
  endfacet
  facet normal 0 1 0
    outer loop
      vertex 43.5 170 1.04786
      vertex 70 170 0
      vertex 43.5 170 0
    endloop
  endfacet
  facet normal 0 1 -0
    outer loop
      vertex -43.5 170 1.04786
      vertex -70 170 5.5
      vertex 43.5 170 1.04786
    endloop
  endfacet
  facet normal 0 1 0
    outer loop
      vertex -70 170 0
      vertex -43.5 170 1.04786
      vertex -43.5 170 0
    endloop
  endfacet
  facet normal 0 1 0
    outer loop
      vertex -43.5 170 1.04786
      vertex -70 170 0
      vertex -70 170 5.5
    endloop
  endfacet
  facet normal 0 -1 0
    outer loop
      vertex -76 0 0
      vertex -70 0 74
      vertex -76 0 74
    endloop
  endfacet
  facet normal 0 -1 0
    outer loop
      vertex -70 0 74
      vertex -14.1 0 70.6
      vertex 70 0 74
    endloop
  endfacet
  facet normal 0 -1 0
    outer loop
      vertex 14.1 0 70.6
      vertex 70 0 74
      vertex -14.1 0 70.6
    endloop
  endfacet
  facet normal 0 -1 0
    outer loop
      vertex -70 0 74
      vertex -14.1 0 30.5
      vertex -14.1 0 70.6
    endloop
  endfacet
  facet normal 0 -1 -0
    outer loop
      vertex -14.1 0 30.5
      vertex -76 0 0
      vertex 14.1 0 30.5
    endloop
  endfacet
  facet normal 0 -1 -0
    outer loop
      vertex -70 0 74
      vertex -76 0 0
      vertex -14.1 0 30.5
    endloop
  endfacet
  facet normal 0 -1 0
    outer loop
      vertex -70 0 74
      vertex 70 0 110
      vertex -70 0 110
    endloop
  endfacet
  facet normal 0 -1 -0
    outer loop
      vertex 70 0 110
      vertex -70 0 74
      vertex 70 0 74
    endloop
  endfacet
  facet normal 0 -1 0
    outer loop
      vertex 14.1 0 30.5
      vertex 70 0 74
      vertex 14.1 0 70.6
    endloop
  endfacet
  facet normal 0 -1 0
    outer loop
      vertex 76 0 0
      vertex 70 0 74
      vertex 14.1 0 30.5
    endloop
  endfacet
  facet normal 0 -1 0
    outer loop
      vertex 70 0 74
      vertex 76 0 0
      vertex 76 0 74
    endloop
  endfacet
  facet normal 0 -1 0
    outer loop
      vertex 76 0 0
      vertex 14.1 0 30.5
      vertex -76 0 0
    endloop
  endfacet
  facet normal -0 0 1
    outer loop
      vertex -70 8 110
      vertex 70 0 110
      vertex 70 8 110
    endloop
  endfacet
  facet normal 0 0 1
    outer loop
      vertex 70 0 110
      vertex -70 8 110
      vertex -70 0 110
    endloop
  endfacet
  facet normal 0 1 0
    outer loop
      vertex 0 8 5.5
      vertex 56.5 8 12
      vertex 56.5 8 5.5
    endloop
  endfacet
  facet normal 0 1 0
    outer loop
      vertex 56.5 8 12
      vertex 0 8 5.5
      vertex -56.5 8 12
    endloop
  endfacet
  facet normal 0 1 0
    outer loop
      vertex -56.5 8 12
      vertex 0 8 5.5
      vertex -56.5 8 5.5
    endloop
  endfacet
  facet normal 0 1 -0
    outer loop
      vertex 70 8 70.5176
      vertex -70 8 110
      vertex 70 8 110
    endloop
  endfacet
  facet normal 0 1 0
    outer loop
      vertex 70 8 70.5176
      vertex -70 8 70.5176
      vertex -70 8 110
    endloop
  endfacet
  facet normal 0 1 0
    outer loop
      vertex 56.5 8 12
      vertex 70 8 70.5176
      vertex 70 8 12
    endloop
  endfacet
  facet normal 0 1 0
    outer loop
      vertex 70 8 70.5176
      vertex 56.5 8 12
      vertex -70 8 70.5176
    endloop
  endfacet
  facet normal 0 1 -0
    outer loop
      vertex -56.5 8 12
      vertex -70 8 70.5176
      vertex 56.5 8 12
    endloop
  endfacet
  facet normal 0 1 0
    outer loop
      vertex -70 8 70.5176
      vertex -56.5 8 12
      vertex -70 8 12
    endloop
  endfacet
  facet normal 0.991444 0.130529 0
    outer loop
      vertex 55.2888 68.3371 88
      vertex 54.6568 73.1375 5.5
      vertex 54.6568 73.1375 88
    endloop
  endfacet
  facet normal 0.991444 0.130529 0
    outer loop
      vertex 54.6568 73.1375 5.5
      vertex 55.2888 68.3371 88
      vertex 55.2888 68.3371 5.5
    endloop
  endfacet
  facet normal 0.999048 0.043621 0
    outer loop
      vertex 55.5 63.5 88
      vertex 55.2888 68.3371 5.5
      vertex 55.2888 68.3371 88
    endloop
  endfacet
  facet normal 0.999048 0.043621 0
    outer loop
      vertex 55.2888 68.3371 5.5
      vertex 55.5 63.5 88
      vertex 55.5 63.5 5.5
    endloop
  endfacet
  facet normal 0.976298 0.21643 0
    outer loop
      vertex 54.6568 73.1375 88
      vertex 53.6089 77.8645 5.5
      vertex 53.6089 77.8645 88
    endloop
  endfacet
  facet normal 0.976298 0.21643 0
    outer loop
      vertex 53.6089 77.8645 5.5
      vertex 54.6568 73.1375 88
      vertex 54.6568 73.1375 5.5
    endloop
  endfacet
  facet normal 0.608754 -0.793359 0
    outer loop
      vertex 31.8335 18.0371 5.5
      vertex 35.6747 20.9845 88
      vertex 31.8335 18.0371 88
    endloop
  endfacet
  facet normal 0.608754 -0.793359 0
    outer loop
      vertex 35.6747 20.9845 88
      vertex 31.8335 18.0371 5.5
      vertex 35.6747 20.9845 5.5
    endloop
  endfacet
  facet normal 0.0435794 0.99905 -0
    outer loop
      vertex 4.83714 118.789 5.5
      vertex 0 119 11.5
      vertex 4.83714 118.789 11.5
    endloop
  endfacet
  facet normal 0.0435794 0.99905 0
    outer loop
      vertex 0 119 11.5
      vertex 4.83714 118.789 5.5
      vertex 0 119 5.5
    endloop
  endfacet
  facet normal -0.608832 0.793299 0
    outer loop
      vertex -31.8335 108.963 5.5
      vertex -35.6747 106.015 11.5
      vertex -31.8335 108.963 11.5
    endloop
  endfacet
  facet normal -0.608832 0.793299 0
    outer loop
      vertex -35.6747 106.015 11.5
      vertex -31.8335 108.963 5.5
      vertex -35.6747 106.015 5.5
    endloop
  endfacet
  facet normal -0.216448 0.976294 0
    outer loop
      vertex -9.63747 118.157 5.5
      vertex -14.3645 117.109 11.5
      vertex -9.63747 118.157 11.5
    endloop
  endfacet
  facet normal -0.216448 0.976294 0
    outer loop
      vertex -14.3645 117.109 11.5
      vertex -9.63747 118.157 5.5
      vertex -14.3645 117.109 5.5
    endloop
  endfacet
  facet normal 0.130531 0.991444 -0
    outer loop
      vertex 9.63747 118.157 5.5
      vertex 4.83714 118.789 11.5
      vertex 9.63747 118.157 11.5
    endloop
  endfacet
  facet normal 0.130531 0.991444 0
    outer loop
      vertex 4.83714 118.789 11.5
      vertex 9.63747 118.157 5.5
      vertex 4.83714 118.789 5.5
    endloop
  endfacet
  facet normal 0.216438 -0.976296 0
    outer loop
      vertex 9.63747 8.84317 5.5
      vertex 14.3645 9.89112 88
      vertex 9.63747 8.84317 88
    endloop
  endfacet
  facet normal 0.216438 -0.976296 0
    outer loop
      vertex 14.3645 9.89112 88
      vertex 9.63747 8.84317 5.5
      vertex 14.3645 9.89112 5.5
    endloop
  endfacet
  facet normal -0.887009 0.461752 0
    outer loop
      vertex -50.3001 86.9553 5.5
      vertex -48.0644 91.25 88
      vertex -48.0644 91.25 5.5
    endloop
  endfacet
  facet normal -0.887009 0.461752 0
    outer loop
      vertex -48.0644 91.25 88
      vertex -50.3001 86.9553 5.5
      vertex -50.3001 86.9553 88
    endloop
  endfacet
  facet normal 0.537303 -0.843389 0
    outer loop
      vertex 27.75 15.4356 5.5
      vertex 31.8335 18.0371 88
      vertex 27.75 15.4356 88
    endloop
  endfacet
  facet normal 0.537303 -0.843389 0
    outer loop
      vertex 31.8335 18.0371 88
      vertex 27.75 15.4356 5.5
      vertex 31.8335 18.0371 5.5
    endloop
  endfacet
  facet normal -0.675587 0.73728 0
    outer loop
      vertex -35.6747 106.015 5.5
      vertex -39.2444 102.744 11.5
      vertex -35.6747 106.015 11.5
    endloop
  endfacet
  facet normal -0.675587 0.73728 0
    outer loop
      vertex -39.2444 102.744 11.5
      vertex -35.6747 106.015 5.5
      vertex -39.2444 102.744 5.5
    endloop
  endfacet
  facet normal -0.30072 0.953712 0
    outer loop
      vertex -14.3645 117.109 5.5
      vertex -18.9821 115.653 11.5
      vertex -14.3645 117.109 11.5
    endloop
  endfacet
  facet normal -0.30072 0.953712 0
    outer loop
      vertex -18.9821 115.653 11.5
      vertex -14.3645 117.109 5.5
      vertex -18.9821 115.653 5.5
    endloop
  endfacet
  facet normal 0.793359 -0.608754 0
    outer loop
      vertex 42.5155 27.8253 88
      vertex 45.4629 31.6665 5.5
      vertex 45.4629 31.6665 88
    endloop
  endfacet
  facet normal 0.793359 -0.608754 0
    outer loop
      vertex 45.4629 31.6665 5.5
      vertex 42.5155 27.8253 88
      vertex 42.5155 27.8253 5.5
    endloop
  endfacet
  facet normal 0.953712 -0.30072 0
    outer loop
      vertex 52.1529 44.5179 88
      vertex 53.6089 49.1355 5.5
      vertex 53.6089 49.1355 88
    endloop
  endfacet
  facet normal 0.953712 -0.30072 0
    outer loop
      vertex 53.6089 49.1355 5.5
      vertex 52.1529 44.5179 88
      vertex 52.1529 44.5179 5.5
    endloop
  endfacet
  facet normal -0.537303 -0.843389 0
    outer loop
      vertex -31.8335 18.0371 5.5
      vertex -27.75 15.4356 88
      vertex -31.8335 18.0371 88
    endloop
  endfacet
  facet normal -0.537303 -0.843389 -0
    outer loop
      vertex -27.75 15.4356 88
      vertex -31.8335 18.0371 5.5
      vertex -27.75 15.4356 5.5
    endloop
  endfacet
  facet normal -0.976298 -0.21643 0
    outer loop
      vertex -53.6089 49.1355 5.5
      vertex -54.6568 53.8625 88
      vertex -54.6568 53.8625 5.5
    endloop
  endfacet
  facet normal -0.976298 -0.21643 0
    outer loop
      vertex -54.6568 53.8625 88
      vertex -53.6089 49.1355 5.5
      vertex -53.6089 49.1355 88
    endloop
  endfacet
  facet normal -0.976298 0.21643 0
    outer loop
      vertex -54.6568 73.1375 5.5
      vertex -53.6089 77.8645 88
      vertex -53.6089 77.8645 5.5
    endloop
  endfacet
  facet normal -0.976298 0.21643 0
    outer loop
      vertex -53.6089 77.8645 88
      vertex -54.6568 73.1375 5.5
      vertex -54.6568 73.1375 88
    endloop
  endfacet
  facet normal 0.999048 -0.043621 0
    outer loop
      vertex 55.2888 58.6629 88
      vertex 55.5 63.5 5.5
      vertex 55.5 63.5 88
    endloop
  endfacet
  facet normal 0.999048 -0.043621 0
    outer loop
      vertex 55.5 63.5 5.5
      vertex 55.2888 58.6629 88
      vertex 55.2888 58.6629 5.5
    endloop
  endfacet
  facet normal -0.991444 -0.130529 0
    outer loop
      vertex -54.6568 53.8625 5.5
      vertex -55.2888 58.6629 88
      vertex -55.2888 58.6629 5.5
    endloop
  endfacet
  facet normal -0.991444 -0.130529 0
    outer loop
      vertex -55.2888 58.6629 88
      vertex -54.6568 53.8625 5.5
      vertex -54.6568 53.8625 88
    endloop
  endfacet
  facet normal -0.793359 -0.608754 0
    outer loop
      vertex -42.5155 27.8253 5.5
      vertex -45.4629 31.6665 88
      vertex -45.4629 31.6665 5.5
    endloop
  endfacet
  facet normal -0.793359 -0.608754 0
    outer loop
      vertex -45.4629 31.6665 88
      vertex -42.5155 27.8253 5.5
      vertex -42.5155 27.8253 88
    endloop
  endfacet
  facet normal -0.0436185 -0.999048 0
    outer loop
      vertex -4.83714 8.21119 5.5
      vertex 0 8 88
      vertex -4.83714 8.21119 88
    endloop
  endfacet
  facet normal -0.0436185 -0.999048 -0
    outer loop
      vertex 0 8 88
      vertex -4.83714 8.21119 5.5
      vertex 0 8 5.5
    endloop
  endfacet
  facet normal 0.216448 0.976294 -0
    outer loop
      vertex 14.3645 117.109 5.5
      vertex 9.63747 118.157 11.5
      vertex 14.3645 117.109 11.5
    endloop
  endfacet
  facet normal 0.216448 0.976294 0
    outer loop
      vertex 9.63747 118.157 11.5
      vertex 14.3645 117.109 5.5
      vertex 9.63747 118.157 5.5
    endloop
  endfacet
  facet normal 0.953712 0.30072 0
    outer loop
      vertex 53.6089 77.8645 88
      vertex 52.1529 82.4821 5.5
      vertex 52.1529 82.4821 88
    endloop
  endfacet
  facet normal 0.953712 0.30072 0
    outer loop
      vertex 52.1529 82.4821 5.5
      vertex 53.6089 77.8645 88
      vertex 53.6089 77.8645 5.5
    endloop
  endfacet
  facet normal -0 0 1
    outer loop
      vertex -42.5155 99.1747 88
      vertex -39.78 96.6949 88
      vertex -39.78 102.16 88
    endloop
  endfacet
  facet normal 0 0 1
    outer loop
      vertex -39.78 96.6949 88
      vertex -42.5155 99.1747 88
      vertex -41.3172 94.6916 88
    endloop
  endfacet
  facet normal -0 0 1
    outer loop
      vertex -45.4629 95.3335 88
      vertex -41.3172 94.6916 88
      vertex -42.5155 99.1747 88
    endloop
  endfacet
  facet normal 0 0 1
    outer loop
      vertex -41.3172 94.6916 88
      vertex -45.4629 95.3335 88
      vertex -42.4457 93.2208 88
    endloop
  endfacet
  facet normal 0 0 1
    outer loop
      vertex -42.4457 93.2208 88
      vertex -45.4629 95.3335 88
      vertex -43.4418 91.6573 88
    endloop
  endfacet
  facet normal 0 0 1
    outer loop
      vertex -48.0644 91.25 88
      vertex -43.4418 91.6573 88
      vertex -45.4629 95.3335 88
    endloop
  endfacet
  facet normal 0 0 1
    outer loop
      vertex -43.4418 91.6573 88
      vertex -48.0644 91.25 88
      vertex -44.8745 89.4083 88
    endloop
  endfacet
  facet normal 0 0 1
    outer loop
      vertex -44.8745 89.4083 88
      vertex -48.0644 91.25 88
      vertex -46.1058 87.043 88
    endloop
  endfacet
  facet normal 0 0 1
    outer loop
      vertex -50.3001 86.9553 88
      vertex -46.1058 87.043 88
      vertex -48.0644 91.25 88
    endloop
  endfacet
  facet normal 0 0 1
    outer loop
      vertex -46.1058 87.043 88
      vertex -50.3001 86.9553 88
      vertex -46.9618 85.3987 88
    endloop
  endfacet
  facet normal 0 0 1
    outer loop
      vertex -46.9618 85.3987 88
      vertex -50.3001 86.9553 88
      vertex -47.9823 82.9351 88
    endloop
  endfacet
  facet normal 0 0 1
    outer loop
      vertex -52.1529 82.4821 88
      vertex -47.9823 82.9351 88
      vertex -50.3001 86.9553 88
    endloop
  endfacet
  facet normal 0 0 1
    outer loop
      vertex -47.9823 82.9351 88
      vertex -52.1529 82.4821 88
      vertex -48.6917 81.2223 88
    endloop
  endfacet
  facet normal 0 0 1
    outer loop
      vertex -48.6917 81.2223 88
      vertex -52.1529 82.4821 88
      vertex -49.2492 79.4543 88
    endloop
  endfacet
  facet normal 0 0 1
    outer loop
      vertex -53.6089 77.8645 88
      vertex -49.2492 79.4543 88
      vertex -52.1529 82.4821 88
    endloop
  endfacet
  facet normal 0 0 1
    outer loop
      vertex -49.2492 79.4543 88
      vertex -53.6089 77.8645 88
      vertex -50.0511 76.9111 88
    endloop
  endfacet
  facet normal 0 0 1
    outer loop
      vertex -50.0511 76.9111 88
      vertex -53.6089 77.8645 88
      vertex -50.6282 74.3077 88
    endloop
  endfacet
  facet normal 0 0 1
    outer loop
      vertex -54.6568 73.1375 88
      vertex -50.6282 74.3077 88
      vertex -53.6089 77.8645 88
    endloop
  endfacet
  facet normal 0 0 1
    outer loop
      vertex -55.2888 68.3371 88
      vertex -51.2714 70.6599 88
      vertex -54.6568 73.1375 88
    endloop
  endfacet
  facet normal 0 0 1
    outer loop
      vertex -51.0295 72.4979 88
      vertex -54.6568 73.1375 88
      vertex -51.2714 70.6599 88
    endloop
  endfacet
  facet normal 0 0 1
    outer loop
      vertex -50.6282 74.3077 88
      vertex -54.6568 73.1375 88
      vertex -51.0295 72.4979 88
    endloop
  endfacet
  facet normal -0 0 1
    outer loop
      vertex 51.7004 66.1641 88
      vertex 55.5 63.5 88
      vertex 55.2888 68.3371 88
    endloop
  endfacet
  facet normal -0 0 1
    outer loop
      vertex 51.2714 70.6599 88
      vertex 55.2888 68.3371 88
      vertex 54.6568 73.1375 88
    endloop
  endfacet
  facet normal 0 0 1
    outer loop
      vertex 55.5 63.5 88
      vertex 51.7004 66.1641 88
      vertex 51.8167 63.5 88
    endloop
  endfacet
  facet normal -0 0 1
    outer loop
      vertex 50.6282 74.3077 88
      vertex 54.6568 73.1375 88
      vertex 53.6089 77.8645 88
    endloop
  endfacet
  facet normal 0 0 1
    outer loop
      vertex 51.7004 60.8359 88
      vertex 55.5 63.5 88
      vertex 51.8167 63.5 88
    endloop
  endfacet
  facet normal -0 0 1
    outer loop
      vertex 49.2492 79.4543 88
      vertex 53.6089 77.8645 88
      vertex 52.1529 82.4821 88
    endloop
  endfacet
  facet normal -0 0 1
    outer loop
      vertex 51.6195 58.9839 88
      vertex 55.2888 58.6629 88
      vertex 51.7004 60.8359 88
    endloop
  endfacet
  facet normal 0 0 1
    outer loop
      vertex 51.2714 56.3401 88
      vertex 55.2888 58.6629 88
      vertex 51.6195 58.9839 88
    endloop
  endfacet
  facet normal 0 0 1
    outer loop
      vertex 55.5 63.5 88
      vertex 51.7004 60.8359 88
      vertex 55.2888 58.6629 88
    endloop
  endfacet
  facet normal 0 0 1
    outer loop
      vertex 55.2888 68.3371 88
      vertex 51.6195 68.0161 88
      vertex 51.7004 66.1641 88
    endloop
  endfacet
  facet normal 0 0 1
    outer loop
      vertex 55.2888 68.3371 88
      vertex 51.2714 70.6599 88
      vertex 51.6195 68.0161 88
    endloop
  endfacet
  facet normal 0 0 1
    outer loop
      vertex 54.6568 73.1375 88
      vertex 51.0295 72.4979 88
      vertex 51.2714 70.6599 88
    endloop
  endfacet
  facet normal 0 0 1
    outer loop
      vertex 54.6568 73.1375 88
      vertex 50.6282 74.3077 88
      vertex 51.0295 72.4979 88
    endloop
  endfacet
  facet normal -0 0 1
    outer loop
      vertex 47.9823 82.9351 88
      vertex 52.1529 82.4821 88
      vertex 50.3001 86.9553 88
    endloop
  endfacet
  facet normal 0 0 1
    outer loop
      vertex 53.6089 77.8645 88
      vertex 50.0511 76.9111 88
      vertex 50.6282 74.3077 88
    endloop
  endfacet
  facet normal 0 0 1
    outer loop
      vertex 53.6089 77.8645 88
      vertex 49.2492 79.4543 88
      vertex 50.0511 76.9111 88
    endloop
  endfacet
  facet normal 0 0 1
    outer loop
      vertex 52.1529 82.4821 88
      vertex 48.6917 81.2223 88
      vertex 49.2492 79.4543 88
    endloop
  endfacet
  facet normal -0 0 1
    outer loop
      vertex 46.1058 87.043 88
      vertex 50.3001 86.9553 88
      vertex 48.0644 91.25 88
    endloop
  endfacet
  facet normal 0 0 1
    outer loop
      vertex 52.1529 82.4821 88
      vertex 47.9823 82.9351 88
      vertex 48.6917 81.2223 88
    endloop
  endfacet
  facet normal 0 0 1
    outer loop
      vertex 50.3001 86.9553 88
      vertex 46.9618 85.3987 88
      vertex 47.9823 82.9351 88
    endloop
  endfacet
  facet normal 0 0 1
    outer loop
      vertex 50.3001 86.9553 88
      vertex 46.1058 87.043 88
      vertex 46.9618 85.3987 88
    endloop
  endfacet
  facet normal -0 0 1
    outer loop
      vertex 43.4418 91.6573 88
      vertex 48.0644 91.25 88
      vertex 45.4629 95.3335 88
    endloop
  endfacet
  facet normal 0 0 1
    outer loop
      vertex 48.0644 91.25 88
      vertex 44.8745 89.4083 88
      vertex 46.1058 87.043 88
    endloop
  endfacet
  facet normal 0 0 1
    outer loop
      vertex 48.0644 91.25 88
      vertex 43.4418 91.6573 88
      vertex 44.8745 89.4083 88
    endloop
  endfacet
  facet normal 0 0 1
    outer loop
      vertex 41.3172 94.6916 88
      vertex 45.4629 95.3335 88
      vertex 42.5155 99.1747 88
    endloop
  endfacet
  facet normal 0 0 1
    outer loop
      vertex 45.4629 95.3335 88
      vertex 42.4457 93.2208 88
      vertex 43.4418 91.6573 88
    endloop
  endfacet
  facet normal 0 0 1
    outer loop
      vertex 45.4629 95.3335 88
      vertex 41.3172 94.6916 88
      vertex 42.4457 93.2208 88
    endloop
  endfacet
  facet normal 0 0 1
    outer loop
      vertex 39.78 96.6949 88
      vertex 42.5155 99.1747 88
      vertex 39.78 102.16 88
    endloop
  endfacet
  facet normal 0 0 1
    outer loop
      vertex 42.5155 99.1747 88
      vertex 39.78 96.6949 88
      vertex 41.3172 94.6916 88
    endloop
  endfacet
  facet normal 0 0 1
    outer loop
      vertex 55.2888 58.6629 88
      vertex 51.2714 56.3401 88
      vertex 54.6568 53.8625 88
    endloop
  endfacet
  facet normal -0 0 1
    outer loop
      vertex 51.0295 54.5021 88
      vertex 54.6568 53.8625 88
      vertex 51.2714 56.3401 88
    endloop
  endfacet
  facet normal 0 0 1
    outer loop
      vertex 50.6282 52.6922 88
      vertex 54.6568 53.8625 88
      vertex 51.0295 54.5021 88
    endloop
  endfacet
  facet normal 0 0 1
    outer loop
      vertex 54.6568 53.8625 88
      vertex 50.6282 52.6922 88
      vertex 53.6089 49.1355 88
    endloop
  endfacet
  facet normal -0 0 1
    outer loop
      vertex 50.0511 50.0889 88
      vertex 53.6089 49.1355 88
      vertex 50.6282 52.6922 88
    endloop
  endfacet
  facet normal 0 0 1
    outer loop
      vertex 49.2492 47.5457 88
      vertex 53.6089 49.1355 88
      vertex 50.0511 50.0889 88
    endloop
  endfacet
  facet normal 0 0 1
    outer loop
      vertex 53.6089 49.1355 88
      vertex 49.2492 47.5457 88
      vertex 52.1529 44.5179 88
    endloop
  endfacet
  facet normal -0 0 1
    outer loop
      vertex 48.6917 45.7777 88
      vertex 52.1529 44.5179 88
      vertex 49.2492 47.5457 88
    endloop
  endfacet
  facet normal 0 0 1
    outer loop
      vertex 47.9823 44.0649 88
      vertex 52.1529 44.5179 88
      vertex 48.6917 45.7777 88
    endloop
  endfacet
  facet normal 0 0 1
    outer loop
      vertex 52.1529 44.5179 88
      vertex 47.9823 44.0649 88
      vertex 50.3001 40.0447 88
    endloop
  endfacet
  facet normal -0 0 1
    outer loop
      vertex 46.9618 41.6013 88
      vertex 50.3001 40.0447 88
      vertex 47.9823 44.0649 88
    endloop
  endfacet
  facet normal 0 0 1
    outer loop
      vertex 46.1058 39.957 88
      vertex 50.3001 40.0447 88
      vertex 46.9618 41.6013 88
    endloop
  endfacet
  facet normal 0 0 1
    outer loop
      vertex 50.3001 40.0447 88
      vertex 46.1058 39.957 88
      vertex 48.0644 35.75 88
    endloop
  endfacet
  facet normal -0 0 1
    outer loop
      vertex 44.8745 37.5917 88
      vertex 48.0644 35.75 88
      vertex 46.1058 39.957 88
    endloop
  endfacet
  facet normal 0 0 1
    outer loop
      vertex 43.4418 35.3427 88
      vertex 48.0644 35.75 88
      vertex 44.8745 37.5917 88
    endloop
  endfacet
  facet normal 0 0 1
    outer loop
      vertex 48.0644 35.75 88
      vertex 43.4418 35.3427 88
      vertex 45.4629 31.6665 88
    endloop
  endfacet
  facet normal -0 0 1
    outer loop
      vertex 42.4457 33.7792 88
      vertex 45.4629 31.6665 88
      vertex 43.4418 35.3427 88
    endloop
  endfacet
  facet normal -0 0 1
    outer loop
      vertex 41.3172 32.3084 88
      vertex 45.4629 31.6665 88
      vertex 42.4457 33.7792 88
    endloop
  endfacet
  facet normal 0 0 1
    outer loop
      vertex 45.4629 31.6665 88
      vertex 41.3172 32.3084 88
      vertex 42.5155 27.8253 88
    endloop
  endfacet
  facet normal -0 0 1
    outer loop
      vertex 39.6939 30.1929 88
      vertex 42.5155 27.8253 88
      vertex 41.3172 32.3084 88
    endloop
  endfacet
  facet normal -0 0 1
    outer loop
      vertex 38.4414 28.8261 88
      vertex 42.5155 27.8253 88
      vertex 39.6939 30.1929 88
    endloop
  endfacet
  facet normal 0 0 1
    outer loop
      vertex 42.5155 27.8253 88
      vertex 38.4414 28.8261 88
      vertex 39.2444 24.2556 88
    endloop
  endfacet
  facet normal -0 0 1
    outer loop
      vertex 36.6399 26.8601 88
      vertex 39.2444 24.2556 88
      vertex 38.4414 28.8261 88
    endloop
  endfacet
  facet normal -0 0 1
    outer loop
      vertex 34.6739 25.0586 88
      vertex 39.2444 24.2556 88
      vertex 36.6399 26.8601 88
    endloop
  endfacet
  facet normal 0 0 1
    outer loop
      vertex 39.2444 24.2556 88
      vertex 34.6739 25.0586 88
      vertex 35.6747 20.9845 88
    endloop
  endfacet
  facet normal -0 0 1
    outer loop
      vertex 33.3071 23.8061 88
      vertex 35.6747 20.9845 88
      vertex 34.6739 25.0586 88
    endloop
  endfacet
  facet normal -0 0 1
    outer loop
      vertex 31.1916 22.1828 88
      vertex 35.6747 20.9845 88
      vertex 33.3071 23.8061 88
    endloop
  endfacet
  facet normal 0 0 1
    outer loop
      vertex 35.6747 20.9845 88
      vertex 31.1916 22.1828 88
      vertex 31.8335 18.0371 88
    endloop
  endfacet
  facet normal -0 0 1
    outer loop
      vertex 29.7208 21.0543 88
      vertex 31.8335 18.0371 88
      vertex 31.1916 22.1828 88
    endloop
  endfacet
  facet normal -0 0 1
    outer loop
      vertex 28.1573 20.0582 88
      vertex 31.8335 18.0371 88
      vertex 29.7208 21.0543 88
    endloop
  endfacet
  facet normal 0 0 1
    outer loop
      vertex 28.1573 20.0582 88
      vertex 27.75 15.4356 88
      vertex 31.8335 18.0371 88
    endloop
  endfacet
  facet normal -0 0 1
    outer loop
      vertex 25.9083 18.6255 88
      vertex 27.75 15.4356 88
      vertex 28.1573 20.0582 88
    endloop
  endfacet
  facet normal -0 0 1
    outer loop
      vertex 23.543 17.3942 88
      vertex 27.75 15.4356 88
      vertex 25.9083 18.6255 88
    endloop
  endfacet
  facet normal 0 0 1
    outer loop
      vertex 23.543 17.3942 88
      vertex 23.4553 13.1999 88
      vertex 27.75 15.4356 88
    endloop
  endfacet
  facet normal -0 0 1
    outer loop
      vertex 21.8987 16.5382 88
      vertex 23.4553 13.1999 88
      vertex 23.543 17.3942 88
    endloop
  endfacet
  facet normal -0 0 1
    outer loop
      vertex 19.4351 15.5177 88
      vertex 23.4553 13.1999 88
      vertex 21.8987 16.5382 88
    endloop
  endfacet
  facet normal 0 0 1
    outer loop
      vertex 19.4351 15.5177 88
      vertex 18.9821 11.3471 88
      vertex 23.4553 13.1999 88
    endloop
  endfacet
  facet normal -0 0 1
    outer loop
      vertex 17.7223 14.8083 88
      vertex 18.9821 11.3471 88
      vertex 19.4351 15.5177 88
    endloop
  endfacet
  facet normal -0 0 1
    outer loop
      vertex 15.9543 14.2508 88
      vertex 18.9821 11.3471 88
      vertex 17.7223 14.8083 88
    endloop
  endfacet
  facet normal 0 0 1
    outer loop
      vertex 15.9543 14.2508 88
      vertex 14.3645 9.89112 88
      vertex 18.9821 11.3471 88
    endloop
  endfacet
  facet normal -0 0 1
    outer loop
      vertex 13.4111 13.4489 88
      vertex 14.3645 9.89112 88
      vertex 15.9543 14.2508 88
    endloop
  endfacet
  facet normal -0 0 1
    outer loop
      vertex 10.8077 12.8718 88
      vertex 14.3645 9.89112 88
      vertex 13.4111 13.4489 88
    endloop
  endfacet
  facet normal 0 0 1
    outer loop
      vertex 10.8077 12.8718 88
      vertex 9.63747 8.84317 88
      vertex 14.3645 9.89112 88
    endloop
  endfacet
  facet normal -0 0 1
    outer loop
      vertex 8.99787 12.4705 88
      vertex 9.63747 8.84317 88
      vertex 10.8077 12.8718 88
    endloop
  endfacet
  facet normal -0 0 1
    outer loop
      vertex 7.15991 12.2286 88
      vertex 9.63747 8.84317 88
      vertex 8.99787 12.4705 88
    endloop
  endfacet
  facet normal 0 0 1
    outer loop
      vertex 7.15991 12.2286 88
      vertex 4.83714 8.21119 88
      vertex 9.63747 8.84317 88
    endloop
  endfacet
  facet normal -0 0 1
    outer loop
      vertex 4.51612 11.8805 88
      vertex 4.83714 8.21119 88
      vertex 7.15991 12.2286 88
    endloop
  endfacet
  facet normal -0 0 1
    outer loop
      vertex 2.66406 11.7996 88
      vertex 4.83714 8.21119 88
      vertex 4.51612 11.8805 88
    endloop
  endfacet
  facet normal 0 0 1
    outer loop
      vertex 0 8 88
      vertex 2.66406 11.7996 88
      vertex 0 11.6833 88
    endloop
  endfacet
  facet normal 0 0 1
    outer loop
      vertex 2.66406 11.7996 88
      vertex 0 8 88
      vertex 4.83714 8.21119 88
    endloop
  endfacet
  facet normal 0 0 1
    outer loop
      vertex -2.66406 11.7996 88
      vertex 0 8 88
      vertex 0 11.6833 88
    endloop
  endfacet
  facet normal 0 0 1
    outer loop
      vertex -4.83714 8.21119 88
      vertex -2.66406 11.7996 88
      vertex -4.51612 11.8805 88
    endloop
  endfacet
  facet normal 0 0 1
    outer loop
      vertex -2.66406 11.7996 88
      vertex -4.83714 8.21119 88
      vertex 0 8 88
    endloop
  endfacet
  facet normal 0 0 1
    outer loop
      vertex -7.15991 12.2286 88
      vertex -4.83714 8.21119 88
      vertex -4.51612 11.8805 88
    endloop
  endfacet
  facet normal 0 0 1
    outer loop
      vertex -9.63747 8.84317 88
      vertex -7.15991 12.2286 88
      vertex -8.99787 12.4705 88
    endloop
  endfacet
  facet normal 0 0 1
    outer loop
      vertex -7.15991 12.2286 88
      vertex -9.63747 8.84317 88
      vertex -4.83714 8.21119 88
    endloop
  endfacet
  facet normal 0 0 1
    outer loop
      vertex -10.8077 12.8718 88
      vertex -9.63747 8.84317 88
      vertex -8.99787 12.4705 88
    endloop
  endfacet
  facet normal 0 0 1
    outer loop
      vertex -14.3645 9.89112 88
      vertex -10.8077 12.8718 88
      vertex -13.4111 13.4489 88
    endloop
  endfacet
  facet normal 0 0 1
    outer loop
      vertex -10.8077 12.8718 88
      vertex -14.3645 9.89112 88
      vertex -9.63747 8.84317 88
    endloop
  endfacet
  facet normal 0 0 1
    outer loop
      vertex -15.9543 14.2508 88
      vertex -14.3645 9.89112 88
      vertex -13.4111 13.4489 88
    endloop
  endfacet
  facet normal 0 0 1
    outer loop
      vertex -18.9821 11.3471 88
      vertex -15.9543 14.2508 88
      vertex -17.7223 14.8083 88
    endloop
  endfacet
  facet normal 0 0 1
    outer loop
      vertex -15.9543 14.2508 88
      vertex -18.9821 11.3471 88
      vertex -14.3645 9.89112 88
    endloop
  endfacet
  facet normal 0 0 1
    outer loop
      vertex -19.4351 15.5177 88
      vertex -18.9821 11.3471 88
      vertex -17.7223 14.8083 88
    endloop
  endfacet
  facet normal 0 0 1
    outer loop
      vertex -23.4553 13.1999 88
      vertex -19.4351 15.5177 88
      vertex -21.8987 16.5382 88
    endloop
  endfacet
  facet normal 0 0 1
    outer loop
      vertex -19.4351 15.5177 88
      vertex -23.4553 13.1999 88
      vertex -18.9821 11.3471 88
    endloop
  endfacet
  facet normal 0 0 1
    outer loop
      vertex -23.543 17.3942 88
      vertex -23.4553 13.1999 88
      vertex -21.8987 16.5382 88
    endloop
  endfacet
  facet normal 0 0 1
    outer loop
      vertex -27.75 15.4356 88
      vertex -23.543 17.3942 88
      vertex -25.9083 18.6255 88
    endloop
  endfacet
  facet normal 0 0 1
    outer loop
      vertex -23.543 17.3942 88
      vertex -27.75 15.4356 88
      vertex -23.4553 13.1999 88
    endloop
  endfacet
  facet normal 0 0 1
    outer loop
      vertex -28.1573 20.0582 88
      vertex -27.75 15.4356 88
      vertex -25.9083 18.6255 88
    endloop
  endfacet
  facet normal 0 0 1
    outer loop
      vertex -31.8335 18.0371 88
      vertex -28.1573 20.0582 88
      vertex -29.7208 21.0543 88
    endloop
  endfacet
  facet normal 0 0 1
    outer loop
      vertex -31.8335 18.0371 88
      vertex -29.7208 21.0543 88
      vertex -31.1916 22.1828 88
    endloop
  endfacet
  facet normal 0 0 1
    outer loop
      vertex -28.1573 20.0582 88
      vertex -31.8335 18.0371 88
      vertex -27.75 15.4356 88
    endloop
  endfacet
  facet normal 0 0 1
    outer loop
      vertex -35.6747 20.9845 88
      vertex -31.1916 22.1828 88
      vertex -33.3071 23.8061 88
    endloop
  endfacet
  facet normal 0 0 1
    outer loop
      vertex -35.6747 20.9845 88
      vertex -33.3071 23.8061 88
      vertex -34.6739 25.0586 88
    endloop
  endfacet
  facet normal 0 0 1
    outer loop
      vertex -31.1916 22.1828 88
      vertex -35.6747 20.9845 88
      vertex -31.8335 18.0371 88
    endloop
  endfacet
  facet normal 0 0 1
    outer loop
      vertex -39.2444 24.2556 88
      vertex -34.6739 25.0586 88
      vertex -36.6399 26.8601 88
    endloop
  endfacet
  facet normal 0 0 1
    outer loop
      vertex -39.2444 24.2556 88
      vertex -36.6399 26.8601 88
      vertex -38.4414 28.8261 88
    endloop
  endfacet
  facet normal 0 0 1
    outer loop
      vertex -34.6739 25.0586 88
      vertex -39.2444 24.2556 88
      vertex -35.6747 20.9845 88
    endloop
  endfacet
  facet normal 0 0 1
    outer loop
      vertex -42.5155 27.8253 88
      vertex -38.4414 28.8261 88
      vertex -39.6939 30.1929 88
    endloop
  endfacet
  facet normal 0 0 1
    outer loop
      vertex -42.5155 27.8253 88
      vertex -39.6939 30.1929 88
      vertex -41.3172 32.3084 88
    endloop
  endfacet
  facet normal 0 0 1
    outer loop
      vertex -45.4629 31.6665 88
      vertex -41.3172 32.3084 88
      vertex -42.4457 33.7792 88
    endloop
  endfacet
  facet normal 0 0 1
    outer loop
      vertex -38.4414 28.8261 88
      vertex -42.5155 27.8253 88
      vertex -39.2444 24.2556 88
    endloop
  endfacet
  facet normal 0 0 1
    outer loop
      vertex -45.4629 31.6665 88
      vertex -42.4457 33.7792 88
      vertex -43.4418 35.3427 88
    endloop
  endfacet
  facet normal -0 0 1
    outer loop
      vertex -48.0644 35.75 88
      vertex -43.4418 35.3427 88
      vertex -44.8745 37.5917 88
    endloop
  endfacet
  facet normal 0 0 1
    outer loop
      vertex -41.3172 32.3084 88
      vertex -45.4629 31.6665 88
      vertex -42.5155 27.8253 88
    endloop
  endfacet
  facet normal 0 0 1
    outer loop
      vertex -48.0644 35.75 88
      vertex -44.8745 37.5917 88
      vertex -46.1058 39.957 88
    endloop
  endfacet
  facet normal -0 0 1
    outer loop
      vertex -50.3001 40.0447 88
      vertex -46.1058 39.957 88
      vertex -46.9618 41.6013 88
    endloop
  endfacet
  facet normal 0 0 1
    outer loop
      vertex -50.3001 40.0447 88
      vertex -46.9618 41.6013 88
      vertex -47.9823 44.0649 88
    endloop
  endfacet
  facet normal 0 0 1
    outer loop
      vertex -43.4418 35.3427 88
      vertex -48.0644 35.75 88
      vertex -45.4629 31.6665 88
    endloop
  endfacet
  facet normal -0 0 1
    outer loop
      vertex -52.1529 44.5179 88
      vertex -47.9823 44.0649 88
      vertex -48.6917 45.7777 88
    endloop
  endfacet
  facet normal 0 0 1
    outer loop
      vertex -52.1529 44.5179 88
      vertex -48.6917 45.7777 88
      vertex -49.2492 47.5457 88
    endloop
  endfacet
  facet normal -0 0 1
    outer loop
      vertex -53.6089 49.1355 88
      vertex -49.2492 47.5457 88
      vertex -50.0511 50.0889 88
    endloop
  endfacet
  facet normal 0 0 1
    outer loop
      vertex -46.1058 39.957 88
      vertex -50.3001 40.0447 88
      vertex -48.0644 35.75 88
    endloop
  endfacet
  facet normal 0 0 1
    outer loop
      vertex -53.6089 49.1355 88
      vertex -50.0511 50.0889 88
      vertex -50.6282 52.6922 88
    endloop
  endfacet
  facet normal -0 0 1
    outer loop
      vertex -54.6568 53.8625 88
      vertex -50.6282 52.6922 88
      vertex -51.0295 54.5021 88
    endloop
  endfacet
  facet normal 0 0 1
    outer loop
      vertex -54.6568 53.8625 88
      vertex -51.0295 54.5021 88
      vertex -51.2714 56.3401 88
    endloop
  endfacet
  facet normal -0 0 1
    outer loop
      vertex -55.2888 58.6629 88
      vertex -51.2714 56.3401 88
      vertex -51.6195 58.9839 88
    endloop
  endfacet
  facet normal 0 0 1
    outer loop
      vertex -47.9823 44.0649 88
      vertex -52.1529 44.5179 88
      vertex -50.3001 40.0447 88
    endloop
  endfacet
  facet normal 0 0 1
    outer loop
      vertex -55.2888 58.6629 88
      vertex -51.6195 58.9839 88
      vertex -51.7004 60.8359 88
    endloop
  endfacet
  facet normal -0 0 1
    outer loop
      vertex -55.5 63.5 88
      vertex -51.7004 60.8359 88
      vertex -51.8167 63.5 88
    endloop
  endfacet
  facet normal 0 0 1
    outer loop
      vertex -51.2714 70.6599 88
      vertex -55.2888 68.3371 88
      vertex -51.6195 68.0161 88
    endloop
  endfacet
  facet normal 0 0 1
    outer loop
      vertex -51.6195 68.0161 88
      vertex -55.2888 68.3371 88
      vertex -51.7004 66.1641 88
    endloop
  endfacet
  facet normal 0 0 1
    outer loop
      vertex -49.2492 47.5457 88
      vertex -53.6089 49.1355 88
      vertex -52.1529 44.5179 88
    endloop
  endfacet
  facet normal 0 0 1
    outer loop
      vertex -55.5 63.5 88
      vertex -51.7004 66.1641 88
      vertex -55.2888 68.3371 88
    endloop
  endfacet
  facet normal 0 0 1
    outer loop
      vertex -50.6282 52.6922 88
      vertex -54.6568 53.8625 88
      vertex -53.6089 49.1355 88
    endloop
  endfacet
  facet normal 0 0 1
    outer loop
      vertex -51.7004 66.1641 88
      vertex -55.5 63.5 88
      vertex -51.8167 63.5 88
    endloop
  endfacet
  facet normal 0 0 1
    outer loop
      vertex -51.2714 56.3401 88
      vertex -55.2888 58.6629 88
      vertex -54.6568 53.8625 88
    endloop
  endfacet
  facet normal 0 0 1
    outer loop
      vertex -51.7004 60.8359 88
      vertex -55.5 63.5 88
      vertex -55.2888 58.6629 88
    endloop
  endfacet
  facet normal 0.608832 0.793299 -0
    outer loop
      vertex 35.6747 106.015 5.5
      vertex 31.8335 108.963 11.5
      vertex 35.6747 106.015 11.5
    endloop
  endfacet
  facet normal 0.608832 0.793299 0
    outer loop
      vertex 31.8335 108.963 11.5
      vertex 35.6747 106.015 5.5
      vertex 31.8335 108.963 5.5
    endloop
  endfacet
  facet normal 0.53723 0.843436 -0
    outer loop
      vertex 31.8335 108.963 5.5
      vertex 27.75 111.564 11.5
      vertex 31.8335 108.963 11.5
    endloop
  endfacet
  facet normal 0.53723 0.843436 0
    outer loop
      vertex 27.75 111.564 11.5
      vertex 31.8335 108.963 5.5
      vertex 27.75 111.564 5.5
    endloop
  endfacet
  facet normal 0.30072 0.953712 -0
    outer loop
      vertex 18.9821 115.653 5.5
      vertex 14.3645 117.109 11.5
      vertex 18.9821 115.653 11.5
    endloop
  endfacet
  facet normal 0.30072 0.953712 0
    outer loop
      vertex 14.3645 117.109 11.5
      vertex 18.9821 115.653 5.5
      vertex 14.3645 117.109 5.5
    endloop
  endfacet
  facet normal 0.0436185 -0.999048 0
    outer loop
      vertex 0 8 5.5
      vertex 4.83714 8.21119 88
      vertex 0 8 88
    endloop
  endfacet
  facet normal 0.0436185 -0.999048 0
    outer loop
      vertex 4.83714 8.21119 88
      vertex 0 8 5.5
      vertex 4.83714 8.21119 5.5
    endloop
  endfacet
  facet normal 0.887009 0.461752 0
    outer loop
      vertex 50.3001 86.9553 88
      vertex 48.0644 91.25 5.5
      vertex 48.0644 91.25 88
    endloop
  endfacet
  facet normal 0.887009 0.461752 0
    outer loop
      vertex 48.0644 91.25 5.5
      vertex 50.3001 86.9553 88
      vertex 50.3001 86.9553 5.5
    endloop
  endfacet
  facet normal -0.953712 0.30072 0
    outer loop
      vertex -53.6089 77.8645 5.5
      vertex -52.1529 82.4821 88
      vertex -52.1529 82.4821 5.5
    endloop
  endfacet
  facet normal -0.953712 0.30072 0
    outer loop
      vertex -52.1529 82.4821 88
      vertex -53.6089 77.8645 5.5
      vertex -53.6089 77.8645 88
    endloop
  endfacet
  facet normal -0.953712 -0.30072 0
    outer loop
      vertex -52.1529 44.5179 5.5
      vertex -53.6089 49.1355 88
      vertex -53.6089 49.1355 5.5
    endloop
  endfacet
  facet normal -0.953712 -0.30072 0
    outer loop
      vertex -53.6089 49.1355 88
      vertex -52.1529 44.5179 5.5
      vertex -52.1529 44.5179 88
    endloop
  endfacet
  facet normal 0.461752 -0.887009 0
    outer loop
      vertex 23.4553 13.1999 5.5
      vertex 27.75 15.4356 88
      vertex 23.4553 13.1999 88
    endloop
  endfacet
  facet normal 0.461752 -0.887009 0
    outer loop
      vertex 27.75 15.4356 88
      vertex 23.4553 13.1999 5.5
      vertex 27.75 15.4356 5.5
    endloop
  endfacet
  facet normal 0.976298 -0.21643 0
    outer loop
      vertex 53.6089 49.1355 88
      vertex 54.6568 53.8625 5.5
      vertex 54.6568 53.8625 88
    endloop
  endfacet
  facet normal 0.976298 -0.21643 0
    outer loop
      vertex 54.6568 53.8625 5.5
      vertex 53.6089 49.1355 88
      vertex 53.6089 49.1355 5.5
    endloop
  endfacet
  facet normal -0.675598 -0.73727 0
    outer loop
      vertex -39.2444 24.2556 5.5
      vertex -35.6747 20.9845 88
      vertex -39.2444 24.2556 88
    endloop
  endfacet
  facet normal -0.675598 -0.73727 -0
    outer loop
      vertex -35.6747 20.9845 88
      vertex -39.2444 24.2556 5.5
      vertex -35.6747 20.9845 5.5
    endloop
  endfacet
  facet normal 0.461801 0.886984 -0
    outer loop
      vertex 27.75 111.564 5.5
      vertex 23.4553 113.8 11.5
      vertex 27.75 111.564 11.5
    endloop
  endfacet
  facet normal 0.461801 0.886984 0
    outer loop
      vertex 23.4553 113.8 11.5
      vertex 27.75 111.564 5.5
      vertex 23.4553 113.8 5.5
    endloop
  endfacet
  facet normal -0.991444 0.130529 0
    outer loop
      vertex -55.2888 68.3371 5.5
      vertex -54.6568 73.1375 88
      vertex -54.6568 73.1375 5.5
    endloop
  endfacet
  facet normal -0.991444 0.130529 0
    outer loop
      vertex -54.6568 73.1375 88
      vertex -55.2888 68.3371 5.5
      vertex -55.2888 68.3371 88
    endloop
  endfacet
  facet normal -0.216438 -0.976296 0
    outer loop
      vertex -14.3645 9.89112 5.5
      vertex -9.63747 8.84317 88
      vertex -14.3645 9.89112 88
    endloop
  endfacet
  facet normal -0.216438 -0.976296 -0
    outer loop
      vertex -9.63747 8.84317 88
      vertex -14.3645 9.89112 5.5
      vertex -9.63747 8.84317 5.5
    endloop
  endfacet
  facet normal 0.843389 -0.537303 0
    outer loop
      vertex 45.4629 31.6665 88
      vertex 48.0644 35.75 5.5
      vertex 48.0644 35.75 88
    endloop
  endfacet
  facet normal 0.843389 -0.537303 0
    outer loop
      vertex 48.0644 35.75 5.5
      vertex 45.4629 31.6665 88
      vertex 45.4629 31.6665 5.5
    endloop
  endfacet
  facet normal 0.382708 0.923869 -0
    outer loop
      vertex 23.4553 113.8 5.5
      vertex 18.9821 115.653 11.5
      vertex 23.4553 113.8 11.5
    endloop
  endfacet
  facet normal 0.382708 0.923869 0
    outer loop
      vertex 18.9821 115.653 11.5
      vertex 23.4553 113.8 5.5
      vertex 18.9821 115.653 5.5
    endloop
  endfacet
  facet normal 0.793359 0.608754 0
    outer loop
      vertex 45.4629 95.3335 88
      vertex 42.5155 99.1747 5.5
      vertex 42.5155 99.1747 88
    endloop
  endfacet
  facet normal 0.793359 0.608754 0
    outer loop
      vertex 42.5155 99.1747 5.5
      vertex 45.4629 95.3335 88
      vertex 45.4629 95.3335 5.5
    endloop
  endfacet
  facet normal -0.461801 0.886984 0
    outer loop
      vertex -23.4553 113.8 5.5
      vertex -27.75 111.564 11.5
      vertex -23.4553 113.8 11.5
    endloop
  endfacet
  facet normal -0.461801 0.886984 0
    outer loop
      vertex -27.75 111.564 11.5
      vertex -23.4553 113.8 5.5
      vertex -27.75 111.564 5.5
    endloop
  endfacet
  facet normal -0.382708 0.923869 0
    outer loop
      vertex -18.9821 115.653 5.5
      vertex -23.4553 113.8 11.5
      vertex -18.9821 115.653 11.5
    endloop
  endfacet
  facet normal -0.382708 0.923869 0
    outer loop
      vertex -23.4553 113.8 11.5
      vertex -18.9821 115.653 5.5
      vertex -23.4553 113.8 5.5
    endloop
  endfacet
  facet normal -0.53723 0.843436 0
    outer loop
      vertex -27.75 111.564 5.5
      vertex -31.8335 108.963 11.5
      vertex -27.75 111.564 11.5
    endloop
  endfacet
  facet normal -0.53723 0.843436 0
    outer loop
      vertex -31.8335 108.963 11.5
      vertex -27.75 111.564 5.5
      vertex -31.8335 108.963 5.5
    endloop
  endfacet
  facet normal 0.675598 -0.73727 0
    outer loop
      vertex 35.6747 20.9845 5.5
      vertex 39.2444 24.2556 88
      vertex 35.6747 20.9845 88
    endloop
  endfacet
  facet normal 0.675598 -0.73727 0
    outer loop
      vertex 39.2444 24.2556 88
      vertex 35.6747 20.9845 5.5
      vertex 39.2444 24.2556 5.5
    endloop
  endfacet
  facet normal -0.887009 -0.461752 0
    outer loop
      vertex -48.0644 35.75 5.5
      vertex -50.3001 40.0447 88
      vertex -50.3001 40.0447 5.5
    endloop
  endfacet
  facet normal -0.887009 -0.461752 0
    outer loop
      vertex -50.3001 40.0447 88
      vertex -48.0644 35.75 5.5
      vertex -48.0644 35.75 88
    endloop
  endfacet
  facet normal 0.843389 0.537303 0
    outer loop
      vertex 48.0644 91.25 88
      vertex 45.4629 95.3335 5.5
      vertex 45.4629 95.3335 88
    endloop
  endfacet
  facet normal 0.843389 0.537303 0
    outer loop
      vertex 45.4629 95.3335 5.5
      vertex 48.0644 91.25 88
      vertex 48.0644 91.25 5.5
    endloop
  endfacet
  facet normal -0.300716 -0.953714 0
    outer loop
      vertex -18.9821 11.3471 5.5
      vertex -14.3645 9.89112 88
      vertex -18.9821 11.3471 88
    endloop
  endfacet
  facet normal -0.300716 -0.953714 -0
    outer loop
      vertex -14.3645 9.89112 88
      vertex -18.9821 11.3471 5.5
      vertex -14.3645 9.89112 5.5
    endloop
  endfacet
  facet normal 0.991444 -0.130529 0
    outer loop
      vertex 54.6568 53.8625 88
      vertex 55.2888 58.6629 5.5
      vertex 55.2888 58.6629 88
    endloop
  endfacet
  facet normal 0.991444 -0.130529 0
    outer loop
      vertex 55.2888 58.6629 5.5
      vertex 54.6568 53.8625 88
      vertex 54.6568 53.8625 5.5
    endloop
  endfacet
  facet normal 0.300716 -0.953714 0
    outer loop
      vertex 14.3645 9.89112 5.5
      vertex 18.9821 11.3471 88
      vertex 14.3645 9.89112 88
    endloop
  endfacet
  facet normal 0.300716 -0.953714 0
    outer loop
      vertex 18.9821 11.3471 88
      vertex 14.3645 9.89112 5.5
      vertex 18.9821 11.3471 5.5
    endloop
  endfacet
  facet normal -0.843389 -0.537303 0
    outer loop
      vertex -45.4629 31.6665 5.5
      vertex -48.0644 35.75 88
      vertex -48.0644 35.75 5.5
    endloop
  endfacet
  facet normal -0.843389 -0.537303 0
    outer loop
      vertex -48.0644 35.75 88
      vertex -45.4629 31.6665 5.5
      vertex -45.4629 31.6665 88
    endloop
  endfacet
  facet normal 0.675587 0.73728 -0
    outer loop
      vertex 39.2444 102.744 5.5
      vertex 35.6747 106.015 11.5
      vertex 39.2444 102.744 11.5
    endloop
  endfacet
  facet normal 0.675587 0.73728 0
    outer loop
      vertex 35.6747 106.015 11.5
      vertex 39.2444 102.744 5.5
      vertex 35.6747 106.015 5.5
    endloop
  endfacet
  facet normal -0.0435794 0.99905 0
    outer loop
      vertex 0 119 5.5
      vertex -4.83714 118.789 11.5
      vertex 0 119 11.5
    endloop
  endfacet
  facet normal -0.0435794 0.99905 0
    outer loop
      vertex -4.83714 118.789 11.5
      vertex 0 119 5.5
      vertex -4.83714 118.789 5.5
    endloop
  endfacet
  facet normal -0.999048 -0.043621 0
    outer loop
      vertex -55.2888 58.6629 5.5
      vertex -55.5 63.5 88
      vertex -55.5 63.5 5.5
    endloop
  endfacet
  facet normal -0.999048 -0.043621 0
    outer loop
      vertex -55.5 63.5 88
      vertex -55.2888 58.6629 5.5
      vertex -55.2888 58.6629 88
    endloop
  endfacet
  facet normal -0.923884 -0.382673 0
    outer loop
      vertex -50.3001 40.0447 5.5
      vertex -52.1529 44.5179 88
      vertex -52.1529 44.5179 5.5
    endloop
  endfacet
  facet normal -0.923884 -0.382673 0
    outer loop
      vertex -52.1529 44.5179 88
      vertex -50.3001 40.0447 5.5
      vertex -50.3001 40.0447 88
    endloop
  endfacet
  facet normal -0.130531 0.991444 0
    outer loop
      vertex -4.83714 118.789 5.5
      vertex -9.63747 118.157 11.5
      vertex -4.83714 118.789 11.5
    endloop
  endfacet
  facet normal -0.130531 0.991444 0
    outer loop
      vertex -9.63747 118.157 11.5
      vertex -4.83714 118.789 5.5
      vertex -9.63747 118.157 5.5
    endloop
  endfacet
  facet normal -0.793359 0.608754 0
    outer loop
      vertex -45.4629 95.3335 5.5
      vertex -42.5155 99.1747 88
      vertex -42.5155 99.1747 5.5
    endloop
  endfacet
  facet normal -0.793359 0.608754 0
    outer loop
      vertex -42.5155 99.1747 88
      vertex -45.4629 95.3335 5.5
      vertex -45.4629 95.3335 88
    endloop
  endfacet
  facet normal 0.382673 -0.923884 0
    outer loop
      vertex 18.9821 11.3471 5.5
      vertex 23.4553 13.1999 88
      vertex 18.9821 11.3471 88
    endloop
  endfacet
  facet normal 0.382673 -0.923884 0
    outer loop
      vertex 23.4553 13.1999 88
      vertex 18.9821 11.3471 5.5
      vertex 23.4553 13.1999 5.5
    endloop
  endfacet
  facet normal 0.130527 -0.991445 0
    outer loop
      vertex 4.83714 8.21119 5.5
      vertex 9.63747 8.84317 88
      vertex 4.83714 8.21119 88
    endloop
  endfacet
  facet normal 0.130527 -0.991445 0
    outer loop
      vertex 9.63747 8.84317 88
      vertex 4.83714 8.21119 5.5
      vertex 9.63747 8.84317 5.5
    endloop
  endfacet
  facet normal 0.923884 0.382673 0
    outer loop
      vertex 52.1529 82.4821 88
      vertex 50.3001 86.9553 5.5
      vertex 50.3001 86.9553 88
    endloop
  endfacet
  facet normal 0.923884 0.382673 0
    outer loop
      vertex 50.3001 86.9553 5.5
      vertex 52.1529 82.4821 88
      vertex 52.1529 82.4821 5.5
    endloop
  endfacet
  facet normal -0.461752 -0.887009 0
    outer loop
      vertex -27.75 15.4356 5.5
      vertex -23.4553 13.1999 88
      vertex -27.75 15.4356 88
    endloop
  endfacet
  facet normal -0.461752 -0.887009 -0
    outer loop
      vertex -23.4553 13.1999 88
      vertex -27.75 15.4356 5.5
      vertex -23.4553 13.1999 5.5
    endloop
  endfacet
  facet normal -0.736986 0.675907 0
    outer loop
      vertex -39.2444 102.744 5.5
      vertex -39.78 102.16 11.5
      vertex -39.2444 102.744 11.5
    endloop
  endfacet
  facet normal -0.737232 0.67564 -4.80114e-05
    outer loop
      vertex -42.5155 99.1747 5.5
      vertex -39.78 102.16 11.5
      vertex -39.2444 102.744 5.5
    endloop
  endfacet
  facet normal -0.73728 0.675587 0
    outer loop
      vertex -42.5155 99.1747 88
      vertex -39.78 102.16 11.5
      vertex -42.5155 99.1747 5.5
    endloop
  endfacet
  facet normal -0.73728 0.675587 0
    outer loop
      vertex -39.78 102.16 11.5
      vertex -42.5155 99.1747 88
      vertex -39.78 102.16 88
    endloop
  endfacet
  facet normal -0.73727 -0.675598 0
    outer loop
      vertex -39.2444 24.2556 5.5
      vertex -42.5155 27.8253 88
      vertex -42.5155 27.8253 5.5
    endloop
  endfacet
  facet normal -0.73727 -0.675598 0
    outer loop
      vertex -42.5155 27.8253 88
      vertex -39.2444 24.2556 5.5
      vertex -39.2444 24.2556 88
    endloop
  endfacet
  facet normal 0.923884 -0.382673 0
    outer loop
      vertex 50.3001 40.0447 88
      vertex 52.1529 44.5179 5.5
      vertex 52.1529 44.5179 88
    endloop
  endfacet
  facet normal 0.923884 -0.382673 0
    outer loop
      vertex 52.1529 44.5179 5.5
      vertex 50.3001 40.0447 88
      vertex 50.3001 40.0447 5.5
    endloop
  endfacet
  facet normal 0.887009 -0.461752 0
    outer loop
      vertex 48.0644 35.75 88
      vertex 50.3001 40.0447 5.5
      vertex 50.3001 40.0447 88
    endloop
  endfacet
  facet normal 0.887009 -0.461752 0
    outer loop
      vertex 50.3001 40.0447 5.5
      vertex 48.0644 35.75 88
      vertex 48.0644 35.75 5.5
    endloop
  endfacet
  facet normal 0.73728 0.675587 0
    outer loop
      vertex 39.78 102.16 88
      vertex 42.5155 99.1747 88
      vertex 39.78 102.16 11.5
    endloop
  endfacet
  facet normal 0.736986 0.675907 0
    outer loop
      vertex 39.78 102.16 11.5
      vertex 39.2444 102.744 5.5
      vertex 39.2444 102.744 11.5
    endloop
  endfacet
  facet normal 0.737232 0.67564 -4.80114e-05
    outer loop
      vertex 39.78 102.16 11.5
      vertex 42.5155 99.1747 5.5
      vertex 39.2444 102.744 5.5
    endloop
  endfacet
  facet normal 0.73728 0.675587 -0
    outer loop
      vertex 42.5155 99.1747 5.5
      vertex 39.78 102.16 11.5
      vertex 42.5155 99.1747 88
    endloop
  endfacet
  facet normal -0.843389 0.537303 0
    outer loop
      vertex -48.0644 91.25 5.5
      vertex -45.4629 95.3335 88
      vertex -45.4629 95.3335 5.5
    endloop
  endfacet
  facet normal -0.843389 0.537303 0
    outer loop
      vertex -45.4629 95.3335 88
      vertex -48.0644 91.25 5.5
      vertex -48.0644 91.25 88
    endloop
  endfacet
  facet normal -0.130527 -0.991445 0
    outer loop
      vertex -9.63747 8.84317 5.5
      vertex -4.83714 8.21119 88
      vertex -9.63747 8.84317 88
    endloop
  endfacet
  facet normal -0.130527 -0.991445 -0
    outer loop
      vertex -4.83714 8.21119 88
      vertex -9.63747 8.84317 5.5
      vertex -4.83714 8.21119 5.5
    endloop
  endfacet
  facet normal -0.999048 0.043621 0
    outer loop
      vertex -55.5 63.5 5.5
      vertex -55.2888 68.3371 88
      vertex -55.2888 68.3371 5.5
    endloop
  endfacet
  facet normal -0.999048 0.043621 0
    outer loop
      vertex -55.2888 68.3371 88
      vertex -55.5 63.5 5.5
      vertex -55.5 63.5 88
    endloop
  endfacet
  facet normal -0.608754 -0.793359 0
    outer loop
      vertex -35.6747 20.9845 5.5
      vertex -31.8335 18.0371 88
      vertex -35.6747 20.9845 88
    endloop
  endfacet
  facet normal -0.608754 -0.793359 -0
    outer loop
      vertex -31.8335 18.0371 88
      vertex -35.6747 20.9845 5.5
      vertex -31.8335 18.0371 5.5
    endloop
  endfacet
  facet normal -0.382673 -0.923884 0
    outer loop
      vertex -23.4553 13.1999 5.5
      vertex -18.9821 11.3471 88
      vertex -23.4553 13.1999 88
    endloop
  endfacet
  facet normal -0.382673 -0.923884 -0
    outer loop
      vertex -18.9821 11.3471 88
      vertex -23.4553 13.1999 5.5
      vertex -18.9821 11.3471 5.5
    endloop
  endfacet
  facet normal -0.923884 0.382673 0
    outer loop
      vertex -52.1529 82.4821 5.5
      vertex -50.3001 86.9553 88
      vertex -50.3001 86.9553 5.5
    endloop
  endfacet
  facet normal -0.923884 0.382673 0
    outer loop
      vertex -50.3001 86.9553 88
      vertex -52.1529 82.4821 5.5
      vertex -52.1529 82.4821 88
    endloop
  endfacet
  facet normal 0.73727 -0.675598 0
    outer loop
      vertex 39.2444 24.2556 88
      vertex 42.5155 27.8253 5.5
      vertex 42.5155 27.8253 88
    endloop
  endfacet
  facet normal 0.73727 -0.675598 0
    outer loop
      vertex 42.5155 27.8253 5.5
      vertex 39.2444 24.2556 88
      vertex 39.2444 24.2556 5.5
    endloop
  endfacet
  facet normal -0.991446 0.130516 0
    outer loop
      vertex 50.2252 54.6439 5.5
      vertex 50.8059 59.0551 86.6
      vertex 50.8059 59.0551 5.5
    endloop
  endfacet
  facet normal -0.991446 0.130516 0
    outer loop
      vertex 50.8059 59.0551 86.6
      vertex 50.2252 54.6439 5.5
      vertex 50.2252 54.6439 86.6
    endloop
  endfacet
  facet normal -0.991446 -0.130516 0
    outer loop
      vertex 50.8059 67.9449 5.5
      vertex 50.2252 72.3561 86.6
      vertex 50.2252 72.3561 5.5
    endloop
  endfacet
  facet normal -0.991446 -0.130516 0
    outer loop
      vertex 50.2252 72.3561 86.6
      vertex 50.8059 67.9449 5.5
      vertex 50.8059 67.9449 86.6
    endloop
  endfacet
  facet normal -0.999048 -0.0436264 0
    outer loop
      vertex 51 63.5 5.5
      vertex 50.8059 67.9449 86.6
      vertex 50.8059 67.9449 5.5
    endloop
  endfacet
  facet normal -0.999048 -0.0436264 0
    outer loop
      vertex 50.8059 67.9449 86.6
      vertex 51 63.5 5.5
      vertex 51 63.5 86.6
    endloop
  endfacet
  facet normal -0.976295 -0.216445 0
    outer loop
      vertex 50.2252 72.3561 5.5
      vertex 49.2622 76.6998 86.6
      vertex 49.2622 76.6998 5.5
    endloop
  endfacet
  facet normal -0.976295 -0.216445 0
    outer loop
      vertex 49.2622 76.6998 86.6
      vertex 50.2252 72.3561 5.5
      vertex 50.2252 72.3561 86.6
    endloop
  endfacet
  facet normal -0.300711 0.953715 0
    outer loop
      vertex 17.443 15.5757 5.5
      vertex 13.1998 14.2378 86.6
      vertex 17.443 15.5757 86.6
    endloop
  endfacet
  facet normal -0.300711 0.953715 0
    outer loop
      vertex 13.1998 14.2378 86.6
      vertex 17.443 15.5757 5.5
      vertex 13.1998 14.2378 5.5
    endloop
  endfacet
  facet normal -0.953715 -0.300711 0
    outer loop
      vertex 49.2622 76.6998 5.5
      vertex 47.9243 80.943 86.6
      vertex 47.9243 80.943 5.5
    endloop
  endfacet
  facet normal -0.953715 -0.300711 0
    outer loop
      vertex 47.9243 80.943 86.6
      vertex 49.2622 76.6998 5.5
      vertex 49.2622 76.6998 86.6
    endloop
  endfacet
  facet normal -0.461745 0.887012 0
    outer loop
      vertex 25.5 19.3327 5.5
      vertex 21.5535 17.2783 86.6
      vertex 25.5 19.3327 86.6
    endloop
  endfacet
  facet normal -0.461745 0.887012 0
    outer loop
      vertex 21.5535 17.2783 86.6
      vertex 25.5 19.3327 5.5
      vertex 21.5535 17.2783 5.5
    endloop
  endfacet
  facet normal 0.887012 -0.461745 0
    outer loop
      vertex -46.2217 85.0535 86.6
      vertex -44.1673 89 5.5
      vertex -44.1673 89 86.6
    endloop
  endfacet
  facet normal 0.887012 -0.461745 0
    outer loop
      vertex -44.1673 89 5.5
      vertex -46.2217 85.0535 86.6
      vertex -46.2217 85.0535 5.5
    endloop
  endfacet
  facet normal -0.216443 0.976295 0
    outer loop
      vertex 13.1998 14.2378 5.5
      vertex 8.85606 13.2748 86.6
      vertex 13.1998 14.2378 86.6
    endloop
  endfacet
  facet normal -0.216443 0.976295 0
    outer loop
      vertex 8.85606 13.2748 86.6
      vertex 13.1998 14.2378 5.5
      vertex 8.85606 13.2748 5.5
    endloop
  endfacet
  facet normal 0.216443 0.976295 -0
    outer loop
      vertex -8.85606 13.2748 5.5
      vertex -13.1998 14.2378 86.6
      vertex -8.85606 13.2748 86.6
    endloop
  endfacet
  facet normal 0.216443 0.976295 0
    outer loop
      vertex -13.1998 14.2378 86.6
      vertex -8.85606 13.2748 5.5
      vertex -13.1998 14.2378 5.5
    endloop
  endfacet
  facet normal 0.991446 0.130516 0
    outer loop
      vertex -50.2252 54.6439 86.6
      vertex -50.8059 59.0551 5.5
      vertex -50.8059 59.0551 86.6
    endloop
  endfacet
  facet normal 0.991446 0.130516 0
    outer loop
      vertex -50.8059 59.0551 5.5
      vertex -50.2252 54.6439 86.6
      vertex -50.2252 54.6439 5.5
    endloop
  endfacet
  facet normal 0.300731 -0.953709 0
    outer loop
      vertex -17.443 111.424 5.5
      vertex -13.1998 112.762 11.5
      vertex -17.443 111.424 11.5
    endloop
  endfacet
  facet normal 0.300731 -0.953709 0
    outer loop
      vertex -13.1998 112.762 11.5
      vertex -17.443 111.424 5.5
      vertex -13.1998 112.762 5.5
    endloop
  endfacet
  facet normal 0.923882 0.382679 0
    outer loop
      vertex -46.2217 41.9465 86.6
      vertex -47.9243 46.057 5.5
      vertex -47.9243 46.057 86.6
    endloop
  endfacet
  facet normal 0.923882 0.382679 0
    outer loop
      vertex -47.9243 46.057 5.5
      vertex -46.2217 41.9465 86.6
      vertex -46.2217 41.9465 5.5
    endloop
  endfacet
  facet normal -0.73726 0.675609 0
    outer loop
      vertex 36.0624 27.4376 5.5
      vertex 39.0683 30.7178 86.6
      vertex 39.0683 30.7178 5.5
    endloop
  endfacet
  facet normal -0.73726 0.675609 0
    outer loop
      vertex 39.0683 30.7178 86.6
      vertex 36.0624 27.4376 5.5
      vertex 36.0624 27.4376 86.6
    endloop
  endfacet
  facet normal 0.675609 0.73726 -0
    outer loop
      vertex -32.7822 24.4317 5.5
      vertex -36.0624 27.4376 86.6
      vertex -32.7822 24.4317 86.6
    endloop
  endfacet
  facet normal 0.675609 0.73726 0
    outer loop
      vertex -36.0624 27.4376 86.6
      vertex -32.7822 24.4317 5.5
      vertex -36.0624 27.4376 5.5
    endloop
  endfacet
  facet normal -0.300731 -0.953709 0
    outer loop
      vertex 13.1998 112.762 5.5
      vertex 17.443 111.424 11.5
      vertex 13.1998 112.762 11.5
    endloop
  endfacet
  facet normal -0.300731 -0.953709 -0
    outer loop
      vertex 17.443 111.424 11.5
      vertex 13.1998 112.762 5.5
      vertex 17.443 111.424 5.5
    endloop
  endfacet
  facet normal -0.130518 0.991446 0
    outer loop
      vertex 8.85606 13.2748 5.5
      vertex 4.44494 12.6941 86.6
      vertex 8.85606 13.2748 86.6
    endloop
  endfacet
  facet normal -0.130518 0.991446 0
    outer loop
      vertex 4.44494 12.6941 86.6
      vertex 8.85606 13.2748 5.5
      vertex 4.44494 12.6941 5.5
    endloop
  endfacet
  facet normal 0.843396 -0.537293 0
    outer loop
      vertex -44.1673 89 86.6
      vertex -41.7768 92.7524 5.5
      vertex -41.7768 92.7524 86.6
    endloop
  endfacet
  facet normal 0.843396 -0.537293 0
    outer loop
      vertex -41.7768 92.7524 5.5
      vertex -44.1673 89 86.6
      vertex -44.1673 89 5.5
    endloop
  endfacet
  facet normal -0.887012 0.461745 0
    outer loop
      vertex 44.1673 38 5.5
      vertex 46.2217 41.9465 86.6
      vertex 46.2217 41.9465 5.5
    endloop
  endfacet
  facet normal -0.887012 0.461745 0
    outer loop
      vertex 46.2217 41.9465 86.6
      vertex 44.1673 38 5.5
      vertex 44.1673 38 86.6
    endloop
  endfacet
  facet normal -0.608831 -0.7933 0
    outer loop
      vertex 29.2524 105.277 5.5
      vertex 32.7822 102.568 11.5
      vertex 29.2524 105.277 11.5
    endloop
  endfacet
  facet normal -0.608831 -0.7933 -0
    outer loop
      vertex 32.7822 102.568 11.5
      vertex 29.2524 105.277 5.5
      vertex 32.7822 102.568 5.5
    endloop
  endfacet
  facet normal -0.953715 0.300711 0
    outer loop
      vertex 47.9243 46.057 5.5
      vertex 49.2622 50.3002 86.6
      vertex 49.2622 50.3002 5.5
    endloop
  endfacet
  facet normal -0.953715 0.300711 0
    outer loop
      vertex 49.2622 50.3002 86.6
      vertex 47.9243 46.057 5.5
      vertex 47.9243 46.057 86.6
    endloop
  endfacet
  facet normal 0.537213 -0.843447 0
    outer loop
      vertex -29.2524 105.277 5.5
      vertex -25.5 107.667 11.5
      vertex -29.2524 105.277 11.5
    endloop
  endfacet
  facet normal 0.537213 -0.843447 0
    outer loop
      vertex -25.5 107.667 11.5
      vertex -29.2524 105.277 5.5
      vertex -25.5 107.667 5.5
    endloop
  endfacet
  facet normal 0.60876 0.793355 -0
    outer loop
      vertex -29.2524 21.7232 5.5
      vertex -32.7822 24.4317 86.6
      vertex -29.2524 21.7232 86.6
    endloop
  endfacet
  facet normal 0.60876 0.793355 0
    outer loop
      vertex -32.7822 24.4317 86.6
      vertex -29.2524 21.7232 5.5
      vertex -32.7822 24.4317 5.5
    endloop
  endfacet
  facet normal 0.608831 -0.7933 0
    outer loop
      vertex -32.7822 102.568 5.5
      vertex -29.2524 105.277 11.5
      vertex -32.7822 102.568 11.5
    endloop
  endfacet
  facet normal 0.608831 -0.7933 0
    outer loop
      vertex -29.2524 105.277 11.5
      vertex -32.7822 102.568 5.5
      vertex -29.2524 105.277 5.5
    endloop
  endfacet
  facet normal 0.793355 0.60876 0
    outer loop
      vertex -39.0683 30.7178 86.6
      vertex -41.7768 34.2476 5.5
      vertex -41.7768 34.2476 86.6
    endloop
  endfacet
  facet normal 0.793355 0.60876 0
    outer loop
      vertex -41.7768 34.2476 5.5
      vertex -39.0683 30.7178 86.6
      vertex -39.0683 30.7178 5.5
    endloop
  endfacet
  facet normal -0.537213 -0.843447 0
    outer loop
      vertex 25.5 107.667 5.5
      vertex 29.2524 105.277 11.5
      vertex 25.5 107.667 11.5
    endloop
  endfacet
  facet normal -0.537213 -0.843447 -0
    outer loop
      vertex 29.2524 105.277 11.5
      vertex 25.5 107.667 5.5
      vertex 29.2524 105.277 5.5
    endloop
  endfacet
  facet normal -0.0436261 0.999048 0
    outer loop
      vertex 4.44494 12.6941 5.5
      vertex 0 12.5 86.6
      vertex 4.44494 12.6941 86.6
    endloop
  endfacet
  facet normal -0.0436261 0.999048 0
    outer loop
      vertex 0 12.5 86.6
      vertex 4.44494 12.6941 5.5
      vertex 0 12.5 5.5
    endloop
  endfacet
  facet normal 0.976295 -0.216445 0
    outer loop
      vertex -50.2252 72.3561 86.6
      vertex -49.2622 76.6998 5.5
      vertex -49.2622 76.6998 86.6
    endloop
  endfacet
  facet normal 0.976295 -0.216445 0
    outer loop
      vertex -49.2622 76.6998 5.5
      vertex -50.2252 72.3561 86.6
      vertex -50.2252 72.3561 5.5
    endloop
  endfacet
  facet normal 0.216443 -0.976295 0
    outer loop
      vertex -13.1998 112.762 5.5
      vertex -8.85606 113.725 11.5
      vertex -13.1998 112.762 11.5
    endloop
  endfacet
  facet normal 0.216443 -0.976295 0
    outer loop
      vertex -8.85606 113.725 11.5
      vertex -13.1998 112.762 5.5
      vertex -8.85606 113.725 5.5
    endloop
  endfacet
  facet normal 0.0436036 -0.999049 0
    outer loop
      vertex -4.44494 114.306 5.5
      vertex 0 114.5 11.5
      vertex -4.44494 114.306 11.5
    endloop
  endfacet
  facet normal 0.0436036 -0.999049 0
    outer loop
      vertex 0 114.5 11.5
      vertex -4.44494 114.306 5.5
      vertex 0 114.5 5.5
    endloop
  endfacet
  facet normal -0.675572 -0.737294 0
    outer loop
      vertex 32.7822 102.568 5.5
      vertex 36.0624 99.5624 11.5
      vertex 32.7822 102.568 11.5
    endloop
  endfacet
  facet normal -0.675572 -0.737294 -0
    outer loop
      vertex 36.0624 99.5624 11.5
      vertex 32.7822 102.568 5.5
      vertex 36.0624 99.5624 5.5
    endloop
  endfacet
  facet normal -0.999048 0.0436264 0
    outer loop
      vertex 50.8059 59.0551 5.5
      vertex 51 63.5 86.6
      vertex 51 63.5 5.5
    endloop
  endfacet
  facet normal -0.999048 0.0436264 0
    outer loop
      vertex 51 63.5 86.6
      vertex 50.8059 59.0551 5.5
      vertex 50.8059 59.0551 86.6
    endloop
  endfacet
  facet normal -0.793355 0.60876 0
    outer loop
      vertex 39.0683 30.7178 5.5
      vertex 41.7768 34.2476 86.6
      vertex 41.7768 34.2476 5.5
    endloop
  endfacet
  facet normal -0.793355 0.60876 0
    outer loop
      vertex 41.7768 34.2476 86.6
      vertex 39.0683 30.7178 5.5
      vertex 39.0683 30.7178 86.6
    endloop
  endfacet
  facet normal -0.0436036 -0.999049 0
    outer loop
      vertex 0 114.5 5.5
      vertex 4.44494 114.306 11.5
      vertex 0 114.5 11.5
    endloop
  endfacet
  facet normal -0.0436036 -0.999049 -0
    outer loop
      vertex 4.44494 114.306 11.5
      vertex 0 114.5 5.5
      vertex 4.44494 114.306 5.5
    endloop
  endfacet
  facet normal -0.976295 0.216445 0
    outer loop
      vertex 49.2622 50.3002 5.5
      vertex 50.2252 54.6439 86.6
      vertex 50.2252 54.6439 5.5
    endloop
  endfacet
  facet normal -0.976295 0.216445 0
    outer loop
      vertex 50.2252 54.6439 86.6
      vertex 49.2622 50.3002 5.5
      vertex 49.2622 50.3002 86.6
    endloop
  endfacet
  facet normal 0.923882 -0.382679 0
    outer loop
      vertex -47.9243 80.943 86.6
      vertex -46.2217 85.0535 5.5
      vertex -46.2217 85.0535 86.6
    endloop
  endfacet
  facet normal 0.923882 -0.382679 0
    outer loop
      vertex -46.2217 85.0535 5.5
      vertex -47.9243 80.943 86.6
      vertex -47.9243 80.943 5.5
    endloop
  endfacet
  facet normal -0.461852 -0.886957 0
    outer loop
      vertex 21.5535 109.722 5.5
      vertex 25.5 107.667 11.5
      vertex 21.5535 109.722 11.5
    endloop
  endfacet
  facet normal -0.461852 -0.886957 -0
    outer loop
      vertex 25.5 107.667 11.5
      vertex 21.5535 109.722 5.5
      vertex 25.5 107.667 5.5
    endloop
  endfacet
  facet normal -0.843396 -0.537293 0
    outer loop
      vertex 44.1673 89 5.5
      vertex 41.7768 92.7524 86.6
      vertex 41.7768 92.7524 5.5
    endloop
  endfacet
  facet normal -0.843396 -0.537293 0
    outer loop
      vertex 41.7768 92.7524 86.6
      vertex 44.1673 89 5.5
      vertex 44.1673 89 86.6
    endloop
  endfacet
  facet normal 0.953715 0.300711 0
    outer loop
      vertex -47.9243 46.057 86.6
      vertex -49.2622 50.3002 5.5
      vertex -49.2622 50.3002 86.6
    endloop
  endfacet
  facet normal 0.953715 0.300711 0
    outer loop
      vertex -49.2622 50.3002 5.5
      vertex -47.9243 46.057 86.6
      vertex -47.9243 46.057 5.5
    endloop
  endfacet
  facet normal -0.923882 -0.382679 0
    outer loop
      vertex 47.9243 80.943 5.5
      vertex 46.2217 85.0535 86.6
      vertex 46.2217 85.0535 5.5
    endloop
  endfacet
  facet normal -0.923882 -0.382679 0
    outer loop
      vertex 46.2217 85.0535 86.6
      vertex 47.9243 80.943 5.5
      vertex 47.9243 80.943 86.6
    endloop
  endfacet
  facet normal 0.953715 -0.300711 0
    outer loop
      vertex -49.2622 76.6998 86.6
      vertex -47.9243 80.943 5.5
      vertex -47.9243 80.943 86.6
    endloop
  endfacet
  facet normal 0.953715 -0.300711 0
    outer loop
      vertex -47.9243 80.943 5.5
      vertex -49.2622 76.6998 86.6
      vertex -49.2622 76.6998 5.5
    endloop
  endfacet
  facet normal -0.382679 0.923882 0
    outer loop
      vertex 21.5535 17.2783 5.5
      vertex 17.443 15.5757 86.6
      vertex 21.5535 17.2783 86.6
    endloop
  endfacet
  facet normal -0.382679 0.923882 0
    outer loop
      vertex 17.443 15.5757 86.6
      vertex 21.5535 17.2783 5.5
      vertex 17.443 15.5757 5.5
    endloop
  endfacet
  facet normal -0.887012 -0.461745 0
    outer loop
      vertex 46.2217 85.0535 5.5
      vertex 44.1673 89 86.6
      vertex 44.1673 89 5.5
    endloop
  endfacet
  facet normal -0.887012 -0.461745 0
    outer loop
      vertex 44.1673 89 86.6
      vertex 46.2217 85.0535 5.5
      vertex 46.2217 85.0535 86.6
    endloop
  endfacet
  facet normal 0.675572 -0.737294 0
    outer loop
      vertex -36.0624 99.5624 5.5
      vertex -32.7822 102.568 11.5
      vertex -36.0624 99.5624 11.5
    endloop
  endfacet
  facet normal 0.675572 -0.737294 0
    outer loop
      vertex -32.7822 102.568 11.5
      vertex -36.0624 99.5624 5.5
      vertex -32.7822 102.568 5.5
    endloop
  endfacet
  facet normal 0.887012 0.461745 0
    outer loop
      vertex -44.1673 38 86.6
      vertex -46.2217 41.9465 5.5
      vertex -46.2217 41.9465 86.6
    endloop
  endfacet
  facet normal 0.887012 0.461745 0
    outer loop
      vertex -46.2217 41.9465 5.5
      vertex -44.1673 38 86.6
      vertex -44.1673 38 5.5
    endloop
  endfacet
  facet normal 0.382564 -0.923929 0
    outer loop
      vertex -21.5535 109.722 5.5
      vertex -17.443 111.424 11.5
      vertex -21.5535 109.722 11.5
    endloop
  endfacet
  facet normal 0.382564 -0.923929 0
    outer loop
      vertex -17.443 111.424 11.5
      vertex -21.5535 109.722 5.5
      vertex -17.443 111.424 5.5
    endloop
  endfacet
  facet normal 0.461745 0.887012 -0
    outer loop
      vertex -21.5535 17.2783 5.5
      vertex -25.5 19.3327 86.6
      vertex -21.5535 17.2783 86.6
    endloop
  endfacet
  facet normal 0.461745 0.887012 0
    outer loop
      vertex -25.5 19.3327 86.6
      vertex -21.5535 17.2783 5.5
      vertex -25.5 19.3327 5.5
    endloop
  endfacet
  facet normal -0.73726 -0.675609 0
    outer loop
      vertex 39.0683 96.2822 5.5
      vertex 36.0624 99.5624 11.5
      vertex 36.0624 99.5624 5.5
    endloop
  endfacet
  facet normal -0.73726 -0.675609 0
    outer loop
      vertex 36.0624 99.5624 11.5
      vertex 39.0683 96.2822 5.5
      vertex 39.0683 96.2822 11.5
    endloop
  endfacet
  facet normal 0.130518 0.991446 -0
    outer loop
      vertex -4.44494 12.6941 5.5
      vertex -8.85606 13.2748 86.6
      vertex -4.44494 12.6941 86.6
    endloop
  endfacet
  facet normal 0.130518 0.991446 0
    outer loop
      vertex -8.85606 13.2748 86.6
      vertex -4.44494 12.6941 5.5
      vertex -8.85606 13.2748 5.5
    endloop
  endfacet
  facet normal 0.73726 -0.675609 0
    outer loop
      vertex -39.0683 96.2822 11.5
      vertex -36.0624 99.5624 5.5
      vertex -36.0624 99.5624 11.5
    endloop
  endfacet
  facet normal 0.73726 -0.675609 0
    outer loop
      vertex -36.0624 99.5624 5.5
      vertex -39.0683 96.2822 11.5
      vertex -39.0683 96.2822 5.5
    endloop
  endfacet
  facet normal -0.216443 -0.976295 0
    outer loop
      vertex 8.85606 113.725 5.5
      vertex 13.1998 112.762 11.5
      vertex 8.85606 113.725 11.5
    endloop
  endfacet
  facet normal -0.216443 -0.976295 -0
    outer loop
      vertex 13.1998 112.762 11.5
      vertex 8.85606 113.725 5.5
      vertex 13.1998 112.762 5.5
    endloop
  endfacet
  facet normal 0.73726 0.675609 0
    outer loop
      vertex -36.0624 27.4376 86.6
      vertex -39.0683 30.7178 5.5
      vertex -39.0683 30.7178 86.6
    endloop
  endfacet
  facet normal 0.73726 0.675609 0
    outer loop
      vertex -39.0683 30.7178 5.5
      vertex -36.0624 27.4376 86.6
      vertex -36.0624 27.4376 5.5
    endloop
  endfacet
  facet normal 0.976295 0.216445 0
    outer loop
      vertex -49.2622 50.3002 86.6
      vertex -50.2252 54.6439 5.5
      vertex -50.2252 54.6439 86.6
    endloop
  endfacet
  facet normal 0.976295 0.216445 0
    outer loop
      vertex -50.2252 54.6439 5.5
      vertex -49.2622 50.3002 86.6
      vertex -49.2622 50.3002 5.5
    endloop
  endfacet
  facet normal 0.461852 -0.886957 0
    outer loop
      vertex -25.5 107.667 5.5
      vertex -21.5535 109.722 11.5
      vertex -25.5 107.667 11.5
    endloop
  endfacet
  facet normal 0.461852 -0.886957 0
    outer loop
      vertex -21.5535 109.722 11.5
      vertex -25.5 107.667 5.5
      vertex -21.5535 109.722 5.5
    endloop
  endfacet
  facet normal 0.0436261 0.999048 -0
    outer loop
      vertex 0 12.5 5.5
      vertex -4.44494 12.6941 86.6
      vertex 0 12.5 86.6
    endloop
  endfacet
  facet normal 0.0436261 0.999048 0
    outer loop
      vertex -4.44494 12.6941 86.6
      vertex 0 12.5 5.5
      vertex -4.44494 12.6941 5.5
    endloop
  endfacet
  facet normal -0.537293 0.843396 0
    outer loop
      vertex 29.2524 21.7232 5.5
      vertex 25.5 19.3327 86.6
      vertex 29.2524 21.7232 86.6
    endloop
  endfacet
  facet normal -0.537293 0.843396 0
    outer loop
      vertex 25.5 19.3327 86.6
      vertex 29.2524 21.7232 5.5
      vertex 25.5 19.3327 5.5
    endloop
  endfacet
  facet normal 0.793344 -0.608773 0
    outer loop
      vertex -39.78 95.3546 86.6
      vertex -41.7768 92.7524 86.6
      vertex -39.78 95.3546 11.5
    endloop
  endfacet
  facet normal 0.793383 -0.608722 0
    outer loop
      vertex -39.78 95.3546 11.5
      vertex -39.0683 96.2822 5.5
      vertex -39.0683 96.2822 11.5
    endloop
  endfacet
  facet normal 0.793355 -0.60876 -9.21287e-06
    outer loop
      vertex -39.78 95.3546 11.5
      vertex -41.7768 92.7524 5.5
      vertex -39.0683 96.2822 5.5
    endloop
  endfacet
  facet normal 0.793344 -0.608773 0
    outer loop
      vertex -41.7768 92.7524 5.5
      vertex -39.78 95.3546 11.5
      vertex -41.7768 92.7524 86.6
    endloop
  endfacet
  facet normal 0.991446 -0.130516 0
    outer loop
      vertex -50.8059 67.9449 86.6
      vertex -50.2252 72.3561 5.5
      vertex -50.2252 72.3561 86.6
    endloop
  endfacet
  facet normal 0.991446 -0.130516 0
    outer loop
      vertex -50.2252 72.3561 5.5
      vertex -50.8059 67.9449 86.6
      vertex -50.8059 67.9449 5.5
    endloop
  endfacet
  facet normal -0.923882 0.382679 0
    outer loop
      vertex 46.2217 41.9465 5.5
      vertex 47.9243 46.057 86.6
      vertex 47.9243 46.057 5.5
    endloop
  endfacet
  facet normal -0.923882 0.382679 0
    outer loop
      vertex 47.9243 46.057 86.6
      vertex 46.2217 41.9465 5.5
      vertex 46.2217 41.9465 86.6
    endloop
  endfacet
  facet normal 0.999048 0.0436264 0
    outer loop
      vertex -50.8059 59.0551 86.6
      vertex -51 63.5 5.5
      vertex -51 63.5 86.6
    endloop
  endfacet
  facet normal 0.999048 0.0436264 0
    outer loop
      vertex -51 63.5 5.5
      vertex -50.8059 59.0551 86.6
      vertex -50.8059 59.0551 5.5
    endloop
  endfacet
  facet normal -0.793383 -0.608722 0
    outer loop
      vertex 39.0683 96.2822 5.5
      vertex 39.78 95.3546 11.5
      vertex 39.0683 96.2822 11.5
    endloop
  endfacet
  facet normal -0.793355 -0.60876 -9.21287e-06
    outer loop
      vertex 41.7768 92.7524 5.5
      vertex 39.78 95.3546 11.5
      vertex 39.0683 96.2822 5.5
    endloop
  endfacet
  facet normal -0.793344 -0.608773 -0
    outer loop
      vertex 41.7768 92.7524 86.6
      vertex 39.78 95.3546 11.5
      vertex 41.7768 92.7524 5.5
    endloop
  endfacet
  facet normal -0.793344 -0.608773 0
    outer loop
      vertex 39.78 95.3546 11.5
      vertex 41.7768 92.7524 86.6
      vertex 39.78 95.3546 86.6
    endloop
  endfacet
  facet normal 0.130585 -0.991437 0
    outer loop
      vertex -8.85606 113.725 5.5
      vertex -4.44494 114.306 11.5
      vertex -8.85606 113.725 11.5
    endloop
  endfacet
  facet normal 0.130585 -0.991437 0
    outer loop
      vertex -4.44494 114.306 11.5
      vertex -8.85606 113.725 5.5
      vertex -4.44494 114.306 5.5
    endloop
  endfacet
  facet normal -0.843396 0.537293 0
    outer loop
      vertex 41.7768 34.2476 5.5
      vertex 44.1673 38 86.6
      vertex 44.1673 38 5.5
    endloop
  endfacet
  facet normal -0.843396 0.537293 0
    outer loop
      vertex 44.1673 38 86.6
      vertex 41.7768 34.2476 5.5
      vertex 41.7768 34.2476 86.6
    endloop
  endfacet
  facet normal 0.843396 0.537293 0
    outer loop
      vertex -41.7768 34.2476 86.6
      vertex -44.1673 38 5.5
      vertex -44.1673 38 86.6
    endloop
  endfacet
  facet normal 0.843396 0.537293 0
    outer loop
      vertex -44.1673 38 5.5
      vertex -41.7768 34.2476 86.6
      vertex -41.7768 34.2476 5.5
    endloop
  endfacet
  facet normal 0.999048 -0.0436264 0
    outer loop
      vertex -51 63.5 86.6
      vertex -50.8059 67.9449 5.5
      vertex -50.8059 67.9449 86.6
    endloop
  endfacet
  facet normal 0.999048 -0.0436264 0
    outer loop
      vertex -50.8059 67.9449 5.5
      vertex -51 63.5 86.6
      vertex -51 63.5 5.5
    endloop
  endfacet
  facet normal 0.382679 0.923882 -0
    outer loop
      vertex -17.443 15.5757 5.5
      vertex -21.5535 17.2783 86.6
      vertex -17.443 15.5757 86.6
    endloop
  endfacet
  facet normal 0.382679 0.923882 0
    outer loop
      vertex -21.5535 17.2783 86.6
      vertex -17.443 15.5757 5.5
      vertex -21.5535 17.2783 5.5
    endloop
  endfacet
  facet normal 0.300711 0.953715 -0
    outer loop
      vertex -13.1998 14.2378 5.5
      vertex -17.443 15.5757 86.6
      vertex -13.1998 14.2378 86.6
    endloop
  endfacet
  facet normal 0.300711 0.953715 0
    outer loop
      vertex -17.443 15.5757 86.6
      vertex -13.1998 14.2378 5.5
      vertex -17.443 15.5757 5.5
    endloop
  endfacet
  facet normal -0.675609 0.73726 0
    outer loop
      vertex 36.0624 27.4376 5.5
      vertex 32.7822 24.4317 86.6
      vertex 36.0624 27.4376 86.6
    endloop
  endfacet
  facet normal -0.675609 0.73726 0
    outer loop
      vertex 32.7822 24.4317 86.6
      vertex 36.0624 27.4376 5.5
      vertex 32.7822 24.4317 5.5
    endloop
  endfacet
  facet normal -0.60876 0.793355 0
    outer loop
      vertex 32.7822 24.4317 5.5
      vertex 29.2524 21.7232 86.6
      vertex 32.7822 24.4317 86.6
    endloop
  endfacet
  facet normal -0.60876 0.793355 0
    outer loop
      vertex 29.2524 21.7232 86.6
      vertex 32.7822 24.4317 5.5
      vertex 29.2524 21.7232 5.5
    endloop
  endfacet
  facet normal 0.537293 0.843396 -0
    outer loop
      vertex -25.5 19.3327 5.5
      vertex -29.2524 21.7232 86.6
      vertex -25.5 19.3327 86.6
    endloop
  endfacet
  facet normal 0.537293 0.843396 0
    outer loop
      vertex -29.2524 21.7232 86.6
      vertex -25.5 19.3327 5.5
      vertex -29.2524 21.7232 5.5
    endloop
  endfacet
  facet normal -0.130585 -0.991437 0
    outer loop
      vertex 4.44494 114.306 5.5
      vertex 8.85606 113.725 11.5
      vertex 4.44494 114.306 11.5
    endloop
  endfacet
  facet normal -0.130585 -0.991437 -0
    outer loop
      vertex 8.85606 113.725 11.5
      vertex 4.44494 114.306 5.5
      vertex 8.85606 113.725 5.5
    endloop
  endfacet
  facet normal -0.382564 -0.923929 0
    outer loop
      vertex 17.443 111.424 5.5
      vertex 21.5535 109.722 11.5
      vertex 17.443 111.424 11.5
    endloop
  endfacet
  facet normal -0.382564 -0.923929 -0
    outer loop
      vertex 21.5535 109.722 11.5
      vertex 17.443 111.424 5.5
      vertex 21.5535 109.722 5.5
    endloop
  endfacet
  facet normal -0.798221 0.330648 0.503502
    outer loop
      vertex 46.9618 41.6013 88
      vertex 47.9823 44.0649 88
      vertex 46.2217 41.9465 86.6
    endloop
  endfacet
  facet normal -0.0377035 0.863153 0.503532
    outer loop
      vertex 4.44494 12.6941 86.6
      vertex 2.66406 11.7996 88
      vertex 4.51612 11.8805 88
    endloop
  endfacet
  facet normal -0.0376916 0.863147 0.503544
    outer loop
      vertex 2.66406 11.7996 88
      vertex 4.44494 12.6941 86.6
      vertex 0 12.5 86.6
    endloop
  endfacet
  facet normal -0.863157 -0.0376807 0.503529
    outer loop
      vertex 51.8167 63.5 88
      vertex 51.7004 66.1641 88
      vertex 51 63.5 86.6
    endloop
  endfacet
  facet normal -0.863153 -0.0377047 0.503533
    outer loop
      vertex 50.8059 67.9449 86.6
      vertex 51.7004 66.1641 88
      vertex 51.6195 68.0161 88
    endloop
  endfacet
  facet normal -0.863147 -0.0376919 0.503545
    outer loop
      vertex 51.7004 66.1641 88
      vertex 50.8059 67.9449 86.6
      vertex 51 63.5 86.6
    endloop
  endfacet
  facet normal -0.843499 0.186987 0.503533
    outer loop
      vertex 50.0511 50.0889 88
      vertex 50.6282 52.6922 88
      vertex 49.2622 50.3002 86.6
    endloop
  endfacet
  facet normal -0.18698 0.8435 0.503533
    outer loop
      vertex 13.4111 13.4489 88
      vertex 13.1998 14.2378 86.6
      vertex 10.8077 12.8718 88
    endloop
  endfacet
  facet normal -0.766381 0.398954 0.503484
    outer loop
      vertex 44.8745 37.5917 88
      vertex 46.1058 39.957 88
      vertex 44.1673 38 86.6
    endloop
  endfacet
  facet normal 0.685436 -0.525963 0.503528
    outer loop
      vertex -41.3172 94.6916 88
      vertex -39.78 95.3546 86.6
      vertex -39.78 95.7788 87.0431
    endloop
  endfacet
  facet normal 0.685481 -0.525949 0.503481
    outer loop
      vertex -41.7768 92.7524 86.6
      vertex -41.3172 94.6916 88
      vertex -42.4457 93.2208 88
    endloop
  endfacet
  facet normal 0.685435 -0.525969 0.503524
    outer loop
      vertex -41.3172 94.6916 88
      vertex -41.7768 92.7524 86.6
      vertex -39.78 95.3546 86.6
    endloop
  endfacet
  facet normal -0.766365 0.398959 0.503505
    outer loop
      vertex 46.2217 41.9465 86.6
      vertex 46.1058 39.957 88
      vertex 46.9618 41.6013 88
    endloop
  endfacet
  facet normal -0.76638 0.398949 0.503489
    outer loop
      vertex 46.1058 39.957 88
      vertex 46.2217 41.9465 86.6
      vertex 44.1673 38 86.6
    endloop
  endfacet
  facet normal 0.823993 0.259809 0.503522
    outer loop
      vertex -49.2492 47.5457 88
      vertex -47.9243 46.057 86.6
      vertex -49.2622 50.3002 86.6
    endloop
  endfacet
  facet normal 0.823998 0.25983 0.503504
    outer loop
      vertex -47.9243 46.057 86.6
      vertex -49.2492 47.5457 88
      vertex -48.6917 45.7777 88
    endloop
  endfacet
  facet normal 0.330648 0.798221 0.503502
    outer loop
      vertex -19.4351 15.5177 88
      vertex -21.5535 17.2783 86.6
      vertex -21.8987 16.5382 88
    endloop
  endfacet
  facet normal -0.798236 0.33061 0.503504
    outer loop
      vertex 47.9243 46.057 86.6
      vertex 47.9823 44.0649 88
      vertex 48.6917 45.7777 88
    endloop
  endfacet
  facet normal -0.798215 0.330627 0.503527
    outer loop
      vertex 47.9823 44.0649 88
      vertex 47.9243 46.057 86.6
      vertex 46.2217 41.9465 86.6
    endloop
  endfacet
  facet normal -0.0376812 0.863157 0.503529
    outer loop
      vertex 2.66406 11.7996 88
      vertex 0 12.5 86.6
      vertex 0 11.6833 88
    endloop
  endfacet
  facet normal -0.843493 0.187023 0.503529
    outer loop
      vertex 50.2252 54.6439 86.6
      vertex 50.6282 52.6922 88
      vertex 51.0295 54.5021 88
    endloop
  endfacet
  facet normal -0.843508 0.187006 0.50351
    outer loop
      vertex 50.6282 52.6922 88
      vertex 50.2252 54.6439 86.6
      vertex 49.2622 50.3002 86.6
    endloop
  endfacet
  facet normal -0.112739 0.85659 0.503531
    outer loop
      vertex 8.85606 13.2748 86.6
      vertex 7.15991 12.2286 88
      vertex 8.99787 12.4705 88
    endloop
  endfacet
  facet normal -0.112767 0.856602 0.503505
    outer loop
      vertex 7.15991 12.2286 88
      vertex 8.85606 13.2748 86.6
      vertex 4.44494 12.6941 86.6
    endloop
  endfacet
  facet normal 0.863147 0.0376919 0.503545
    outer loop
      vertex -51.7004 60.8359 88
      vertex -50.8059 59.0551 86.6
      vertex -51 63.5 86.6
    endloop
  endfacet
  facet normal 0.863153 0.0377047 0.503533
    outer loop
      vertex -50.8059 59.0551 86.6
      vertex -51.7004 60.8359 88
      vertex -51.6195 58.9839 88
    endloop
  endfacet
  facet normal 0.856602 0.112765 0.503504
    outer loop
      vertex -51.2714 56.3401 88
      vertex -50.2252 54.6439 86.6
      vertex -50.8059 59.0551 86.6
    endloop
  endfacet
  facet normal 0.856591 0.112736 0.50353
    outer loop
      vertex -50.2252 54.6439 86.6
      vertex -51.2714 56.3401 88
      vertex -51.0295 54.5021 88
    endloop
  endfacet
  facet normal 0.823987 0.259813 0.50353
    outer loop
      vertex -49.2492 47.5457 88
      vertex -49.2622 50.3002 86.6
      vertex -50.0511 50.0889 88
    endloop
  endfacet
  facet normal 0.728689 0.464218 0.503502
    outer loop
      vertex -43.4418 35.3427 88
      vertex -41.7768 34.2476 86.6
      vertex -44.1673 38 86.6
    endloop
  endfacet
  facet normal 0.728688 0.464244 0.503479
    outer loop
      vertex -41.7768 34.2476 86.6
      vertex -43.4418 35.3427 88
      vertex -42.4457 33.7792 88
    endloop
  endfacet
  facet normal -0.112784 0.856584 0.503532
    outer loop
      vertex 4.51612 11.8805 88
      vertex 7.15991 12.2286 88
      vertex 4.44494 12.6941 86.6
    endloop
  endfacet
  facet normal -0.728688 -0.464244 0.503479
    outer loop
      vertex 41.7768 92.7524 86.6
      vertex 43.4418 91.6573 88
      vertex 42.4457 93.2208 88
    endloop
  endfacet
  facet normal -0.728689 -0.464218 0.503502
    outer loop
      vertex 43.4418 91.6573 88
      vertex 41.7768 92.7524 86.6
      vertex 44.1673 89 86.6
    endloop
  endfacet
  facet normal -0.856583 0.112783 0.503533
    outer loop
      vertex 51.2714 56.3401 88
      vertex 51.6195 58.9839 88
      vertex 50.8059 59.0551 86.6
    endloop
  endfacet
  facet normal -0.728689 0.464218 0.503502
    outer loop
      vertex 41.7768 34.2476 86.6
      vertex 43.4418 35.3427 88
      vertex 44.1673 38 86.6
    endloop
  endfacet
  facet normal -0.728688 0.464244 0.503479
    outer loop
      vertex 43.4418 35.3427 88
      vertex 41.7768 34.2476 86.6
      vertex 42.4457 33.7792 88
    endloop
  endfacet
  facet normal 0.728704 0.464213 0.503484
    outer loop
      vertex -43.4418 35.3427 88
      vertex -44.1673 38 86.6
      vertex -44.8745 37.5917 88
    endloop
  endfacet
  facet normal 0.863157 0.0376807 0.503529
    outer loop
      vertex -51.7004 60.8359 88
      vertex -51 63.5 86.6
      vertex -51.8167 63.5 88
    endloop
  endfacet
  facet normal 0.798221 0.330648 0.503502
    outer loop
      vertex -46.9618 41.6013 88
      vertex -46.2217 41.9465 86.6
      vertex -47.9823 44.0649 88
    endloop
  endfacet
  facet normal -0.863147 0.0376919 0.503545
    outer loop
      vertex 50.8059 59.0551 86.6
      vertex 51.7004 60.8359 88
      vertex 51 63.5 86.6
    endloop
  endfacet
  facet normal -0.863153 0.0377047 0.503533
    outer loop
      vertex 51.7004 60.8359 88
      vertex 50.8059 59.0551 86.6
      vertex 51.6195 58.9839 88
    endloop
  endfacet
  facet normal -0.863157 0.0376807 0.503529
    outer loop
      vertex 51.7004 60.8359 88
      vertex 51.8167 63.5 88
      vertex 51 63.5 86.6
    endloop
  endfacet
  facet normal 0.798236 0.33061 0.503504
    outer loop
      vertex -47.9823 44.0649 88
      vertex -47.9243 46.057 86.6
      vertex -48.6917 45.7777 88
    endloop
  endfacet
  facet normal 0.798215 0.330627 0.503527
    outer loop
      vertex -47.9243 46.057 86.6
      vertex -47.9823 44.0649 88
      vertex -46.2217 41.9465 86.6
    endloop
  endfacet
  facet normal -0.464244 0.728688 0.503479
    outer loop
      vertex 29.2524 21.7232 86.6
      vertex 28.1573 20.0582 88
      vertex 29.7208 21.0543 88
    endloop
  endfacet
  facet normal -0.464218 0.728689 0.503502
    outer loop
      vertex 28.1573 20.0582 88
      vertex 29.2524 21.7232 86.6
      vertex 25.5 19.3327 86.6
    endloop
  endfacet
  facet normal 0.843493 0.187023 0.503529
    outer loop
      vertex -50.6282 52.6922 88
      vertex -50.2252 54.6439 86.6
      vertex -51.0295 54.5021 88
    endloop
  endfacet
  facet normal 0.843508 0.187006 0.50351
    outer loop
      vertex -50.2252 54.6439 86.6
      vertex -50.6282 52.6922 88
      vertex -49.2622 50.3002 86.6
    endloop
  endfacet
  facet normal 0.0376916 0.863147 0.503544
    outer loop
      vertex -4.44494 12.6941 86.6
      vertex -2.66406 11.7996 88
      vertex 0 12.5 86.6
    endloop
  endfacet
  facet normal 0.0377035 0.863153 0.503532
    outer loop
      vertex -2.66406 11.7996 88
      vertex -4.44494 12.6941 86.6
      vertex -4.51612 11.8805 88
    endloop
  endfacet
  facet normal -0.583693 0.636991 0.503532
    outer loop
      vertex 36.6399 26.8601 88
      vertex 36.0624 27.4376 86.6
      vertex 34.6739 25.0586 88
    endloop
  endfacet
  facet normal -0.259813 0.823987 0.50353
    outer loop
      vertex 13.4111 13.4489 88
      vertex 15.9543 14.2508 88
      vertex 13.1998 14.2378 86.6
    endloop
  endfacet
  facet normal -0.856602 0.112765 0.503504
    outer loop
      vertex 50.2252 54.6439 86.6
      vertex 51.2714 56.3401 88
      vertex 50.8059 59.0551 86.6
    endloop
  endfacet
  facet normal -0.856591 0.112736 0.50353
    outer loop
      vertex 51.2714 56.3401 88
      vertex 50.2252 54.6439 86.6
      vertex 51.0295 54.5021 88
    endloop
  endfacet
  facet normal -0.823987 0.259813 0.50353
    outer loop
      vertex 50.0511 50.0889 88
      vertex 49.2622 50.3002 86.6
      vertex 49.2492 47.5457 88
    endloop
  endfacet
  facet normal 0.18703 0.843491 0.50353
    outer loop
      vertex -8.85606 13.2748 86.6
      vertex -10.8077 12.8718 88
      vertex -8.99787 12.4705 88
    endloop
  endfacet
  facet normal 0.187005 0.843513 0.503502
    outer loop
      vertex -10.8077 12.8718 88
      vertex -8.85606 13.2748 86.6
      vertex -13.1998 14.2378 86.6
    endloop
  endfacet
  facet normal 0.766365 -0.398959 0.503505
    outer loop
      vertex -46.2217 85.0535 86.6
      vertex -46.1058 87.043 88
      vertex -46.9618 85.3987 88
    endloop
  endfacet
  facet normal 0.76638 -0.398949 0.503489
    outer loop
      vertex -46.1058 87.043 88
      vertex -46.2217 85.0535 86.6
      vertex -44.1673 89 86.6
    endloop
  endfacet
  facet normal -0.636991 0.583722 0.503498
    outer loop
      vertex 39.0683 30.7178 86.6
      vertex 38.4414 28.8261 88
      vertex 39.6939 30.1929 88
    endloop
  endfacet
  facet normal -0.63699 0.583723 0.5035
    outer loop
      vertex 38.4414 28.8261 88
      vertex 39.0683 30.7178 86.6
      vertex 36.0624 27.4376 86.6
    endloop
  endfacet
  facet normal 0.525949 0.685481 0.503481
    outer loop
      vertex -29.2524 21.7232 86.6
      vertex -31.1916 22.1828 88
      vertex -29.7208 21.0543 88
    endloop
  endfacet
  facet normal 0.525962 0.68545 0.503509
    outer loop
      vertex -31.1916 22.1828 88
      vertex -29.2524 21.7232 86.6
      vertex -32.7822 24.4317 86.6
    endloop
  endfacet
  facet normal 0.583693 0.636991 0.503532
    outer loop
      vertex -34.6739 25.0586 88
      vertex -36.0624 27.4376 86.6
      vertex -36.6399 26.8601 88
    endloop
  endfacet
  facet normal -0.583723 0.63699 0.5035
    outer loop
      vertex 32.7822 24.4317 86.6
      vertex 34.6739 25.0586 88
      vertex 36.0624 27.4376 86.6
    endloop
  endfacet
  facet normal -0.583722 0.636991 0.503498
    outer loop
      vertex 34.6739 25.0586 88
      vertex 32.7822 24.4317 86.6
      vertex 33.3071 23.8061 88
    endloop
  endfacet
  facet normal -0.525962 0.68545 0.503509
    outer loop
      vertex 29.2524 21.7232 86.6
      vertex 31.1916 22.1828 88
      vertex 32.7822 24.4317 86.6
    endloop
  endfacet
  facet normal -0.525949 0.685481 0.503481
    outer loop
      vertex 31.1916 22.1828 88
      vertex 29.2524 21.7232 86.6
      vertex 29.7208 21.0543 88
    endloop
  endfacet
  facet normal 0.525971 0.68545 0.5035
    outer loop
      vertex -31.1916 22.1828 88
      vertex -32.7822 24.4317 86.6
      vertex -33.3071 23.8061 88
    endloop
  endfacet
  facet normal -0.823993 0.259809 0.503522
    outer loop
      vertex 47.9243 46.057 86.6
      vertex 49.2492 47.5457 88
      vertex 49.2622 50.3002 86.6
    endloop
  endfacet
  facet normal -0.823998 0.25983 0.503504
    outer loop
      vertex 49.2492 47.5457 88
      vertex 47.9243 46.057 86.6
      vertex 48.6917 45.7777 88
    endloop
  endfacet
  facet normal -0.636991 0.583693 0.503532
    outer loop
      vertex 36.6399 26.8601 88
      vertex 38.4414 28.8261 88
      vertex 36.0624 27.4376 86.6
    endloop
  endfacet
  facet normal -0.525971 0.68545 0.5035
    outer loop
      vertex 33.3071 23.8061 88
      vertex 32.7822 24.4317 86.6
      vertex 31.1916 22.1828 88
    endloop
  endfacet
  facet normal -0.330648 0.798221 0.503502
    outer loop
      vertex 21.8987 16.5382 88
      vertex 21.5535 17.2783 86.6
      vertex 19.4351 15.5177 88
    endloop
  endfacet
  facet normal 0.798236 -0.33061 0.503504
    outer loop
      vertex -47.9243 80.943 86.6
      vertex -47.9823 82.9351 88
      vertex -48.6917 81.2223 88
    endloop
  endfacet
  facet normal 0.798215 -0.330627 0.503527
    outer loop
      vertex -47.9823 82.9351 88
      vertex -47.9243 80.943 86.6
      vertex -46.2217 85.0535 86.6
    endloop
  endfacet
  facet normal -0.25983 0.823998 0.503504
    outer loop
      vertex 17.443 15.5757 86.6
      vertex 15.9543 14.2508 88
      vertex 17.7223 14.8083 88
    endloop
  endfacet
  facet normal -0.259809 0.823993 0.503522
    outer loop
      vertex 15.9543 14.2508 88
      vertex 17.443 15.5757 86.6
      vertex 13.1998 14.2378 86.6
    endloop
  endfacet
  facet normal -0.330627 0.798215 0.503527
    outer loop
      vertex 17.443 15.5757 86.6
      vertex 19.4351 15.5177 88
      vertex 21.5535 17.2783 86.6
    endloop
  endfacet
  facet normal -0.33061 0.798236 0.503504
    outer loop
      vertex 19.4351 15.5177 88
      vertex 17.443 15.5757 86.6
      vertex 17.7223 14.8083 88
    endloop
  endfacet
  facet normal 0.398954 0.766381 0.503484
    outer loop
      vertex -23.543 17.3942 88
      vertex -25.5 19.3327 86.6
      vertex -25.9083 18.6255 88
    endloop
  endfacet
  facet normal 0.766365 0.398959 0.503505
    outer loop
      vertex -46.1058 39.957 88
      vertex -46.2217 41.9465 86.6
      vertex -46.9618 41.6013 88
    endloop
  endfacet
  facet normal 0.76638 0.398949 0.503489
    outer loop
      vertex -46.2217 41.9465 86.6
      vertex -46.1058 39.957 88
      vertex -44.1673 38 86.6
    endloop
  endfacet
  facet normal 0.843499 0.186987 0.503533
    outer loop
      vertex -50.0511 50.0889 88
      vertex -49.2622 50.3002 86.6
      vertex -50.6282 52.6922 88
    endloop
  endfacet
  facet normal -0.398949 0.76638 0.503489
    outer loop
      vertex 21.5535 17.2783 86.6
      vertex 23.543 17.3942 88
      vertex 25.5 19.3327 86.6
    endloop
  endfacet
  facet normal -0.398959 0.766365 0.503505
    outer loop
      vertex 23.543 17.3942 88
      vertex 21.5535 17.2783 86.6
      vertex 21.8987 16.5382 88
    endloop
  endfacet
  facet normal -0.68545 0.525971 0.5035
    outer loop
      vertex 39.6939 30.1929 88
      vertex 41.3172 32.3084 88
      vertex 39.0683 30.7178 86.6
    endloop
  endfacet
  facet normal -0.685436 -0.525963 0.503528
    outer loop
      vertex 39.78 95.3546 86.6
      vertex 41.3172 94.6916 88
      vertex 39.78 95.7788 87.0431
    endloop
  endfacet
  facet normal -0.685435 -0.525969 0.503524
    outer loop
      vertex 41.7768 92.7524 86.6
      vertex 41.3172 94.6916 88
      vertex 39.78 95.3546 86.6
    endloop
  endfacet
  facet normal -0.685481 -0.525949 0.503481
    outer loop
      vertex 41.3172 94.6916 88
      vertex 41.7768 92.7524 86.6
      vertex 42.4457 93.2208 88
    endloop
  endfacet
  facet normal 0.636991 0.583722 0.503498
    outer loop
      vertex -38.4414 28.8261 88
      vertex -39.0683 30.7178 86.6
      vertex -39.6939 30.1929 88
    endloop
  endfacet
  facet normal 0.63699 0.583723 0.5035
    outer loop
      vertex -39.0683 30.7178 86.6
      vertex -38.4414 28.8261 88
      vertex -36.0624 27.4376 86.6
    endloop
  endfacet
  facet normal 0.728704 -0.464213 0.503484
    outer loop
      vertex -44.1673 89 86.6
      vertex -43.4418 91.6573 88
      vertex -44.8745 89.4083 88
    endloop
  endfacet
  facet normal -0.728704 0.464213 0.503484
    outer loop
      vertex 44.8745 37.5917 88
      vertex 44.1673 38 86.6
      vertex 43.4418 35.3427 88
    endloop
  endfacet
  facet normal 0.856583 0.112783 0.503533
    outer loop
      vertex -51.2714 56.3401 88
      vertex -50.8059 59.0551 86.6
      vertex -51.6195 58.9839 88
    endloop
  endfacet
  facet normal 0.728688 -0.464244 0.503479
    outer loop
      vertex -43.4418 91.6573 88
      vertex -41.7768 92.7524 86.6
      vertex -42.4457 93.2208 88
    endloop
  endfacet
  facet normal 0.728689 -0.464218 0.503502
    outer loop
      vertex -41.7768 92.7524 86.6
      vertex -43.4418 91.6573 88
      vertex -44.1673 89 86.6
    endloop
  endfacet
  facet normal 0.843491 -0.187033 0.503529
    outer loop
      vertex -50.2252 72.3561 86.6
      vertex -50.6282 74.3077 88
      vertex -51.0295 72.4979 88
    endloop
  endfacet
  facet normal 0.843514 -0.187007 0.5035
    outer loop
      vertex -50.6282 74.3077 88
      vertex -50.2252 72.3561 86.6
      vertex -49.2622 76.6998 86.6
    endloop
  endfacet
  facet normal 0.0376812 0.863157 0.503529
    outer loop
      vertex 0 11.6833 88
      vertex 0 12.5 86.6
      vertex -2.66406 11.7996 88
    endloop
  endfacet
  facet normal 0.68545 0.525971 0.5035
    outer loop
      vertex -39.6939 30.1929 88
      vertex -39.0683 30.7178 86.6
      vertex -41.3172 32.3084 88
    endloop
  endfacet
  facet normal 0.464213 0.728704 0.503484
    outer loop
      vertex -25.9083 18.6255 88
      vertex -25.5 19.3327 86.6
      vertex -28.1573 20.0582 88
    endloop
  endfacet
  facet normal 0.766381 0.398954 0.503484
    outer loop
      vertex -44.8745 37.5917 88
      vertex -44.1673 38 86.6
      vertex -46.1058 39.957 88
    endloop
  endfacet
  facet normal -0.685481 0.525949 0.503481
    outer loop
      vertex 41.7768 34.2476 86.6
      vertex 41.3172 32.3084 88
      vertex 42.4457 33.7792 88
    endloop
  endfacet
  facet normal -0.68545 0.525962 0.503509
    outer loop
      vertex 41.3172 32.3084 88
      vertex 41.7768 34.2476 86.6
      vertex 39.0683 30.7178 86.6
    endloop
  endfacet
  facet normal 0.685436 -0.525958 0.503533
    outer loop
      vertex -39.78 95.7788 87.0431
      vertex -39.78 96.6949 88
      vertex -41.3172 94.6916 88
    endloop
  endfacet
  facet normal 0.856591 -0.112736 0.50353
    outer loop
      vertex -51.2714 70.6599 88
      vertex -50.2252 72.3561 86.6
      vertex -51.0295 72.4979 88
    endloop
  endfacet
  facet normal 0.856602 -0.112765 0.503504
    outer loop
      vertex -50.2252 72.3561 86.6
      vertex -51.2714 70.6599 88
      vertex -50.8059 67.9449 86.6
    endloop
  endfacet
  facet normal -0.187005 0.843513 0.503502
    outer loop
      vertex 8.85606 13.2748 86.6
      vertex 10.8077 12.8718 88
      vertex 13.1998 14.2378 86.6
    endloop
  endfacet
  facet normal -0.18703 0.843491 0.50353
    outer loop
      vertex 10.8077 12.8718 88
      vertex 8.85606 13.2748 86.6
      vertex 8.99787 12.4705 88
    endloop
  endfacet
  facet normal -0.398954 0.766381 0.503484
    outer loop
      vertex 25.9083 18.6255 88
      vertex 25.5 19.3327 86.6
      vertex 23.543 17.3942 88
    endloop
  endfacet
  facet normal 0.398959 0.766365 0.503505
    outer loop
      vertex -21.5535 17.2783 86.6
      vertex -23.543 17.3942 88
      vertex -21.8987 16.5382 88
    endloop
  endfacet
  facet normal 0.398949 0.76638 0.503489
    outer loop
      vertex -23.543 17.3942 88
      vertex -21.5535 17.2783 86.6
      vertex -25.5 19.3327 86.6
    endloop
  endfacet
  facet normal 0.583722 0.636991 0.503498
    outer loop
      vertex -32.7822 24.4317 86.6
      vertex -34.6739 25.0586 88
      vertex -33.3071 23.8061 88
    endloop
  endfacet
  facet normal 0.583723 0.63699 0.5035
    outer loop
      vertex -34.6739 25.0586 88
      vertex -32.7822 24.4317 86.6
      vertex -36.0624 27.4376 86.6
    endloop
  endfacet
  facet normal 0.863153 -0.0377047 0.503533
    outer loop
      vertex -51.7004 66.1641 88
      vertex -50.8059 67.9449 86.6
      vertex -51.6195 68.0161 88
    endloop
  endfacet
  facet normal 0.863147 -0.0376919 0.503545
    outer loop
      vertex -50.8059 67.9449 86.6
      vertex -51.7004 66.1641 88
      vertex -51 63.5 86.6
    endloop
  endfacet
  facet normal -0.464213 0.728704 0.503484
    outer loop
      vertex 25.9083 18.6255 88
      vertex 28.1573 20.0582 88
      vertex 25.5 19.3327 86.6
    endloop
  endfacet
  facet normal 0.685481 0.525949 0.503481
    outer loop
      vertex -41.3172 32.3084 88
      vertex -41.7768 34.2476 86.6
      vertex -42.4457 33.7792 88
    endloop
  endfacet
  facet normal 0.68545 0.525962 0.503509
    outer loop
      vertex -41.7768 34.2476 86.6
      vertex -41.3172 32.3084 88
      vertex -39.0683 30.7178 86.6
    endloop
  endfacet
  facet normal 0.259813 0.823987 0.50353
    outer loop
      vertex -13.4111 13.4489 88
      vertex -13.1998 14.2378 86.6
      vertex -15.9543 14.2508 88
    endloop
  endfacet
  facet normal 0.18698 0.8435 0.503533
    outer loop
      vertex -10.8077 12.8718 88
      vertex -13.1998 14.2378 86.6
      vertex -13.4111 13.4489 88
    endloop
  endfacet
  facet normal 0.112784 0.856584 0.503532
    outer loop
      vertex -4.51612 11.8805 88
      vertex -4.44494 12.6941 86.6
      vertex -7.15991 12.2286 88
    endloop
  endfacet
  facet normal 0.823987 -0.259813 0.50353
    outer loop
      vertex -49.2622 76.6998 86.6
      vertex -49.2492 79.4543 88
      vertex -50.0511 76.9111 88
    endloop
  endfacet
  facet normal 0.8435 -0.18698 0.503533
    outer loop
      vertex -49.2622 76.6998 86.6
      vertex -50.0511 76.9111 88
      vertex -50.6282 74.3077 88
    endloop
  endfacet
  facet normal -0.76638 -0.398949 0.503489
    outer loop
      vertex 46.2217 85.0535 86.6
      vertex 46.1058 87.043 88
      vertex 44.1673 89 86.6
    endloop
  endfacet
  facet normal -0.766365 -0.398959 0.503505
    outer loop
      vertex 46.1058 87.043 88
      vertex 46.2217 85.0535 86.6
      vertex 46.9618 85.3987 88
    endloop
  endfacet
  facet normal 0.798221 -0.330648 0.503502
    outer loop
      vertex -46.2217 85.0535 86.6
      vertex -46.9618 85.3987 88
      vertex -47.9823 82.9351 88
    endloop
  endfacet
  facet normal 0.766381 -0.398954 0.503484
    outer loop
      vertex -44.1673 89 86.6
      vertex -44.8745 89.4083 88
      vertex -46.1058 87.043 88
    endloop
  endfacet
  facet normal 0.863157 -0.0376807 0.503529
    outer loop
      vertex -51 63.5 86.6
      vertex -51.7004 66.1641 88
      vertex -51.8167 63.5 88
    endloop
  endfacet
  facet normal 0.112767 0.856602 0.503505
    outer loop
      vertex -8.85606 13.2748 86.6
      vertex -7.15991 12.2286 88
      vertex -4.44494 12.6941 86.6
    endloop
  endfacet
  facet normal 0.112739 0.85659 0.503531
    outer loop
      vertex -7.15991 12.2286 88
      vertex -8.85606 13.2748 86.6
      vertex -8.99787 12.4705 88
    endloop
  endfacet
  facet normal 0.464218 0.728689 0.503502
    outer loop
      vertex -29.2524 21.7232 86.6
      vertex -28.1573 20.0582 88
      vertex -25.5 19.3327 86.6
    endloop
  endfacet
  facet normal 0.464244 0.728688 0.503479
    outer loop
      vertex -28.1573 20.0582 88
      vertex -29.2524 21.7232 86.6
      vertex -29.7208 21.0543 88
    endloop
  endfacet
  facet normal 0.636991 0.583693 0.503532
    outer loop
      vertex -36.6399 26.8601 88
      vertex -36.0624 27.4376 86.6
      vertex -38.4414 28.8261 88
    endloop
  endfacet
  facet normal -0.798215 -0.330627 0.503527
    outer loop
      vertex 47.9243 80.943 86.6
      vertex 47.9823 82.9351 88
      vertex 46.2217 85.0535 86.6
    endloop
  endfacet
  facet normal -0.798236 -0.33061 0.503504
    outer loop
      vertex 47.9823 82.9351 88
      vertex 47.9243 80.943 86.6
      vertex 48.6917 81.2223 88
    endloop
  endfacet
  facet normal 0.856583 -0.112783 0.503533
    outer loop
      vertex -50.8059 67.9449 86.6
      vertex -51.2714 70.6599 88
      vertex -51.6195 68.0161 88
    endloop
  endfacet
  facet normal 0.33061 0.798236 0.503504
    outer loop
      vertex -17.443 15.5757 86.6
      vertex -19.4351 15.5177 88
      vertex -17.7223 14.8083 88
    endloop
  endfacet
  facet normal 0.330627 0.798215 0.503527
    outer loop
      vertex -19.4351 15.5177 88
      vertex -17.443 15.5757 86.6
      vertex -21.5535 17.2783 86.6
    endloop
  endfacet
  facet normal 0.259809 0.823993 0.503522
    outer loop
      vertex -17.443 15.5757 86.6
      vertex -15.9543 14.2508 88
      vertex -13.1998 14.2378 86.6
    endloop
  endfacet
  facet normal 0.25983 0.823998 0.503504
    outer loop
      vertex -15.9543 14.2508 88
      vertex -17.443 15.5757 86.6
      vertex -17.7223 14.8083 88
    endloop
  endfacet
  facet normal 0.823998 -0.25983 0.503504
    outer loop
      vertex -49.2492 79.4543 88
      vertex -47.9243 80.943 86.6
      vertex -48.6917 81.2223 88
    endloop
  endfacet
  facet normal 0.823993 -0.259809 0.503522
    outer loop
      vertex -47.9243 80.943 86.6
      vertex -49.2492 79.4543 88
      vertex -49.2622 76.6998 86.6
    endloop
  endfacet
  facet normal -0.766381 -0.398954 0.503484
    outer loop
      vertex 46.1058 87.043 88
      vertex 44.8745 89.4083 88
      vertex 44.1673 89 86.6
    endloop
  endfacet
  facet normal -0.798221 -0.330648 0.503502
    outer loop
      vertex 47.9823 82.9351 88
      vertex 46.9618 85.3987 88
      vertex 46.2217 85.0535 86.6
    endloop
  endfacet
  facet normal -0.685436 -0.525958 0.503533
    outer loop
      vertex 41.3172 94.6916 88
      vertex 39.78 96.6949 88
      vertex 39.78 95.7788 87.0431
    endloop
  endfacet
  facet normal -0.823987 -0.259813 0.50353
    outer loop
      vertex 49.2622 76.6998 86.6
      vertex 50.0511 76.9111 88
      vertex 49.2492 79.4543 88
    endloop
  endfacet
  facet normal -0.728704 -0.464213 0.503484
    outer loop
      vertex 44.1673 89 86.6
      vertex 44.8745 89.4083 88
      vertex 43.4418 91.6573 88
    endloop
  endfacet
  facet normal -0.8435 -0.18698 0.503533
    outer loop
      vertex 50.6282 74.3077 88
      vertex 50.0511 76.9111 88
      vertex 49.2622 76.6998 86.6
    endloop
  endfacet
  facet normal -0.856583 -0.112783 0.503533
    outer loop
      vertex 51.6195 68.0161 88
      vertex 51.2714 70.6599 88
      vertex 50.8059 67.9449 86.6
    endloop
  endfacet
  facet normal -0.823998 -0.25983 0.503504
    outer loop
      vertex 47.9243 80.943 86.6
      vertex 49.2492 79.4543 88
      vertex 48.6917 81.2223 88
    endloop
  endfacet
  facet normal -0.823993 -0.259809 0.503522
    outer loop
      vertex 49.2492 79.4543 88
      vertex 47.9243 80.943 86.6
      vertex 49.2622 76.6998 86.6
    endloop
  endfacet
  facet normal -0.843514 -0.187007 0.5035
    outer loop
      vertex 50.2252 72.3561 86.6
      vertex 50.6282 74.3077 88
      vertex 49.2622 76.6998 86.6
    endloop
  endfacet
  facet normal -0.843491 -0.187033 0.503529
    outer loop
      vertex 50.6282 74.3077 88
      vertex 50.2252 72.3561 86.6
      vertex 51.0295 72.4979 88
    endloop
  endfacet
  facet normal -0.856591 -0.112736 0.50353
    outer loop
      vertex 50.2252 72.3561 86.6
      vertex 51.2714 70.6599 88
      vertex 51.0295 72.4979 88
    endloop
  endfacet
  facet normal -0.856602 -0.112765 0.503504
    outer loop
      vertex 51.2714 70.6599 88
      vertex 50.2252 72.3561 86.6
      vertex 50.8059 67.9449 86.6
    endloop
  endfacet
  facet normal -1 0 0
    outer loop
      vertex 39.78 95.3546 86.6
      vertex 39.78 102.16 88
      vertex 39.78 102.16 11.5
    endloop
  endfacet
  facet normal -1 -0 0
    outer loop
      vertex 39.78 102.16 88
      vertex 39.78 95.7788 87.0431
      vertex 39.78 96.6949 88
    endloop
  endfacet
  facet normal -1 0 0
    outer loop
      vertex 39.78 95.3546 86.6
      vertex 39.78 102.16 11.5
      vertex 39.78 95.3546 11.5
    endloop
  endfacet
  facet normal -1 0 0
    outer loop
      vertex 39.78 102.16 88
      vertex 39.78 95.3546 86.6
      vertex 39.78 95.7788 87.0431
    endloop
  endfacet
  facet normal 0 0 1
    outer loop
      vertex 36.0624 99.5624 11.5
      vertex 39.78 102.16 11.5
      vertex 39.2444 102.744 11.5
    endloop
  endfacet
  facet normal 0 0 1
    outer loop
      vertex 39.78 102.16 11.5
      vertex 39.0683 96.2822 11.5
      vertex 39.78 95.3546 11.5
    endloop
  endfacet
  facet normal 0 0 1
    outer loop
      vertex 39.78 102.16 11.5
      vertex 36.0624 99.5624 11.5
      vertex 39.0683 96.2822 11.5
    endloop
  endfacet
  facet normal 0 0 1
    outer loop
      vertex 35.6747 106.015 11.5
      vertex 36.0624 99.5624 11.5
      vertex 39.2444 102.744 11.5
    endloop
  endfacet
  facet normal 0 0 1
    outer loop
      vertex 35.6747 106.015 11.5
      vertex 32.7822 102.568 11.5
      vertex 36.0624 99.5624 11.5
    endloop
  endfacet
  facet normal 0 0 1
    outer loop
      vertex 31.8335 108.963 11.5
      vertex 32.7822 102.568 11.5
      vertex 35.6747 106.015 11.5
    endloop
  endfacet
  facet normal 0 0 1
    outer loop
      vertex 31.8335 108.963 11.5
      vertex 29.2524 105.277 11.5
      vertex 32.7822 102.568 11.5
    endloop
  endfacet
  facet normal 0 0 1
    outer loop
      vertex 27.75 111.564 11.5
      vertex 29.2524 105.277 11.5
      vertex 31.8335 108.963 11.5
    endloop
  endfacet
  facet normal 0 0 1
    outer loop
      vertex 27.75 111.564 11.5
      vertex 25.5 107.667 11.5
      vertex 29.2524 105.277 11.5
    endloop
  endfacet
  facet normal 0 0 1
    outer loop
      vertex 23.4553 113.8 11.5
      vertex 25.5 107.667 11.5
      vertex 27.75 111.564 11.5
    endloop
  endfacet
  facet normal 0 0 1
    outer loop
      vertex 23.4553 113.8 11.5
      vertex 21.5535 109.722 11.5
      vertex 25.5 107.667 11.5
    endloop
  endfacet
  facet normal 0 0 1
    outer loop
      vertex 18.9821 115.653 11.5
      vertex 21.5535 109.722 11.5
      vertex 23.4553 113.8 11.5
    endloop
  endfacet
  facet normal 0 0 1
    outer loop
      vertex 18.9821 115.653 11.5
      vertex 17.443 111.424 11.5
      vertex 21.5535 109.722 11.5
    endloop
  endfacet
  facet normal 0 0 1
    outer loop
      vertex 14.3645 117.109 11.5
      vertex 17.443 111.424 11.5
      vertex 18.9821 115.653 11.5
    endloop
  endfacet
  facet normal 0 0 1
    outer loop
      vertex 14.3645 117.109 11.5
      vertex 13.1998 112.762 11.5
      vertex 17.443 111.424 11.5
    endloop
  endfacet
  facet normal 0 0 1
    outer loop
      vertex 9.63747 118.157 11.5
      vertex 13.1998 112.762 11.5
      vertex 14.3645 117.109 11.5
    endloop
  endfacet
  facet normal 0 0 1
    outer loop
      vertex 9.63747 118.157 11.5
      vertex 8.85606 113.725 11.5
      vertex 13.1998 112.762 11.5
    endloop
  endfacet
  facet normal 0 0 1
    outer loop
      vertex 4.83714 118.789 11.5
      vertex 8.85606 113.725 11.5
      vertex 9.63747 118.157 11.5
    endloop
  endfacet
  facet normal 0 0 1
    outer loop
      vertex 4.83714 118.789 11.5
      vertex 4.44494 114.306 11.5
      vertex 8.85606 113.725 11.5
    endloop
  endfacet
  facet normal 0 0 1
    outer loop
      vertex 0 119 11.5
      vertex 4.44494 114.306 11.5
      vertex 4.83714 118.789 11.5
    endloop
  endfacet
  facet normal 0 0 1
    outer loop
      vertex 0 119 11.5
      vertex 0 114.5 11.5
      vertex 4.44494 114.306 11.5
    endloop
  endfacet
  facet normal 0 0 1
    outer loop
      vertex 0 119 11.5
      vertex -4.44494 114.306 11.5
      vertex 0 114.5 11.5
    endloop
  endfacet
  facet normal -0 0 1
    outer loop
      vertex -4.83714 118.789 11.5
      vertex -4.44494 114.306 11.5
      vertex 0 119 11.5
    endloop
  endfacet
  facet normal 0 0 1
    outer loop
      vertex -4.83714 118.789 11.5
      vertex -8.85606 113.725 11.5
      vertex -4.44494 114.306 11.5
    endloop
  endfacet
  facet normal -0 0 1
    outer loop
      vertex -9.63747 118.157 11.5
      vertex -8.85606 113.725 11.5
      vertex -4.83714 118.789 11.5
    endloop
  endfacet
  facet normal 0 0 1
    outer loop
      vertex -9.63747 118.157 11.5
      vertex -13.1998 112.762 11.5
      vertex -8.85606 113.725 11.5
    endloop
  endfacet
  facet normal -0 0 1
    outer loop
      vertex -14.3645 117.109 11.5
      vertex -13.1998 112.762 11.5
      vertex -9.63747 118.157 11.5
    endloop
  endfacet
  facet normal 0 0 1
    outer loop
      vertex -14.3645 117.109 11.5
      vertex -17.443 111.424 11.5
      vertex -13.1998 112.762 11.5
    endloop
  endfacet
  facet normal -0 0 1
    outer loop
      vertex -18.9821 115.653 11.5
      vertex -17.443 111.424 11.5
      vertex -14.3645 117.109 11.5
    endloop
  endfacet
  facet normal 0 0 1
    outer loop
      vertex -18.9821 115.653 11.5
      vertex -21.5535 109.722 11.5
      vertex -17.443 111.424 11.5
    endloop
  endfacet
  facet normal -0 0 1
    outer loop
      vertex -23.4553 113.8 11.5
      vertex -21.5535 109.722 11.5
      vertex -18.9821 115.653 11.5
    endloop
  endfacet
  facet normal 0 0 1
    outer loop
      vertex -23.4553 113.8 11.5
      vertex -25.5 107.667 11.5
      vertex -21.5535 109.722 11.5
    endloop
  endfacet
  facet normal -0 0 1
    outer loop
      vertex -27.75 111.564 11.5
      vertex -25.5 107.667 11.5
      vertex -23.4553 113.8 11.5
    endloop
  endfacet
  facet normal 0 0 1
    outer loop
      vertex -27.75 111.564 11.5
      vertex -29.2524 105.277 11.5
      vertex -25.5 107.667 11.5
    endloop
  endfacet
  facet normal -0 0 1
    outer loop
      vertex -31.8335 108.963 11.5
      vertex -29.2524 105.277 11.5
      vertex -27.75 111.564 11.5
    endloop
  endfacet
  facet normal 0 0 1
    outer loop
      vertex -31.8335 108.963 11.5
      vertex -32.7822 102.568 11.5
      vertex -29.2524 105.277 11.5
    endloop
  endfacet
  facet normal -0 0 1
    outer loop
      vertex -35.6747 106.015 11.5
      vertex -32.7822 102.568 11.5
      vertex -31.8335 108.963 11.5
    endloop
  endfacet
  facet normal 0 0 1
    outer loop
      vertex -35.6747 106.015 11.5
      vertex -36.0624 99.5624 11.5
      vertex -32.7822 102.568 11.5
    endloop
  endfacet
  facet normal -0 0 1
    outer loop
      vertex -39.2444 102.744 11.5
      vertex -36.0624 99.5624 11.5
      vertex -35.6747 106.015 11.5
    endloop
  endfacet
  facet normal -0 0 1
    outer loop
      vertex -39.78 102.16 11.5
      vertex -36.0624 99.5624 11.5
      vertex -39.2444 102.744 11.5
    endloop
  endfacet
  facet normal 0 0 1
    outer loop
      vertex -36.0624 99.5624 11.5
      vertex -39.78 102.16 11.5
      vertex -39.0683 96.2822 11.5
    endloop
  endfacet
  facet normal 0 0 1
    outer loop
      vertex -39.0683 96.2822 11.5
      vertex -39.78 102.16 11.5
      vertex -39.78 95.3546 11.5
    endloop
  endfacet
  facet normal 1 0 0
    outer loop
      vertex -39.78 95.7788 87.0431
      vertex -39.78 102.16 88
      vertex -39.78 96.6949 88
    endloop
  endfacet
  facet normal 1 0 0
    outer loop
      vertex -39.78 95.3546 86.6
      vertex -39.78 102.16 88
      vertex -39.78 95.7788 87.0431
    endloop
  endfacet
  facet normal 1 0 0
    outer loop
      vertex -39.78 102.16 88
      vertex -39.78 95.3546 86.6
      vertex -39.78 102.16 11.5
    endloop
  endfacet
  facet normal 1 0 0
    outer loop
      vertex -39.78 102.16 11.5
      vertex -39.78 95.3546 86.6
      vertex -39.78 95.3546 11.5
    endloop
  endfacet
  facet normal 0.793368 -0.608743 0
    outer loop
      vertex -12.2873 72.1036 5.5
      vertex -11.4907 73.1418 0
      vertex -11.4907 73.1418 5.5
    endloop
  endfacet
  facet normal 0.793368 -0.608743 0
    outer loop
      vertex -11.4907 73.1418 0
      vertex -12.2873 72.1036 5.5
      vertex -12.2873 72.1036 0
    endloop
  endfacet
  facet normal 0.737268 0.6756 0
    outer loop
      vertex -10.6066 52.8934 5.5
      vertex -11.4907 53.8582 0
      vertex -11.4907 53.8582 5.5
    endloop
  endfacet
  facet normal 0.737268 0.6756 0
    outer loop
      vertex -11.4907 53.8582 0
      vertex -10.6066 52.8934 5.5
      vertex -10.6066 52.8934 0
    endloop
  endfacet
  facet normal -0.991445 -0.130522 0
    outer loop
      vertex 14.9429 64.8073 0
      vertex 14.7721 66.1047 5.5
      vertex 14.7721 66.1047 0
    endloop
  endfacet
  facet normal -0.991445 -0.130522 0
    outer loop
      vertex 14.7721 66.1047 5.5
      vertex 14.9429 64.8073 0
      vertex 14.9429 64.8073 5.5
    endloop
  endfacet
  facet normal -0.999047 -0.0436362 0
    outer loop
      vertex 15 63.5 0
      vertex 14.9429 64.8073 5.5
      vertex 14.9429 64.8073 0
    endloop
  endfacet
  facet normal -0.999047 -0.0436362 0
    outer loop
      vertex 14.9429 64.8073 5.5
      vertex 15 63.5 0
      vertex 15 63.5 5.5
    endloop
  endfacet
  facet normal -0.976302 -0.216413 0
    outer loop
      vertex 14.7721 66.1047 0
      vertex 14.4889 67.3823 5.5
      vertex 14.4889 67.3823 0
    endloop
  endfacet
  facet normal -0.976302 -0.216413 0
    outer loop
      vertex 14.4889 67.3823 5.5
      vertex 14.7721 66.1047 0
      vertex 14.7721 66.1047 5.5
    endloop
  endfacet
  facet normal -0.887018 0.461735 0
    outer loop
      vertex 12.9904 56 0
      vertex 13.5946 57.1607 5.5
      vertex 13.5946 57.1607 0
    endloop
  endfacet
  facet normal -0.887018 0.461735 0
    outer loop
      vertex 13.5946 57.1607 5.5
      vertex 12.9904 56 0
      vertex 12.9904 56 5.5
    endloop
  endfacet
  facet normal 0.608757 -0.793356 0
    outer loop
      vertex -9.64181 74.9907 0
      vertex -8.60365 75.7873 5.5
      vertex -9.64181 74.9907 5.5
    endloop
  endfacet
  facet normal 0.608757 -0.793356 0
    outer loop
      vertex -8.60365 75.7873 5.5
      vertex -9.64181 74.9907 0
      vertex -8.60365 75.7873 0
    endloop
  endfacet
  facet normal 0.537298 0.843392 -0
    outer loop
      vertex -7.5 50.5096 0
      vertex -8.60365 51.2127 5.5
      vertex -7.5 50.5096 5.5
    endloop
  endfacet
  facet normal 0.537298 0.843392 0
    outer loop
      vertex -8.60365 51.2127 5.5
      vertex -7.5 50.5096 0
      vertex -8.60365 51.2127 0
    endloop
  endfacet
  facet normal 0.923875 0.382694 0
    outer loop
      vertex -13.5946 57.1607 5.5
      vertex -14.0954 58.3697 0
      vertex -14.0954 58.3697 5.5
    endloop
  endfacet
  facet normal 0.923875 0.382694 0
    outer loop
      vertex -14.0954 58.3697 0
      vertex -13.5946 57.1607 5.5
      vertex -13.5946 57.1607 0
    endloop
  endfacet
  facet normal 0.216417 -0.976301 0
    outer loop
      vertex -3.88229 77.9889 0
      vertex -2.60472 78.2721 5.5
      vertex -3.88229 77.9889 5.5
    endloop
  endfacet
  facet normal 0.216417 -0.976301 0
    outer loop
      vertex -2.60472 78.2721 5.5
      vertex -3.88229 77.9889 0
      vertex -2.60472 78.2721 0
    endloop
  endfacet
  facet normal -0.382702 -0.923872 0
    outer loop
      vertex 5.1303 77.5954 0
      vertex 6.33927 77.0946 5.5
      vertex 5.1303 77.5954 5.5
    endloop
  endfacet
  facet normal -0.382702 -0.923872 -0
    outer loop
      vertex 6.33927 77.0946 5.5
      vertex 5.1303 77.5954 0
      vertex 6.33927 77.0946 0
    endloop
  endfacet
  facet normal -0.216417 0.976301 0
    outer loop
      vertex 3.88229 49.0111 0
      vertex 2.60472 48.7279 5.5
      vertex 3.88229 49.0111 5.5
    endloop
  endfacet
  facet normal -0.216417 0.976301 0
    outer loop
      vertex 2.60472 48.7279 5.5
      vertex 3.88229 49.0111 0
      vertex 2.60472 48.7279 0
    endloop
  endfacet
  facet normal -0.537298 0.843392 0
    outer loop
      vertex 8.60365 51.2127 0
      vertex 7.5 50.5096 5.5
      vertex 8.60365 51.2127 5.5
    endloop
  endfacet
  facet normal -0.537298 0.843392 0
    outer loop
      vertex 7.5 50.5096 5.5
      vertex 8.60365 51.2127 0
      vertex 7.5 50.5096 0
    endloop
  endfacet
  facet normal -0.843381 0.537316 0
    outer loop
      vertex 12.2873 54.8964 0
      vertex 12.9904 56 5.5
      vertex 12.9904 56 0
    endloop
  endfacet
  facet normal -0.843381 0.537316 0
    outer loop
      vertex 12.9904 56 5.5
      vertex 12.2873 54.8964 0
      vertex 12.2873 54.8964 5.5
    endloop
  endfacet
  facet normal -0.793368 0.608743 0
    outer loop
      vertex 11.4907 53.8582 0
      vertex 12.2873 54.8964 5.5
      vertex 12.2873 54.8964 0
    endloop
  endfacet
  facet normal -0.793368 0.608743 0
    outer loop
      vertex 12.2873 54.8964 5.5
      vertex 11.4907 53.8582 0
      vertex 11.4907 53.8582 5.5
    endloop
  endfacet
  facet normal -0.130524 -0.991445 0
    outer loop
      vertex 1.30734 78.4429 0
      vertex 2.60472 78.2721 5.5
      vertex 1.30734 78.4429 5.5
    endloop
  endfacet
  facet normal -0.130524 -0.991445 -0
    outer loop
      vertex 2.60472 78.2721 5.5
      vertex 1.30734 78.4429 0
      vertex 2.60472 78.2721 0
    endloop
  endfacet
  facet normal 0.976302 -0.216413 0
    outer loop
      vertex -14.7721 66.1047 5.5
      vertex -14.4889 67.3823 0
      vertex -14.4889 67.3823 5.5
    endloop
  endfacet
  facet normal 0.976302 -0.216413 0
    outer loop
      vertex -14.4889 67.3823 0
      vertex -14.7721 66.1047 5.5
      vertex -14.7721 66.1047 0
    endloop
  endfacet
  facet normal -0.461726 0.887023 0
    outer loop
      vertex 7.5 50.5096 0
      vertex 6.33927 49.9054 5.5
      vertex 7.5 50.5096 5.5
    endloop
  endfacet
  facet normal -0.461726 0.887023 0
    outer loop
      vertex 6.33927 49.9054 5.5
      vertex 7.5 50.5096 0
      vertex 6.33927 49.9054 0
    endloop
  endfacet
  facet normal -0.991445 0.130522 0
    outer loop
      vertex 14.7721 60.8953 0
      vertex 14.9429 62.1927 5.5
      vertex 14.9429 62.1927 0
    endloop
  endfacet
  facet normal -0.991445 0.130522 0
    outer loop
      vertex 14.9429 62.1927 5.5
      vertex 14.7721 60.8953 0
      vertex 14.7721 60.8953 5.5
    endloop
  endfacet
  facet normal 0.461726 0.887023 -0
    outer loop
      vertex -6.33927 49.9054 0
      vertex -7.5 50.5096 5.5
      vertex -6.33927 49.9054 5.5
    endloop
  endfacet
  facet normal 0.461726 0.887023 0
    outer loop
      vertex -7.5 50.5096 5.5
      vertex -6.33927 49.9054 0
      vertex -7.5 50.5096 0
    endloop
  endfacet
  facet normal -0.461726 -0.887023 0
    outer loop
      vertex 6.33927 77.0946 0
      vertex 7.5 76.4904 5.5
      vertex 6.33927 77.0946 5.5
    endloop
  endfacet
  facet normal -0.461726 -0.887023 -0
    outer loop
      vertex 7.5 76.4904 5.5
      vertex 6.33927 77.0946 0
      vertex 7.5 76.4904 0
    endloop
  endfacet
  facet normal 0.0436349 0.999048 -0
    outer loop
      vertex 0 48.5 0
      vertex -1.30734 48.5571 5.5
      vertex 0 48.5 5.5
    endloop
  endfacet
  facet normal 0.0436349 0.999048 0
    outer loop
      vertex -1.30734 48.5571 5.5
      vertex 0 48.5 0
      vertex -1.30734 48.5571 0
    endloop
  endfacet
  facet normal 0.953715 0.300711 0
    outer loop
      vertex -14.0954 58.3697 5.5
      vertex -14.4889 59.6177 0
      vertex -14.4889 59.6177 5.5
    endloop
  endfacet
  facet normal 0.953715 0.300711 0
    outer loop
      vertex -14.4889 59.6177 0
      vertex -14.0954 58.3697 5.5
      vertex -14.0954 58.3697 0
    endloop
  endfacet
  facet normal -0.976302 0.216413 0
    outer loop
      vertex 14.4889 59.6177 0
      vertex 14.7721 60.8953 5.5
      vertex 14.7721 60.8953 0
    endloop
  endfacet
  facet normal -0.976302 0.216413 0
    outer loop
      vertex 14.7721 60.8953 5.5
      vertex 14.4889 59.6177 0
      vertex 14.4889 59.6177 5.5
    endloop
  endfacet
  facet normal 0.461726 -0.887023 0
    outer loop
      vertex -7.5 76.4904 0
      vertex -6.33927 77.0946 5.5
      vertex -7.5 76.4904 5.5
    endloop
  endfacet
  facet normal 0.461726 -0.887023 0
    outer loop
      vertex -6.33927 77.0946 5.5
      vertex -7.5 76.4904 0
      vertex -6.33927 77.0946 0
    endloop
  endfacet
  facet normal 0.675604 -0.737265 0
    outer loop
      vertex -10.6066 74.1066 0
      vertex -9.64181 74.9907 5.5
      vertex -10.6066 74.1066 5.5
    endloop
  endfacet
  facet normal 0.675604 -0.737265 0
    outer loop
      vertex -9.64181 74.9907 5.5
      vertex -10.6066 74.1066 0
      vertex -9.64181 74.9907 0
    endloop
  endfacet
  facet normal -0.382702 0.923872 0
    outer loop
      vertex 6.33927 49.9054 0
      vertex 5.1303 49.4046 5.5
      vertex 6.33927 49.9054 5.5
    endloop
  endfacet
  facet normal -0.382702 0.923872 0
    outer loop
      vertex 5.1303 49.4046 5.5
      vertex 6.33927 49.9054 0
      vertex 5.1303 49.4046 0
    endloop
  endfacet
  facet normal -0.793368 -0.608743 0
    outer loop
      vertex 12.2873 72.1036 0
      vertex 11.4907 73.1418 5.5
      vertex 11.4907 73.1418 0
    endloop
  endfacet
  facet normal -0.793368 -0.608743 0
    outer loop
      vertex 11.4907 73.1418 5.5
      vertex 12.2873 72.1036 0
      vertex 12.2873 72.1036 5.5
    endloop
  endfacet
  facet normal -0.953715 -0.300711 0
    outer loop
      vertex 14.4889 67.3823 0
      vertex 14.0954 68.6303 5.5
      vertex 14.0954 68.6303 0
    endloop
  endfacet
  facet normal -0.953715 -0.300711 0
    outer loop
      vertex 14.0954 68.6303 5.5
      vertex 14.4889 67.3823 0
      vertex 14.4889 67.3823 5.5
    endloop
  endfacet
  facet normal -0.923875 -0.382694 0
    outer loop
      vertex 14.0954 68.6303 0
      vertex 13.5946 69.8393 5.5
      vertex 13.5946 69.8393 0
    endloop
  endfacet
  facet normal -0.923875 -0.382694 0
    outer loop
      vertex 13.5946 69.8393 5.5
      vertex 14.0954 68.6303 0
      vertex 14.0954 68.6303 5.5
    endloop
  endfacet
  facet normal -0.999047 0.0436362 0
    outer loop
      vertex 14.9429 62.1927 0
      vertex 15 63.5 5.5
      vertex 15 63.5 0
    endloop
  endfacet
  facet normal -0.999047 0.0436362 0
    outer loop
      vertex 15 63.5 5.5
      vertex 14.9429 62.1927 0
      vertex 14.9429 62.1927 5.5
    endloop
  endfacet
  facet normal -0.923875 0.382694 0
    outer loop
      vertex 13.5946 57.1607 0
      vertex 14.0954 58.3697 5.5
      vertex 14.0954 58.3697 0
    endloop
  endfacet
  facet normal -0.923875 0.382694 0
    outer loop
      vertex 14.0954 58.3697 5.5
      vertex 13.5946 57.1607 0
      vertex 13.5946 57.1607 5.5
    endloop
  endfacet
  facet normal -0.0436349 -0.999048 0
    outer loop
      vertex 0 78.5 0
      vertex 1.30734 78.4429 5.5
      vertex 0 78.5 5.5
    endloop
  endfacet
  facet normal -0.0436349 -0.999048 -0
    outer loop
      vertex 1.30734 78.4429 5.5
      vertex 0 78.5 0
      vertex 1.30734 78.4429 0
    endloop
  endfacet
  facet normal -0.300709 -0.953716 0
    outer loop
      vertex 3.88229 77.9889 0
      vertex 5.1303 77.5954 5.5
      vertex 3.88229 77.9889 5.5
    endloop
  endfacet
  facet normal -0.300709 -0.953716 -0
    outer loop
      vertex 5.1303 77.5954 5.5
      vertex 3.88229 77.9889 0
      vertex 5.1303 77.5954 0
    endloop
  endfacet
  facet normal 0.216417 0.976301 -0
    outer loop
      vertex -2.60472 48.7279 0
      vertex -3.88229 49.0111 5.5
      vertex -2.60472 48.7279 5.5
    endloop
  endfacet
  facet normal 0.216417 0.976301 0
    outer loop
      vertex -3.88229 49.0111 5.5
      vertex -2.60472 48.7279 0
      vertex -3.88229 49.0111 0
    endloop
  endfacet
  facet normal -0.608757 -0.793356 0
    outer loop
      vertex 8.60365 75.7873 0
      vertex 9.64181 74.9907 5.5
      vertex 8.60365 75.7873 5.5
    endloop
  endfacet
  facet normal -0.608757 -0.793356 -0
    outer loop
      vertex 9.64181 74.9907 5.5
      vertex 8.60365 75.7873 0
      vertex 9.64181 74.9907 0
    endloop
  endfacet
  facet normal -0.537298 -0.843392 0
    outer loop
      vertex 7.5 76.4904 0
      vertex 8.60365 75.7873 5.5
      vertex 7.5 76.4904 5.5
    endloop
  endfacet
  facet normal -0.537298 -0.843392 -0
    outer loop
      vertex 8.60365 75.7873 5.5
      vertex 7.5 76.4904 0
      vertex 8.60365 75.7873 0
    endloop
  endfacet
  facet normal -0.130524 0.991445 0
    outer loop
      vertex 2.60472 48.7279 0
      vertex 1.30734 48.5571 5.5
      vertex 2.60472 48.7279 5.5
    endloop
  endfacet
  facet normal -0.130524 0.991445 0
    outer loop
      vertex 1.30734 48.5571 5.5
      vertex 2.60472 48.7279 0
      vertex 1.30734 48.5571 0
    endloop
  endfacet
  facet normal 0.608757 0.793356 -0
    outer loop
      vertex -8.60365 51.2127 0
      vertex -9.64181 52.0093 5.5
      vertex -8.60365 51.2127 5.5
    endloop
  endfacet
  facet normal 0.608757 0.793356 0
    outer loop
      vertex -9.64181 52.0093 5.5
      vertex -8.60365 51.2127 0
      vertex -9.64181 52.0093 0
    endloop
  endfacet
  facet normal 0.537298 -0.843392 0
    outer loop
      vertex -8.60365 75.7873 0
      vertex -7.5 76.4904 5.5
      vertex -8.60365 75.7873 5.5
    endloop
  endfacet
  facet normal 0.537298 -0.843392 0
    outer loop
      vertex -7.5 76.4904 5.5
      vertex -8.60365 75.7873 0
      vertex -7.5 76.4904 0
    endloop
  endfacet
  facet normal -0.216417 -0.976301 0
    outer loop
      vertex 2.60472 78.2721 0
      vertex 3.88229 77.9889 5.5
      vertex 2.60472 78.2721 5.5
    endloop
  endfacet
  facet normal -0.216417 -0.976301 -0
    outer loop
      vertex 3.88229 77.9889 5.5
      vertex 2.60472 78.2721 0
      vertex 3.88229 77.9889 0
    endloop
  endfacet
  facet normal -0.953715 0.300711 0
    outer loop
      vertex 14.0954 58.3697 0
      vertex 14.4889 59.6177 5.5
      vertex 14.4889 59.6177 0
    endloop
  endfacet
  facet normal -0.953715 0.300711 0
    outer loop
      vertex 14.4889 59.6177 5.5
      vertex 14.0954 58.3697 0
      vertex 14.0954 58.3697 5.5
    endloop
  endfacet
  facet normal 0.130524 -0.991445 0
    outer loop
      vertex -2.60472 78.2721 0
      vertex -1.30734 78.4429 5.5
      vertex -2.60472 78.2721 5.5
    endloop
  endfacet
  facet normal 0.130524 -0.991445 0
    outer loop
      vertex -1.30734 78.4429 5.5
      vertex -2.60472 78.2721 0
      vertex -1.30734 78.4429 0
    endloop
  endfacet
  facet normal 0.300709 -0.953716 0
    outer loop
      vertex -5.1303 77.5954 0
      vertex -3.88229 77.9889 5.5
      vertex -5.1303 77.5954 5.5
    endloop
  endfacet
  facet normal 0.300709 -0.953716 0
    outer loop
      vertex -3.88229 77.9889 5.5
      vertex -5.1303 77.5954 0
      vertex -3.88229 77.9889 0
    endloop
  endfacet
  facet normal 0.887018 0.461735 0
    outer loop
      vertex -12.9904 56 5.5
      vertex -13.5946 57.1607 0
      vertex -13.5946 57.1607 5.5
    endloop
  endfacet
  facet normal 0.887018 0.461735 0
    outer loop
      vertex -13.5946 57.1607 0
      vertex -12.9904 56 5.5
      vertex -12.9904 56 0
    endloop
  endfacet
  facet normal 0.130524 0.991445 -0
    outer loop
      vertex -1.30734 48.5571 0
      vertex -2.60472 48.7279 5.5
      vertex -1.30734 48.5571 5.5
    endloop
  endfacet
  facet normal 0.130524 0.991445 0
    outer loop
      vertex -2.60472 48.7279 5.5
      vertex -1.30734 48.5571 0
      vertex -2.60472 48.7279 0
    endloop
  endfacet
  facet normal -0.887018 -0.461735 0
    outer loop
      vertex 13.5946 69.8393 0
      vertex 12.9904 71 5.5
      vertex 12.9904 71 0
    endloop
  endfacet
  facet normal -0.887018 -0.461735 0
    outer loop
      vertex 12.9904 71 5.5
      vertex 13.5946 69.8393 0
      vertex 13.5946 69.8393 5.5
    endloop
  endfacet
  facet normal 0.999047 0.0436362 0
    outer loop
      vertex -14.9429 62.1927 5.5
      vertex -15 63.5 0
      vertex -15 63.5 5.5
    endloop
  endfacet
  facet normal 0.999047 0.0436362 0
    outer loop
      vertex -15 63.5 0
      vertex -14.9429 62.1927 5.5
      vertex -14.9429 62.1927 0
    endloop
  endfacet
  facet normal 0.953715 -0.300711 0
    outer loop
      vertex -14.4889 67.3823 5.5
      vertex -14.0954 68.6303 0
      vertex -14.0954 68.6303 5.5
    endloop
  endfacet
  facet normal 0.953715 -0.300711 0
    outer loop
      vertex -14.0954 68.6303 0
      vertex -14.4889 67.3823 5.5
      vertex -14.4889 67.3823 0
    endloop
  endfacet
  facet normal -0.843381 -0.537316 0
    outer loop
      vertex 12.9904 71 0
      vertex 12.2873 72.1036 5.5
      vertex 12.2873 72.1036 0
    endloop
  endfacet
  facet normal -0.843381 -0.537316 0
    outer loop
      vertex 12.2873 72.1036 5.5
      vertex 12.9904 71 0
      vertex 12.9904 71 5.5
    endloop
  endfacet
  facet normal -0.737268 -0.6756 0
    outer loop
      vertex 11.4907 73.1418 0
      vertex 10.6066 74.1066 5.5
      vertex 10.6066 74.1066 0
    endloop
  endfacet
  facet normal -0.737268 -0.6756 0
    outer loop
      vertex 10.6066 74.1066 5.5
      vertex 11.4907 73.1418 0
      vertex 11.4907 73.1418 5.5
    endloop
  endfacet
  facet normal 0.793368 0.608743 0
    outer loop
      vertex -11.4907 53.8582 5.5
      vertex -12.2873 54.8964 0
      vertex -12.2873 54.8964 5.5
    endloop
  endfacet
  facet normal 0.793368 0.608743 0
    outer loop
      vertex -12.2873 54.8964 0
      vertex -11.4907 53.8582 5.5
      vertex -11.4907 53.8582 0
    endloop
  endfacet
  facet normal 0.737268 -0.6756 0
    outer loop
      vertex -11.4907 73.1418 5.5
      vertex -10.6066 74.1066 0
      vertex -10.6066 74.1066 5.5
    endloop
  endfacet
  facet normal 0.737268 -0.6756 0
    outer loop
      vertex -10.6066 74.1066 0
      vertex -11.4907 73.1418 5.5
      vertex -11.4907 73.1418 0
    endloop
  endfacet
  facet normal 0.382702 -0.923872 0
    outer loop
      vertex -6.33927 77.0946 0
      vertex -5.1303 77.5954 5.5
      vertex -6.33927 77.0946 5.5
    endloop
  endfacet
  facet normal 0.382702 -0.923872 0
    outer loop
      vertex -5.1303 77.5954 5.5
      vertex -6.33927 77.0946 0
      vertex -5.1303 77.5954 0
    endloop
  endfacet
  facet normal -0.300709 0.953716 0
    outer loop
      vertex 5.1303 49.4046 0
      vertex 3.88229 49.0111 5.5
      vertex 5.1303 49.4046 5.5
    endloop
  endfacet
  facet normal -0.300709 0.953716 0
    outer loop
      vertex 3.88229 49.0111 5.5
      vertex 5.1303 49.4046 0
      vertex 3.88229 49.0111 0
    endloop
  endfacet
  facet normal 0.675604 0.737265 -0
    outer loop
      vertex -9.64181 52.0093 0
      vertex -10.6066 52.8934 5.5
      vertex -9.64181 52.0093 5.5
    endloop
  endfacet
  facet normal 0.675604 0.737265 0
    outer loop
      vertex -10.6066 52.8934 5.5
      vertex -9.64181 52.0093 0
      vertex -10.6066 52.8934 0
    endloop
  endfacet
  facet normal -0.0436349 0.999048 0
    outer loop
      vertex 1.30734 48.5571 0
      vertex 0 48.5 5.5
      vertex 1.30734 48.5571 5.5
    endloop
  endfacet
  facet normal -0.0436349 0.999048 0
    outer loop
      vertex 0 48.5 5.5
      vertex 1.30734 48.5571 0
      vertex 0 48.5 0
    endloop
  endfacet
  facet normal 0.976302 0.216413 0
    outer loop
      vertex -14.4889 59.6177 5.5
      vertex -14.7721 60.8953 0
      vertex -14.7721 60.8953 5.5
    endloop
  endfacet
  facet normal 0.976302 0.216413 0
    outer loop
      vertex -14.7721 60.8953 0
      vertex -14.4889 59.6177 5.5
      vertex -14.4889 59.6177 0
    endloop
  endfacet
  facet normal 0.0436349 -0.999048 0
    outer loop
      vertex -1.30734 78.4429 0
      vertex 0 78.5 5.5
      vertex -1.30734 78.4429 5.5
    endloop
  endfacet
  facet normal 0.0436349 -0.999048 0
    outer loop
      vertex 0 78.5 5.5
      vertex -1.30734 78.4429 0
      vertex 0 78.5 0
    endloop
  endfacet
  facet normal 0.843381 -0.537316 0
    outer loop
      vertex -12.9904 71 5.5
      vertex -12.2873 72.1036 0
      vertex -12.2873 72.1036 5.5
    endloop
  endfacet
  facet normal 0.843381 -0.537316 0
    outer loop
      vertex -12.2873 72.1036 0
      vertex -12.9904 71 5.5
      vertex -12.9904 71 0
    endloop
  endfacet
  facet normal 0.991445 0.130522 0
    outer loop
      vertex -14.7721 60.8953 5.5
      vertex -14.9429 62.1927 0
      vertex -14.9429 62.1927 5.5
    endloop
  endfacet
  facet normal 0.991445 0.130522 0
    outer loop
      vertex -14.9429 62.1927 0
      vertex -14.7721 60.8953 5.5
      vertex -14.7721 60.8953 0
    endloop
  endfacet
  facet normal 0.991445 -0.130522 0
    outer loop
      vertex -14.9429 64.8073 5.5
      vertex -14.7721 66.1047 0
      vertex -14.7721 66.1047 5.5
    endloop
  endfacet
  facet normal 0.991445 -0.130522 0
    outer loop
      vertex -14.7721 66.1047 0
      vertex -14.9429 64.8073 5.5
      vertex -14.9429 64.8073 0
    endloop
  endfacet
  facet normal 0.300709 0.953716 -0
    outer loop
      vertex -3.88229 49.0111 0
      vertex -5.1303 49.4046 5.5
      vertex -3.88229 49.0111 5.5
    endloop
  endfacet
  facet normal 0.300709 0.953716 0
    outer loop
      vertex -5.1303 49.4046 5.5
      vertex -3.88229 49.0111 0
      vertex -5.1303 49.4046 0
    endloop
  endfacet
  facet normal -0.608757 0.793356 0
    outer loop
      vertex 9.64181 52.0093 0
      vertex 8.60365 51.2127 5.5
      vertex 9.64181 52.0093 5.5
    endloop
  endfacet
  facet normal -0.608757 0.793356 0
    outer loop
      vertex 8.60365 51.2127 5.5
      vertex 9.64181 52.0093 0
      vertex 8.60365 51.2127 0
    endloop
  endfacet
  facet normal -0.675604 -0.737265 0
    outer loop
      vertex 9.64181 74.9907 0
      vertex 10.6066 74.1066 5.5
      vertex 9.64181 74.9907 5.5
    endloop
  endfacet
  facet normal -0.675604 -0.737265 -0
    outer loop
      vertex 10.6066 74.1066 5.5
      vertex 9.64181 74.9907 0
      vertex 10.6066 74.1066 0
    endloop
  endfacet
  facet normal 0.843381 0.537316 0
    outer loop
      vertex -12.2873 54.8964 5.5
      vertex -12.9904 56 0
      vertex -12.9904 56 5.5
    endloop
  endfacet
  facet normal 0.843381 0.537316 0
    outer loop
      vertex -12.9904 56 0
      vertex -12.2873 54.8964 5.5
      vertex -12.2873 54.8964 0
    endloop
  endfacet
  facet normal 0.999047 -0.0436362 0
    outer loop
      vertex -15 63.5 5.5
      vertex -14.9429 64.8073 0
      vertex -14.9429 64.8073 5.5
    endloop
  endfacet
  facet normal 0.999047 -0.0436362 0
    outer loop
      vertex -14.9429 64.8073 0
      vertex -15 63.5 5.5
      vertex -15 63.5 0
    endloop
  endfacet
  facet normal 0.923875 -0.382694 0
    outer loop
      vertex -14.0954 68.6303 5.5
      vertex -13.5946 69.8393 0
      vertex -13.5946 69.8393 5.5
    endloop
  endfacet
  facet normal 0.923875 -0.382694 0
    outer loop
      vertex -13.5946 69.8393 0
      vertex -14.0954 68.6303 5.5
      vertex -14.0954 68.6303 0
    endloop
  endfacet
  facet normal -0.737268 0.6756 0
    outer loop
      vertex 10.6066 52.8934 0
      vertex 11.4907 53.8582 5.5
      vertex 11.4907 53.8582 0
    endloop
  endfacet
  facet normal -0.737268 0.6756 0
    outer loop
      vertex 11.4907 53.8582 5.5
      vertex 10.6066 52.8934 0
      vertex 10.6066 52.8934 5.5
    endloop
  endfacet
  facet normal -0.675604 0.737265 0
    outer loop
      vertex 10.6066 52.8934 0
      vertex 9.64181 52.0093 5.5
      vertex 10.6066 52.8934 5.5
    endloop
  endfacet
  facet normal -0.675604 0.737265 0
    outer loop
      vertex 9.64181 52.0093 5.5
      vertex 10.6066 52.8934 0
      vertex 9.64181 52.0093 0
    endloop
  endfacet
  facet normal 0.382702 0.923872 -0
    outer loop
      vertex -5.1303 49.4046 0
      vertex -6.33927 49.9054 5.5
      vertex -5.1303 49.4046 5.5
    endloop
  endfacet
  facet normal 0.382702 0.923872 0
    outer loop
      vertex -6.33927 49.9054 5.5
      vertex -5.1303 49.4046 0
      vertex -6.33927 49.9054 0
    endloop
  endfacet
  facet normal 0.887018 -0.461735 0
    outer loop
      vertex -13.5946 69.8393 5.5
      vertex -12.9904 71 0
      vertex -12.9904 71 5.5
    endloop
  endfacet
  facet normal 0.887018 -0.461735 0
    outer loop
      vertex -12.9904 71 0
      vertex -13.5946 69.8393 5.5
      vertex -13.5946 69.8393 0
    endloop
  endfacet
  facet normal 0.843905 0.534473 0.0464962
    outer loop
      vertex -36.0981 130.483 6.35063
      vertex -35.9575 130.335 5.5
      vertex -36.0981 130.557 5.5
    endloop
  endfacet
  facet normal 0.843548 0.535051 0.0463365
    outer loop
      vertex -35.9575 130.335 5.5
      vertex -36.0981 130.483 6.35063
      vertex -35.9575 130.263 6.33139
    endloop
  endfacet
  facet normal -0.99146 -0.129915 -0.0113875
    outer loop
      vertex -30.5114 132.325 5.5
      vertex -30.5456 132.496 6.52677
      vertex -30.5456 132.586 5.5
    endloop
  endfacet
  facet normal -0.991459 -0.129924 -0.0113861
    outer loop
      vertex -30.5456 132.496 6.52677
      vertex -30.5114 132.325 5.5
      vertex -30.5114 132.237 6.50415
    endloop
  endfacet
  facet normal -0.999047 -0.04347 -0.00380955
    outer loop
      vertex -30.5 132.063 5.5
      vertex -30.5114 132.237 6.50415
      vertex -30.5114 132.325 5.5
    endloop
  endfacet
  facet normal -0.999047 -0.0434705 -0.00380947
    outer loop
      vertex -30.5114 132.237 6.50415
      vertex -30.5 132.063 5.5
      vertex -30.5 131.977 6.48136
    endloop
  endfacet
  facet normal -0.976245 -0.215842 -0.0189293
    outer loop
      vertex -30.5456 132.586 5.5
      vertex -30.6022 132.75 6.54903
      vertex -30.6022 132.842 5.5
    endloop
  endfacet
  facet normal -0.976236 -0.215881 -0.0189227
    outer loop
      vertex -30.6022 132.75 6.54903
      vertex -30.5456 132.586 5.5
      vertex -30.5456 132.496 6.52677
    endloop
  endfacet
  facet normal -0.383412 -0.920021 -0.0809759
    outer loop
      vertex -32.4739 134.893 5.5
      vertex -32.2321 134.685 6.71833
      vertex -32.4739 134.785 6.72706
    endloop
  endfacet
  facet normal -0.384169 -0.919723 -0.0807748
    outer loop
      vertex -32.2321 134.685 6.71833
      vertex -32.4739 134.893 5.5
      vertex -32.2321 134.792 5.5
    endloop
  endfacet
  facet normal 0.213238 -0.973279 -0.0851872
    outer loop
      vertex -34.0209 135.028 5.5
      vertex -34.2765 134.864 6.73392
      vertex -34.2765 134.972 5.5
    endloop
  endfacet
  facet normal 0.214809 -0.972966 -0.0848202
    outer loop
      vertex -34.2765 134.864 6.73392
      vertex -34.0209 135.028 5.5
      vertex -34.0209 134.92 6.73886
    endloop
  endfacet
  facet normal 0.536913 -0.840402 -0.0738095
    outer loop
      vertex -35 134.671 5.5
      vertex -35.2207 134.425 6.69554
      vertex -35.2207 134.53 5.5
    endloop
  endfacet
  facet normal 0.537121 -0.840275 -0.073745
    outer loop
      vertex -35.2207 134.425 6.69554
      vertex -35 134.671 5.5
      vertex -35 134.565 6.7078
    endloop
  endfacet
  facet normal 0.953524 0.300169 0.0262819
    outer loop
      vertex -36.3978 131.203 6.41369
      vertex -36.3191 131.033 5.5
      vertex -36.3978 131.283 5.5
    endloop
  endfacet
  facet normal 0.953491 0.300276 0.0262593
    outer loop
      vertex -36.3191 131.033 5.5
      vertex -36.3978 131.203 6.41369
      vertex -36.3191 130.955 6.39193
    endloop
  endfacet
  facet normal 0.79262 -0.607421 -0.0528454
    outer loop
      vertex -35.7981 133.898 6.64943
      vertex -35.9575 133.79 5.5
      vertex -35.7981 133.998 5.5
    endloop
  endfacet
  facet normal 0.793432 -0.606342 -0.0530595
    outer loop
      vertex -35.9575 133.79 5.5
      vertex -35.7981 133.898 6.64943
      vertex -35.9575 133.691 6.63133
    endloop
  endfacet
  facet normal 0.923422 -0.382342 -0.0332667
    outer loop
      vertex -36.2189 133.24 6.59186
      vertex -36.3191 133.093 5.5
      vertex -36.2189 133.335 5.5
    endloop
  endfacet
  facet normal 0.923888 -0.381197 -0.0334636
    outer loop
      vertex -36.3191 133.093 5.5
      vertex -36.2189 133.24 6.59186
      vertex -36.3191 132.999 6.57079
    endloop
  endfacet
  facet normal -0.991395 0.130407 0.0114276
    outer loop
      vertex -30.5456 131.54 5.5
      vertex -30.5114 131.716 6.45857
      vertex -30.5114 131.8 5.5
    endloop
  endfacet
  facet normal -0.991394 0.130416 0.0114258
    outer loop
      vertex -30.5114 131.716 6.45857
      vertex -30.5456 131.54 5.5
      vertex -30.5456 131.458 6.43596
    endloop
  endfacet
  facet normal 0.380943 0.921119 0.0801344
    outer loop
      vertex -34.7679 129.333 5.5
      vertex -34.5261 129.169 6.23566
      vertex -34.5261 129.233 5.5
    endloop
  endfacet
  facet normal 0.380159 0.921415 0.0804578
    outer loop
      vertex -34.5261 129.169 6.23566
      vertex -34.7679 129.333 5.5
      vertex -34.7679 129.268 6.24439
    endloop
  endfacet
  facet normal -0.675409 -0.734603 -0.0646537
    outer loop
      vertex -31.5716 134.37 5.5
      vertex -31.3787 134.09 6.66625
      vertex -31.5716 134.266 6.68166
    endloop
  endfacet
  facet normal -0.676757 -0.733407 -0.0641436
    outer loop
      vertex -31.3787 134.09 6.66625
      vertex -31.5716 134.37 5.5
      vertex -31.3787 134.192 5.5
    endloop
  endfacet
  facet normal -0.460658 -0.884175 -0.0776528
    outer loop
      vertex -32.2321 134.792 5.5
      vertex -32 134.565 6.7078
      vertex -32.2321 134.685 6.71833
    endloop
  endfacet
  facet normal -0.460885 -0.884062 -0.0775878
    outer loop
      vertex -32 134.565 6.7078
      vertex -32.2321 134.792 5.5
      vertex -32 134.671 5.5
    endloop
  endfacet
  facet normal 0.608786 -0.79028 -0.0695539
    outer loop
      vertex -35.2207 134.53 5.5
      vertex -35.4284 134.266 6.68166
      vertex -35.4284 134.37 5.5
    endloop
  endfacet
  facet normal 0.609316 -0.789887 -0.0693729
    outer loop
      vertex -35.4284 134.266 6.68166
      vertex -35.2207 134.53 5.5
      vertex -35.2207 134.425 6.69554
    endloop
  endfacet
  facet normal -0.79263 0.607429 0.0526045
    outer loop
      vertex -31.2019 130.127 5.5
      vertex -31.0425 130.263 6.33139
      vertex -31.0425 130.335 5.5
    endloop
  endfacet
  facet normal -0.793432 0.606353 0.0529344
    outer loop
      vertex -31.0425 130.263 6.33139
      vertex -31.2019 130.127 5.5
      vertex -31.2019 130.056 6.31329
    endloop
  endfacet
  facet normal -0.953524 0.300169 0.0262819
    outer loop
      vertex -30.6809 131.033 5.5
      vertex -30.6022 131.203 6.41369
      vertex -30.6022 131.283 5.5
    endloop
  endfacet
  facet normal -0.953491 0.300276 0.0262593
    outer loop
      vertex -30.6022 131.203 6.41369
      vertex -30.6809 131.033 5.5
      vertex -30.6809 130.955 6.39193
    endloop
  endfacet
  facet normal -0.999055 0.043305 0.00379497
    outer loop
      vertex -30.5114 131.8 5.5
      vertex -30.5 131.977 6.48136
      vertex -30.5 132.063 5.5
    endloop
  endfacet
  facet normal -0.999055 0.0433055 0.00379488
    outer loop
      vertex -30.5 131.977 6.48136
      vertex -30.5114 131.8 5.5
      vertex -30.5114 131.716 6.45857
    endloop
  endfacet
  facet normal -0.214806 0.972913 0.0854369
    outer loop
      vertex -32.7235 129.154 5.5
      vertex -32.9791 129.034 6.22387
      vertex -32.7235 129.09 6.2288
    endloop
  endfacet
  facet normal -0.216877 0.972523 0.0846408
    outer loop
      vertex -32.9791 129.034 6.22387
      vertex -32.7235 129.154 5.5
      vertex -32.9791 129.097 5.5
    endloop
  endfacet
  facet normal -0.214809 -0.972966 -0.0848202
    outer loop
      vertex -32.9791 135.028 5.5
      vertex -32.7235 134.864 6.73392
      vertex -32.9791 134.92 6.73886
    endloop
  endfacet
  facet normal -0.213238 -0.973279 -0.0851872
    outer loop
      vertex -32.7235 134.864 6.73392
      vertex -32.9791 135.028 5.5
      vertex -32.7235 134.972 5.5
    endloop
  endfacet
  facet normal -0.976423 0.215041 0.0188399
    outer loop
      vertex -30.6022 131.283 5.5
      vertex -30.5456 131.458 6.43596
      vertex -30.5456 131.54 5.5
    endloop
  endfacet
  facet normal -0.976415 0.215081 0.0188319
    outer loop
      vertex -30.5456 131.458 6.43596
      vertex -30.6022 131.283 5.5
      vertex -30.6022 131.203 6.41369
    endloop
  endfacet
  facet normal -0.843895 -0.534467 -0.0467699
    outer loop
      vertex -30.9019 133.568 5.5
      vertex -31.0425 133.691 6.63133
      vertex -31.0425 133.79 5.5
    endloop
  endfacet
  facet normal -0.843547 -0.535024 -0.0466661
    outer loop
      vertex -31.0425 133.691 6.63133
      vertex -30.9019 133.568 5.5
      vertex -30.9019 133.471 6.6121
    endloop
  endfacet
  facet normal 0.887062 0.459902 0.0401357
    outer loop
      vertex -36.2189 130.714 6.37086
      vertex -36.0981 130.557 5.5
      vertex -36.2189 130.79 5.5
    endloop
  endfacet
  facet normal 0.886872 0.460277 0.0400415
    outer loop
      vertex -36.0981 130.557 5.5
      vertex -36.2189 130.714 6.37086
      vertex -36.0981 130.483 6.35063
    endloop
  endfacet
  facet normal -0.380159 0.921415 0.0804578
    outer loop
      vertex -32.2321 129.333 5.5
      vertex -32.4739 129.169 6.23566
      vertex -32.2321 129.268 6.24439
    endloop
  endfacet
  facet normal -0.380943 0.921119 0.0801344
    outer loop
      vertex -32.4739 129.169 6.23566
      vertex -32.2321 129.333 5.5
      vertex -32.4739 129.233 5.5
    endloop
  endfacet
  facet normal -0.302784 0.949473 0.082601
    outer loop
      vertex -32.4739 129.233 5.5
      vertex -32.7235 129.09 6.2288
      vertex -32.4739 129.169 6.23566
    endloop
  endfacet
  facet normal -0.300701 0.950062 0.0834303
    outer loop
      vertex -32.7235 129.09 6.2288
      vertex -32.4739 129.233 5.5
      vertex -32.7235 129.154 5.5
    endloop
  endfacet
  facet normal -0.13045 0.987721 0.0859635
    outer loop
      vertex -32.9791 129.097 5.5
      vertex -33.2385 129 6.22089
      vertex -32.9791 129.034 6.22387
    endloop
  endfacet
  facet normal -0.129475 0.987818 0.0863273
    outer loop
      vertex -33.2385 129 6.22089
      vertex -32.9791 129.097 5.5
      vertex -33.2385 129.063 5.5
    endloop
  endfacet
  facet normal 0.045999 0.995138 0.0870879
    outer loop
      vertex -33.5 129.051 5.5
      vertex -33.7615 129 6.22089
      vertex -33.5 128.988 6.21989
    endloop
  endfacet
  facet normal 0.0456672 0.995164 0.0869693
    outer loop
      vertex -33.7615 129 6.22089
      vertex -33.5 129.051 5.5
      vertex -33.7615 129.063 5.5
    endloop
  endfacet
  facet normal 0.999055 0.043305 0.00379497
    outer loop
      vertex -36.5 131.977 6.48136
      vertex -36.4886 131.8 5.5
      vertex -36.5 132.063 5.5
    endloop
  endfacet
  facet normal 0.999055 0.0433055 0.00379488
    outer loop
      vertex -36.4886 131.8 5.5
      vertex -36.5 131.977 6.48136
      vertex -36.4886 131.716 6.45857
    endloop
  endfacet
  facet normal -0.923976 0.380997 0.0333185
    outer loop
      vertex -30.7811 130.79 5.5
      vertex -30.6809 130.955 6.39193
      vertex -30.6809 131.033 5.5
    endloop
  endfacet
  facet normal -0.923888 0.381214 0.0332686
    outer loop
      vertex -30.6809 130.955 6.39193
      vertex -30.7811 130.79 5.5
      vertex -30.7811 130.714 6.37086
    endloop
  endfacet
  facet normal -0.953867 -0.299081 -0.026255
    outer loop
      vertex -30.6022 132.842 5.5
      vertex -30.6809 132.999 6.57079
      vertex -30.6809 133.093 5.5
    endloop
  endfacet
  facet normal -0.953836 -0.29918 -0.0262381
    outer loop
      vertex -30.6809 132.999 6.57079
      vertex -30.6022 132.842 5.5
      vertex -30.6022 132.75 6.54903
    endloop
  endfacet
  facet normal -0.675409 0.734691 0.0636472
    outer loop
      vertex -31.3787 129.933 5.5
      vertex -31.5716 129.688 6.28107
      vertex -31.3787 129.864 6.29648
    endloop
  endfacet
  facet normal -0.674701 0.73531 0.0640161
    outer loop
      vertex -31.5716 129.688 6.28107
      vertex -31.3787 129.933 5.5
      vertex -31.5716 129.756 5.5
    endloop
  endfacet
  facet normal 0.300701 0.950062 0.0834303
    outer loop
      vertex -34.5261 129.233 5.5
      vertex -34.2765 129.09 6.2288
      vertex -34.2765 129.154 5.5
    endloop
  endfacet
  facet normal 0.302784 0.949473 0.082601
    outer loop
      vertex -34.2765 129.09 6.2288
      vertex -34.5261 129.233 5.5
      vertex -34.5261 129.169 6.23566
    endloop
  endfacet
  facet normal 0.384169 -0.919723 -0.0807748
    outer loop
      vertex -34.5261 134.893 5.5
      vertex -34.7679 134.685 6.71833
      vertex -34.7679 134.792 5.5
    endloop
  endfacet
  facet normal 0.383412 -0.920021 -0.0809759
    outer loop
      vertex -34.7679 134.685 6.71833
      vertex -34.5261 134.893 5.5
      vertex -34.5261 134.785 6.72706
    endloop
  endfacet
  facet normal 0.976245 -0.215842 -0.0189293
    outer loop
      vertex -36.3978 132.75 6.54903
      vertex -36.4544 132.586 5.5
      vertex -36.3978 132.842 5.5
    endloop
  endfacet
  facet normal 0.976236 -0.215881 -0.0189227
    outer loop
      vertex -36.4544 132.586 5.5
      vertex -36.3978 132.75 6.54903
      vertex -36.4544 132.496 6.52677
    endloop
  endfacet
  facet normal -0.463651 0.882651 0.0771671
    outer loop
      vertex -32 129.455 5.5
      vertex -32.2321 129.268 6.24439
      vertex -32 129.389 6.25492
    endloop
  endfacet
  facet normal -0.463891 0.882534 0.0770627
    outer loop
      vertex -32.2321 129.268 6.24439
      vertex -32 129.455 5.5
      vertex -32.2321 129.333 5.5
    endloop
  endfacet
  facet normal 0.79263 0.607429 0.0526045
    outer loop
      vertex -35.9575 130.263 6.33139
      vertex -35.7981 130.127 5.5
      vertex -35.9575 130.335 5.5
    endloop
  endfacet
  facet normal 0.793432 0.606353 0.0529344
    outer loop
      vertex -35.7981 130.127 5.5
      vertex -35.9575 130.263 6.33139
      vertex -35.7981 130.056 6.31329
    endloop
  endfacet
  facet normal 0.216877 0.972523 0.0846408
    outer loop
      vertex -34.2765 129.154 5.5
      vertex -34.0209 129.034 6.22387
      vertex -34.0209 129.097 5.5
    endloop
  endfacet
  facet normal 0.214806 0.972913 0.0854369
    outer loop
      vertex -34.0209 129.034 6.22387
      vertex -34.2765 129.154 5.5
      vertex -34.2765 129.09 6.2288
    endloop
  endfacet
  facet normal 0.300696 -0.950047 -0.0836187
    outer loop
      vertex -34.2765 134.972 5.5
      vertex -34.5261 134.785 6.72706
      vertex -34.5261 134.893 5.5
    endloop
  endfacet
  facet normal 0.302784 -0.949429 -0.0830997
    outer loop
      vertex -34.5261 134.785 6.72706
      vertex -34.2765 134.972 5.5
      vertex -34.2765 134.864 6.73392
    endloop
  endfacet
  facet normal -0.537121 0.840307 0.0733864
    outer loop
      vertex -31.7793 129.596 5.5
      vertex -32 129.389 6.25492
      vertex -31.7793 129.529 6.26718
    endloop
  endfacet
  facet normal -0.536927 0.840423 0.0734753
    outer loop
      vertex -32 129.389 6.25492
      vertex -31.7793 129.596 5.5
      vertex -32 129.455 5.5
    endloop
  endfacet
  facet normal -0.887062 0.459902 0.0401357
    outer loop
      vertex -30.9019 130.557 5.5
      vertex -30.7811 130.714 6.37086
      vertex -30.7811 130.79 5.5
    endloop
  endfacet
  facet normal -0.886872 0.460277 0.0400415
    outer loop
      vertex -30.7811 130.714 6.37086
      vertex -30.9019 130.557 5.5
      vertex -30.9019 130.483 6.35063
    endloop
  endfacet
  facet normal -0.843905 0.534473 0.0464962
    outer loop
      vertex -31.0425 130.335 5.5
      vertex -30.9019 130.483 6.35063
      vertex -30.9019 130.557 5.5
    endloop
  endfacet
  facet normal -0.843548 0.535051 0.0463365
    outer loop
      vertex -30.9019 130.483 6.35063
      vertex -31.0425 130.335 5.5
      vertex -31.0425 130.263 6.33139
    endloop
  endfacet
  facet normal -0.045999 0.995149 0.086968
    outer loop
      vertex -33.2385 129.063 5.5
      vertex -33.5 128.988 6.21989
      vertex -33.2385 129 6.22089
    endloop
  endfacet
  facet normal -0.0456667 0.995153 0.0870892
    outer loop
      vertex -33.5 128.988 6.21989
      vertex -33.2385 129.063 5.5
      vertex -33.5 129.051 5.5
    endloop
  endfacet
  facet normal 0.976423 0.215041 0.0188399
    outer loop
      vertex -36.4544 131.458 6.43596
      vertex -36.3978 131.283 5.5
      vertex -36.4544 131.54 5.5
    endloop
  endfacet
  facet normal 0.976415 0.215081 0.0188319
    outer loop
      vertex -36.3978 131.283 5.5
      vertex -36.4544 131.458 6.43596
      vertex -36.3978 131.203 6.41369
    endloop
  endfacet
  facet normal -0.609316 -0.789887 -0.0693729
    outer loop
      vertex -31.7793 134.53 5.5
      vertex -31.5716 134.266 6.68166
      vertex -31.7793 134.425 6.69554
    endloop
  endfacet
  facet normal -0.608786 -0.79028 -0.0695539
    outer loop
      vertex -31.5716 134.266 6.68166
      vertex -31.7793 134.53 5.5
      vertex -31.5716 134.37 5.5
    endloop
  endfacet
  facet normal -0.0422006 -0.995289 -0.0872899
    outer loop
      vertex -33.5 135.074 5.5
      vertex -33.2385 134.954 6.74183
      vertex -33.5 134.965 6.74283
    endloop
  endfacet
  facet normal -0.0418672 -0.995297 -0.0873608
    outer loop
      vertex -33.2385 134.954 6.74183
      vertex -33.5 135.074 5.5
      vertex -33.2385 135.063 5.5
    endloop
  endfacet
  facet normal 0.129475 0.987818 0.0863273
    outer loop
      vertex -34.0209 129.097 5.5
      vertex -33.7615 129 6.22089
      vertex -33.7615 129.063 5.5
    endloop
  endfacet
  facet normal 0.13045 0.987721 0.0859635
    outer loop
      vertex -33.7615 129 6.22089
      vertex -34.0209 129.097 5.5
      vertex -34.0209 129.034 6.22387
    endloop
  endfacet
  facet normal -0.737833 -0.672417 -0.0588094
    outer loop
      vertex -31.2019 133.998 5.5
      vertex -31.3787 134.09 6.66625
      vertex -31.3787 134.192 5.5
    endloop
  endfacet
  facet normal -0.736914 -0.673442 -0.0585893
    outer loop
      vertex -31.3787 134.09 6.66625
      vertex -31.2019 133.998 5.5
      vertex -31.2019 133.898 6.64943
    endloop
  endfacet
  facet normal -0.537121 -0.840275 -0.073745
    outer loop
      vertex -32 134.671 5.5
      vertex -31.7793 134.425 6.69554
      vertex -32 134.565 6.7078
    endloop
  endfacet
  facet normal -0.536913 -0.840402 -0.0738095
    outer loop
      vertex -31.7793 134.425 6.69554
      vertex -32 134.671 5.5
      vertex -31.7793 134.53 5.5
    endloop
  endfacet
  facet normal -0.923422 -0.382342 -0.0332667
    outer loop
      vertex -30.6809 133.093 5.5
      vertex -30.7811 133.24 6.59186
      vertex -30.7811 133.335 5.5
    endloop
  endfacet
  facet normal -0.923888 -0.381197 -0.0334636
    outer loop
      vertex -30.7811 133.24 6.59186
      vertex -30.6809 133.093 5.5
      vertex -30.6809 132.999 6.57079
    endloop
  endfacet
  facet normal -0.887063 -0.459902 -0.0401138
    outer loop
      vertex -30.7811 133.335 5.5
      vertex -30.9019 133.471 6.6121
      vertex -30.9019 133.568 5.5
    endloop
  endfacet
  facet normal -0.886872 -0.460275 -0.0400474
    outer loop
      vertex -30.9019 133.471 6.6121
      vertex -30.7811 133.335 5.5
      vertex -30.7811 133.24 6.59186
    endloop
  endfacet
  facet normal -0.79262 -0.607421 -0.0528454
    outer loop
      vertex -31.0425 133.79 5.5
      vertex -31.2019 133.898 6.64943
      vertex -31.2019 133.998 5.5
    endloop
  endfacet
  facet normal -0.793432 -0.606342 -0.0530595
    outer loop
      vertex -31.2019 133.898 6.64943
      vertex -31.0425 133.79 5.5
      vertex -31.0425 133.691 6.63133
    endloop
  endfacet
  facet normal 0.133219 -0.987342 -0.0860734
    outer loop
      vertex -33.7615 135.063 5.5
      vertex -34.0209 134.92 6.73886
      vertex -34.0209 135.028 5.5
    endloop
  endfacet
  facet normal 0.130447 -0.987658 -0.0866904
    outer loop
      vertex -34.0209 134.92 6.73886
      vertex -33.7615 135.063 5.5
      vertex -33.7615 134.954 6.74183
    endloop
  endfacet
  facet normal -0.130447 -0.987658 -0.0866904
    outer loop
      vertex -33.2385 135.063 5.5
      vertex -32.9791 134.92 6.73886
      vertex -33.2385 134.954 6.74183
    endloop
  endfacet
  facet normal -0.133219 -0.987342 -0.0860734
    outer loop
      vertex -32.9791 134.92 6.73886
      vertex -33.2385 135.063 5.5
      vertex -32.9791 135.028 5.5
    endloop
  endfacet
  facet normal 0.953867 -0.299081 -0.026255
    outer loop
      vertex -36.3191 132.999 6.57079
      vertex -36.3978 132.842 5.5
      vertex -36.3191 133.093 5.5
    endloop
  endfacet
  facet normal 0.953836 -0.29918 -0.0262381
    outer loop
      vertex -36.3978 132.842 5.5
      vertex -36.3191 132.999 6.57079
      vertex -36.3978 132.75 6.54903
    endloop
  endfacet
  facet normal 0.999047 -0.04347 -0.00380955
    outer loop
      vertex -36.4886 132.237 6.50415
      vertex -36.5 132.063 5.5
      vertex -36.4886 132.325 5.5
    endloop
  endfacet
  facet normal 0.999047 -0.0434705 -0.00380947
    outer loop
      vertex -36.5 132.063 5.5
      vertex -36.4886 132.237 6.50415
      vertex -36.5 131.977 6.48136
    endloop
  endfacet
  facet normal 0.460885 -0.884062 -0.0775878
    outer loop
      vertex -34.7679 134.792 5.5
      vertex -35 134.565 6.7078
      vertex -35 134.671 5.5
    endloop
  endfacet
  facet normal 0.460658 -0.884175 -0.0776528
    outer loop
      vertex -35 134.565 6.7078
      vertex -34.7679 134.792 5.5
      vertex -34.7679 134.685 6.71833
    endloop
  endfacet
  facet normal 0.923976 0.380997 0.0333185
    outer loop
      vertex -36.3191 130.955 6.39193
      vertex -36.2189 130.79 5.5
      vertex -36.3191 131.033 5.5
    endloop
  endfacet
  facet normal 0.923888 0.381214 0.0332686
    outer loop
      vertex -36.2189 130.79 5.5
      vertex -36.3191 130.955 6.39193
      vertex -36.2189 130.714 6.37086
    endloop
  endfacet
  facet normal 0.0422006 -0.995283 -0.0873596
    outer loop
      vertex -33.7615 135.063 5.5
      vertex -33.5 134.965 6.74283
      vertex -33.7615 134.954 6.74183
    endloop
  endfacet
  facet normal 0.0418674 -0.995303 -0.0872911
    outer loop
      vertex -33.5 134.965 6.74283
      vertex -33.7615 135.063 5.5
      vertex -33.5 135.074 5.5
    endloop
  endfacet
  facet normal 0.843895 -0.534467 -0.0467699
    outer loop
      vertex -35.9575 133.691 6.63133
      vertex -36.0981 133.568 5.5
      vertex -35.9575 133.79 5.5
    endloop
  endfacet
  facet normal 0.843547 -0.535024 -0.0466661
    outer loop
      vertex -36.0981 133.568 5.5
      vertex -35.9575 133.691 6.63133
      vertex -36.0981 133.471 6.6121
    endloop
  endfacet
  facet normal 0.991395 0.130407 0.0114276
    outer loop
      vertex -36.4886 131.716 6.45857
      vertex -36.4544 131.54 5.5
      vertex -36.4886 131.8 5.5
    endloop
  endfacet
  facet normal 0.991394 0.130416 0.0114258
    outer loop
      vertex -36.4544 131.54 5.5
      vertex -36.4886 131.716 6.45857
      vertex -36.4544 131.458 6.43596
    endloop
  endfacet
  facet normal 0.737837 0.672421 0.0587022
    outer loop
      vertex -35.7981 130.056 6.31329
      vertex -35.6213 129.933 5.5
      vertex -35.7981 130.127 5.5
    endloop
  endfacet
  facet normal 0.736913 0.673466 0.0583431
    outer loop
      vertex -35.6213 129.933 5.5
      vertex -35.7981 130.056 6.31329
      vertex -35.6213 129.864 6.29648
    endloop
  endfacet
  facet normal 0.676757 -0.733407 -0.0641436
    outer loop
      vertex -35.4284 134.37 5.5
      vertex -35.6213 134.09 6.66625
      vertex -35.6213 134.192 5.5
    endloop
  endfacet
  facet normal 0.675409 -0.734603 -0.0646537
    outer loop
      vertex -35.6213 134.09 6.66625
      vertex -35.4284 134.37 5.5
      vertex -35.4284 134.266 6.68166
    endloop
  endfacet
  facet normal 0.608808 0.790309 0.0690199
    outer loop
      vertex -35.4284 129.756 5.5
      vertex -35.2207 129.529 6.26718
      vertex -35.2207 129.596 5.5
    endloop
  endfacet
  facet normal 0.609318 0.789938 0.068772
    outer loop
      vertex -35.2207 129.529 6.26718
      vertex -35.4284 129.756 5.5
      vertex -35.4284 129.688 6.28107
    endloop
  endfacet
  facet normal -0.302784 -0.949429 -0.0830997
    outer loop
      vertex -32.7235 134.972 5.5
      vertex -32.4739 134.785 6.72706
      vertex -32.7235 134.864 6.73392
    endloop
  endfacet
  facet normal -0.300696 -0.950047 -0.0836187
    outer loop
      vertex -32.4739 134.785 6.72706
      vertex -32.7235 134.972 5.5
      vertex -32.4739 134.893 5.5
    endloop
  endfacet
  facet normal 0.536927 0.840423 0.0734753
    outer loop
      vertex -35.2207 129.596 5.5
      vertex -35 129.389 6.25492
      vertex -35 129.455 5.5
    endloop
  endfacet
  facet normal 0.537121 0.840307 0.0733864
    outer loop
      vertex -35 129.389 6.25492
      vertex -35.2207 129.596 5.5
      vertex -35.2207 129.529 6.26718
    endloop
  endfacet
  facet normal 0.674701 0.73531 0.0640161
    outer loop
      vertex -35.6213 129.933 5.5
      vertex -35.4284 129.688 6.28107
      vertex -35.4284 129.756 5.5
    endloop
  endfacet
  facet normal 0.675409 0.734691 0.0636472
    outer loop
      vertex -35.4284 129.688 6.28107
      vertex -35.6213 129.933 5.5
      vertex -35.6213 129.864 6.29648
    endloop
  endfacet
  facet normal -0.737837 0.672421 0.0587022
    outer loop
      vertex -31.3787 129.933 5.5
      vertex -31.2019 130.056 6.31329
      vertex -31.2019 130.127 5.5
    endloop
  endfacet
  facet normal -0.736913 0.673466 0.0583431
    outer loop
      vertex -31.2019 130.056 6.31329
      vertex -31.3787 129.933 5.5
      vertex -31.3787 129.864 6.29648
    endloop
  endfacet
  facet normal 0.99146 -0.129915 -0.0113875
    outer loop
      vertex -36.4544 132.496 6.52677
      vertex -36.4886 132.325 5.5
      vertex -36.4544 132.586 5.5
    endloop
  endfacet
  facet normal 0.991459 -0.129924 -0.0113861
    outer loop
      vertex -36.4886 132.325 5.5
      vertex -36.4544 132.496 6.52677
      vertex -36.4886 132.237 6.50415
    endloop
  endfacet
  facet normal -0.609318 0.789938 0.068772
    outer loop
      vertex -31.5716 129.756 5.5
      vertex -31.7793 129.529 6.26718
      vertex -31.5716 129.688 6.28107
    endloop
  endfacet
  facet normal -0.608808 0.790309 0.0690199
    outer loop
      vertex -31.7793 129.529 6.26718
      vertex -31.5716 129.756 5.5
      vertex -31.7793 129.596 5.5
    endloop
  endfacet
  facet normal 0.887063 -0.459902 -0.0401138
    outer loop
      vertex -36.0981 133.471 6.6121
      vertex -36.2189 133.335 5.5
      vertex -36.0981 133.568 5.5
    endloop
  endfacet
  facet normal 0.886872 -0.460275 -0.0400474
    outer loop
      vertex -36.2189 133.335 5.5
      vertex -36.0981 133.471 6.6121
      vertex -36.2189 133.24 6.59186
    endloop
  endfacet
  facet normal 0.463891 0.882534 0.0770627
    outer loop
      vertex -35 129.455 5.5
      vertex -34.7679 129.268 6.24439
      vertex -34.7679 129.333 5.5
    endloop
  endfacet
  facet normal 0.463651 0.882651 0.0771671
    outer loop
      vertex -34.7679 129.268 6.24439
      vertex -35 129.455 5.5
      vertex -35 129.389 6.25492
    endloop
  endfacet
  facet normal 0.737833 -0.672417 -0.0588094
    outer loop
      vertex -35.6213 134.09 6.66625
      vertex -35.7981 133.998 5.5
      vertex -35.6213 134.192 5.5
    endloop
  endfacet
  facet normal 0.736914 -0.673442 -0.0585893
    outer loop
      vertex -35.7981 133.998 5.5
      vertex -35.6213 134.09 6.66625
      vertex -35.7981 133.898 6.64943
    endloop
  endfacet
  facet normal -0.976245 -0.215842 -0.0189293
    outer loop
      vertex 36.4544 132.586 5.5
      vertex 36.3978 132.75 6.54903
      vertex 36.3978 132.842 5.5
    endloop
  endfacet
  facet normal -0.976236 -0.215881 -0.0189227
    outer loop
      vertex 36.3978 132.75 6.54903
      vertex 36.4544 132.586 5.5
      vertex 36.4544 132.496 6.52677
    endloop
  endfacet
  facet normal -0.99146 -0.129915 -0.0113875
    outer loop
      vertex 36.4886 132.325 5.5
      vertex 36.4544 132.496 6.52677
      vertex 36.4544 132.586 5.5
    endloop
  endfacet
  facet normal -0.991459 -0.129924 -0.0113861
    outer loop
      vertex 36.4544 132.496 6.52677
      vertex 36.4886 132.325 5.5
      vertex 36.4886 132.237 6.50415
    endloop
  endfacet
  facet normal -0.999047 -0.04347 -0.00380955
    outer loop
      vertex 36.5 132.063 5.5
      vertex 36.4886 132.237 6.50415
      vertex 36.4886 132.325 5.5
    endloop
  endfacet
  facet normal -0.999047 -0.0434705 -0.00380947
    outer loop
      vertex 36.4886 132.237 6.50415
      vertex 36.5 132.063 5.5
      vertex 36.5 131.977 6.48136
    endloop
  endfacet
  facet normal -0.130447 -0.987658 -0.0866904
    outer loop
      vertex 33.7615 135.063 5.5
      vertex 34.0209 134.92 6.73886
      vertex 33.7615 134.954 6.74183
    endloop
  endfacet
  facet normal -0.133219 -0.987342 -0.0860734
    outer loop
      vertex 34.0209 134.92 6.73886
      vertex 33.7615 135.063 5.5
      vertex 34.0209 135.028 5.5
    endloop
  endfacet
  facet normal 0.953867 -0.299081 -0.026255
    outer loop
      vertex 30.6809 132.999 6.57079
      vertex 30.6022 132.842 5.5
      vertex 30.6809 133.093 5.5
    endloop
  endfacet
  facet normal 0.953836 -0.29918 -0.0262381
    outer loop
      vertex 30.6022 132.842 5.5
      vertex 30.6809 132.999 6.57079
      vertex 30.6022 132.75 6.54903
    endloop
  endfacet
  facet normal 0.536913 -0.840402 -0.0738095
    outer loop
      vertex 32 134.671 5.5
      vertex 31.7793 134.425 6.69554
      vertex 31.7793 134.53 5.5
    endloop
  endfacet
  facet normal 0.537121 -0.840275 -0.073745
    outer loop
      vertex 31.7793 134.425 6.69554
      vertex 32 134.671 5.5
      vertex 32 134.565 6.7078
    endloop
  endfacet
  facet normal -0.214809 -0.972966 -0.0848202
    outer loop
      vertex 34.0209 135.028 5.5
      vertex 34.2765 134.864 6.73392
      vertex 34.0209 134.92 6.73886
    endloop
  endfacet
  facet normal -0.213238 -0.973279 -0.0851872
    outer loop
      vertex 34.2765 134.864 6.73392
      vertex 34.0209 135.028 5.5
      vertex 34.2765 134.972 5.5
    endloop
  endfacet
  facet normal 0.999055 0.043305 0.00379497
    outer loop
      vertex 30.5 131.977 6.48136
      vertex 30.5114 131.8 5.5
      vertex 30.5 132.063 5.5
    endloop
  endfacet
  facet normal 0.999055 0.0433055 0.00379488
    outer loop
      vertex 30.5114 131.8 5.5
      vertex 30.5 131.977 6.48136
      vertex 30.5114 131.716 6.45857
    endloop
  endfacet
  facet normal -0.302784 -0.949429 -0.0830997
    outer loop
      vertex 34.2765 134.972 5.5
      vertex 34.5261 134.785 6.72706
      vertex 34.2765 134.864 6.73392
    endloop
  endfacet
  facet normal -0.300696 -0.950047 -0.0836187
    outer loop
      vertex 34.5261 134.785 6.72706
      vertex 34.2765 134.972 5.5
      vertex 34.5261 134.893 5.5
    endloop
  endfacet
  facet normal 0.608786 -0.79028 -0.0695539
    outer loop
      vertex 31.7793 134.53 5.5
      vertex 31.5716 134.266 6.68166
      vertex 31.5716 134.37 5.5
    endloop
  endfacet
  facet normal 0.609316 -0.789887 -0.0693729
    outer loop
      vertex 31.5716 134.266 6.68166
      vertex 31.7793 134.53 5.5
      vertex 31.7793 134.425 6.69554
    endloop
  endfacet
  facet normal 0.384169 -0.919723 -0.0807748
    outer loop
      vertex 32.4739 134.893 5.5
      vertex 32.2321 134.685 6.71833
      vertex 32.2321 134.792 5.5
    endloop
  endfacet
  facet normal 0.383412 -0.920021 -0.0809759
    outer loop
      vertex 32.2321 134.685 6.71833
      vertex 32.4739 134.893 5.5
      vertex 32.4739 134.785 6.72706
    endloop
  endfacet
  facet normal -0.675409 0.734691 0.0636472
    outer loop
      vertex 35.6213 129.933 5.5
      vertex 35.4284 129.688 6.28107
      vertex 35.6213 129.864 6.29648
    endloop
  endfacet
  facet normal -0.674701 0.73531 0.0640161
    outer loop
      vertex 35.4284 129.688 6.28107
      vertex 35.6213 129.933 5.5
      vertex 35.4284 129.756 5.5
    endloop
  endfacet
  facet normal -0.991395 0.130407 0.0114276
    outer loop
      vertex 36.4544 131.54 5.5
      vertex 36.4886 131.716 6.45857
      vertex 36.4886 131.8 5.5
    endloop
  endfacet
  facet normal -0.991394 0.130416 0.0114258
    outer loop
      vertex 36.4886 131.716 6.45857
      vertex 36.4544 131.54 5.5
      vertex 36.4544 131.458 6.43596
    endloop
  endfacet
  facet normal 0.608808 0.790309 0.0690199
    outer loop
      vertex 31.5716 129.756 5.5
      vertex 31.7793 129.529 6.26718
      vertex 31.7793 129.596 5.5
    endloop
  endfacet
  facet normal 0.609318 0.789938 0.068772
    outer loop
      vertex 31.7793 129.529 6.26718
      vertex 31.5716 129.756 5.5
      vertex 31.5716 129.688 6.28107
    endloop
  endfacet
  facet normal -0.953867 -0.299081 -0.026255
    outer loop
      vertex 36.3978 132.842 5.5
      vertex 36.3191 132.999 6.57079
      vertex 36.3191 133.093 5.5
    endloop
  endfacet
  facet normal -0.953836 -0.29918 -0.0262381
    outer loop
      vertex 36.3191 132.999 6.57079
      vertex 36.3978 132.842 5.5
      vertex 36.3978 132.75 6.54903
    endloop
  endfacet
  facet normal -0.675409 -0.734603 -0.0646537
    outer loop
      vertex 35.4284 134.37 5.5
      vertex 35.6213 134.09 6.66625
      vertex 35.4284 134.266 6.68166
    endloop
  endfacet
  facet normal -0.676757 -0.733407 -0.0641436
    outer loop
      vertex 35.6213 134.09 6.66625
      vertex 35.4284 134.37 5.5
      vertex 35.6213 134.192 5.5
    endloop
  endfacet
  facet normal -0.609316 -0.789887 -0.0693729
    outer loop
      vertex 35.2207 134.53 5.5
      vertex 35.4284 134.266 6.68166
      vertex 35.2207 134.425 6.69554
    endloop
  endfacet
  facet normal -0.608786 -0.79028 -0.0695539
    outer loop
      vertex 35.4284 134.266 6.68166
      vertex 35.2207 134.53 5.5
      vertex 35.4284 134.37 5.5
    endloop
  endfacet
  facet normal 0.887062 0.459902 0.0401357
    outer loop
      vertex 30.7811 130.714 6.37086
      vertex 30.9019 130.557 5.5
      vertex 30.7811 130.79 5.5
    endloop
  endfacet
  facet normal 0.886872 0.460277 0.0400415
    outer loop
      vertex 30.9019 130.557 5.5
      vertex 30.7811 130.714 6.37086
      vertex 30.9019 130.483 6.35063
    endloop
  endfacet
  facet normal -0.79263 0.607429 0.0526045
    outer loop
      vertex 35.7981 130.127 5.5
      vertex 35.9575 130.263 6.33139
      vertex 35.9575 130.335 5.5
    endloop
  endfacet
  facet normal -0.793432 0.606353 0.0529344
    outer loop
      vertex 35.9575 130.263 6.33139
      vertex 35.7981 130.127 5.5
      vertex 35.7981 130.056 6.31329
    endloop
  endfacet
  facet normal -0.79262 -0.607421 -0.0528454
    outer loop
      vertex 35.9575 133.79 5.5
      vertex 35.7981 133.898 6.64943
      vertex 35.7981 133.998 5.5
    endloop
  endfacet
  facet normal -0.793432 -0.606342 -0.0530595
    outer loop
      vertex 35.7981 133.898 6.64943
      vertex 35.9575 133.79 5.5
      vertex 35.9575 133.691 6.63133
    endloop
  endfacet
  facet normal -0.976423 0.215041 0.0188399
    outer loop
      vertex 36.3978 131.283 5.5
      vertex 36.4544 131.458 6.43596
      vertex 36.4544 131.54 5.5
    endloop
  endfacet
  facet normal -0.976415 0.215081 0.0188319
    outer loop
      vertex 36.4544 131.458 6.43596
      vertex 36.3978 131.283 5.5
      vertex 36.3978 131.203 6.41369
    endloop
  endfacet
  facet normal 0.737837 0.672421 0.0587022
    outer loop
      vertex 31.2019 130.056 6.31329
      vertex 31.3787 129.933 5.5
      vertex 31.2019 130.127 5.5
    endloop
  endfacet
  facet normal 0.736913 0.673466 0.0583431
    outer loop
      vertex 31.3787 129.933 5.5
      vertex 31.2019 130.056 6.31329
      vertex 31.3787 129.864 6.29648
    endloop
  endfacet
  facet normal -0.460658 -0.884175 -0.0776528
    outer loop
      vertex 34.7679 134.792 5.5
      vertex 35 134.565 6.7078
      vertex 34.7679 134.685 6.71833
    endloop
  endfacet
  facet normal -0.460885 -0.884062 -0.0775878
    outer loop
      vertex 35 134.565 6.7078
      vertex 34.7679 134.792 5.5
      vertex 35 134.671 5.5
    endloop
  endfacet
  facet normal -0.537121 -0.840275 -0.073745
    outer loop
      vertex 35 134.671 5.5
      vertex 35.2207 134.425 6.69554
      vertex 35 134.565 6.7078
    endloop
  endfacet
  facet normal -0.536913 -0.840402 -0.0738095
    outer loop
      vertex 35.2207 134.425 6.69554
      vertex 35 134.671 5.5
      vertex 35.2207 134.53 5.5
    endloop
  endfacet
  facet normal 0.676757 -0.733407 -0.0641436
    outer loop
      vertex 31.5716 134.37 5.5
      vertex 31.3787 134.09 6.66625
      vertex 31.3787 134.192 5.5
    endloop
  endfacet
  facet normal 0.675409 -0.734603 -0.0646537
    outer loop
      vertex 31.3787 134.09 6.66625
      vertex 31.5716 134.37 5.5
      vertex 31.5716 134.266 6.68166
    endloop
  endfacet
  facet normal -0.923422 -0.382342 -0.0332667
    outer loop
      vertex 36.3191 133.093 5.5
      vertex 36.2189 133.24 6.59186
      vertex 36.2189 133.335 5.5
    endloop
  endfacet
  facet normal -0.923888 -0.381197 -0.0334636
    outer loop
      vertex 36.2189 133.24 6.59186
      vertex 36.3191 133.093 5.5
      vertex 36.3191 132.999 6.57079
    endloop
  endfacet
  facet normal -0.923976 0.380997 0.0333185
    outer loop
      vertex 36.2189 130.79 5.5
      vertex 36.3191 130.955 6.39193
      vertex 36.3191 131.033 5.5
    endloop
  endfacet
  facet normal -0.923888 0.381214 0.0332686
    outer loop
      vertex 36.3191 130.955 6.39193
      vertex 36.2189 130.79 5.5
      vertex 36.2189 130.714 6.37086
    endloop
  endfacet
  facet normal -0.383412 -0.920021 -0.0809759
    outer loop
      vertex 34.5261 134.893 5.5
      vertex 34.7679 134.685 6.71833
      vertex 34.5261 134.785 6.72706
    endloop
  endfacet
  facet normal -0.384169 -0.919723 -0.0807748
    outer loop
      vertex 34.7679 134.685 6.71833
      vertex 34.5261 134.893 5.5
      vertex 34.7679 134.792 5.5
    endloop
  endfacet
  facet normal 0.953524 0.300169 0.0262819
    outer loop
      vertex 30.6022 131.203 6.41369
      vertex 30.6809 131.033 5.5
      vertex 30.6022 131.283 5.5
    endloop
  endfacet
  facet normal 0.953491 0.300276 0.0262593
    outer loop
      vertex 30.6809 131.033 5.5
      vertex 30.6022 131.203 6.41369
      vertex 30.6809 130.955 6.39193
    endloop
  endfacet
  facet normal -0.999055 0.043305 0.00379497
    outer loop
      vertex 36.4886 131.8 5.5
      vertex 36.5 131.977 6.48136
      vertex 36.5 132.063 5.5
    endloop
  endfacet
  facet normal -0.999055 0.0433055 0.00379488
    outer loop
      vertex 36.5 131.977 6.48136
      vertex 36.4886 131.8 5.5
      vertex 36.4886 131.716 6.45857
    endloop
  endfacet
  facet normal -0.045999 0.995149 0.086968
    outer loop
      vertex 33.7615 129.063 5.5
      vertex 33.5 128.988 6.21989
      vertex 33.7615 129 6.22089
    endloop
  endfacet
  facet normal -0.0456667 0.995153 0.0870892
    outer loop
      vertex 33.5 128.988 6.21989
      vertex 33.7615 129.063 5.5
      vertex 33.5 129.051 5.5
    endloop
  endfacet
  facet normal -0.609318 0.789938 0.068772
    outer loop
      vertex 35.4284 129.756 5.5
      vertex 35.2207 129.529 6.26718
      vertex 35.4284 129.688 6.28107
    endloop
  endfacet
  facet normal -0.608808 0.790309 0.0690199
    outer loop
      vertex 35.2207 129.529 6.26718
      vertex 35.4284 129.756 5.5
      vertex 35.2207 129.596 5.5
    endloop
  endfacet
  facet normal 0.300696 -0.950047 -0.0836187
    outer loop
      vertex 32.7235 134.972 5.5
      vertex 32.4739 134.785 6.72706
      vertex 32.4739 134.893 5.5
    endloop
  endfacet
  facet normal 0.302784 -0.949429 -0.0830997
    outer loop
      vertex 32.4739 134.785 6.72706
      vertex 32.7235 134.972 5.5
      vertex 32.7235 134.864 6.73392
    endloop
  endfacet
  facet normal 0.0422006 -0.995283 -0.0873596
    outer loop
      vertex 33.2385 135.063 5.5
      vertex 33.5 134.965 6.74283
      vertex 33.2385 134.954 6.74183
    endloop
  endfacet
  facet normal 0.0418674 -0.995303 -0.0872911
    outer loop
      vertex 33.5 134.965 6.74283
      vertex 33.2385 135.063 5.5
      vertex 33.5 135.074 5.5
    endloop
  endfacet
  facet normal 0.976245 -0.215842 -0.0189293
    outer loop
      vertex 30.6022 132.75 6.54903
      vertex 30.5456 132.586 5.5
      vertex 30.6022 132.842 5.5
    endloop
  endfacet
  facet normal 0.976236 -0.215881 -0.0189227
    outer loop
      vertex 30.5456 132.586 5.5
      vertex 30.6022 132.75 6.54903
      vertex 30.5456 132.496 6.52677
    endloop
  endfacet
  facet normal -0.537121 0.840307 0.0733864
    outer loop
      vertex 35.2207 129.596 5.5
      vertex 35 129.389 6.25492
      vertex 35.2207 129.529 6.26718
    endloop
  endfacet
  facet normal -0.536927 0.840423 0.0734753
    outer loop
      vertex 35 129.389 6.25492
      vertex 35.2207 129.596 5.5
      vertex 35 129.455 5.5
    endloop
  endfacet
  facet normal -0.13045 0.987721 0.0859635
    outer loop
      vertex 34.0209 129.097 5.5
      vertex 33.7615 129 6.22089
      vertex 34.0209 129.034 6.22387
    endloop
  endfacet
  facet normal -0.129475 0.987818 0.0863273
    outer loop
      vertex 33.7615 129 6.22089
      vertex 34.0209 129.097 5.5
      vertex 33.7615 129.063 5.5
    endloop
  endfacet
  facet normal -0.953524 0.300169 0.0262819
    outer loop
      vertex 36.3191 131.033 5.5
      vertex 36.3978 131.203 6.41369
      vertex 36.3978 131.283 5.5
    endloop
  endfacet
  facet normal -0.953491 0.300276 0.0262593
    outer loop
      vertex 36.3978 131.203 6.41369
      vertex 36.3191 131.033 5.5
      vertex 36.3191 130.955 6.39193
    endloop
  endfacet
  facet normal -0.843905 0.534473 0.0464962
    outer loop
      vertex 35.9575 130.335 5.5
      vertex 36.0981 130.483 6.35063
      vertex 36.0981 130.557 5.5
    endloop
  endfacet
  facet normal -0.843548 0.535051 0.0463365
    outer loop
      vertex 36.0981 130.483 6.35063
      vertex 35.9575 130.335 5.5
      vertex 35.9575 130.263 6.33139
    endloop
  endfacet
  facet normal -0.0422006 -0.995289 -0.0872899
    outer loop
      vertex 33.5 135.074 5.5
      vertex 33.7615 134.954 6.74183
      vertex 33.5 134.965 6.74283
    endloop
  endfacet
  facet normal -0.0418672 -0.995297 -0.0873608
    outer loop
      vertex 33.7615 134.954 6.74183
      vertex 33.5 135.074 5.5
      vertex 33.7615 135.063 5.5
    endloop
  endfacet
  facet normal 0.923976 0.380997 0.0333185
    outer loop
      vertex 30.6809 130.955 6.39193
      vertex 30.7811 130.79 5.5
      vertex 30.6809 131.033 5.5
    endloop
  endfacet
  facet normal 0.923888 0.381214 0.0332686
    outer loop
      vertex 30.7811 130.79 5.5
      vertex 30.6809 130.955 6.39193
      vertex 30.7811 130.714 6.37086
    endloop
  endfacet
  facet normal -0.887063 -0.459902 -0.0401138
    outer loop
      vertex 36.2189 133.335 5.5
      vertex 36.0981 133.471 6.6121
      vertex 36.0981 133.568 5.5
    endloop
  endfacet
  facet normal -0.886872 -0.460275 -0.0400474
    outer loop
      vertex 36.0981 133.471 6.6121
      vertex 36.2189 133.335 5.5
      vertex 36.2189 133.24 6.59186
    endloop
  endfacet
  facet normal -0.302784 0.949473 0.082601
    outer loop
      vertex 34.5261 129.233 5.5
      vertex 34.2765 129.09 6.2288
      vertex 34.5261 129.169 6.23566
    endloop
  endfacet
  facet normal -0.300701 0.950062 0.0834303
    outer loop
      vertex 34.2765 129.09 6.2288
      vertex 34.5261 129.233 5.5
      vertex 34.2765 129.154 5.5
    endloop
  endfacet
  facet normal 0.129475 0.987818 0.0863273
    outer loop
      vertex 32.9791 129.097 5.5
      vertex 33.2385 129 6.22089
      vertex 33.2385 129.063 5.5
    endloop
  endfacet
  facet normal 0.13045 0.987721 0.0859635
    outer loop
      vertex 33.2385 129 6.22089
      vertex 32.9791 129.097 5.5
      vertex 32.9791 129.034 6.22387
    endloop
  endfacet
  facet normal -0.843895 -0.534467 -0.0467699
    outer loop
      vertex 36.0981 133.568 5.5
      vertex 35.9575 133.691 6.63133
      vertex 35.9575 133.79 5.5
    endloop
  endfacet
  facet normal -0.843547 -0.535024 -0.0466661
    outer loop
      vertex 35.9575 133.691 6.63133
      vertex 36.0981 133.568 5.5
      vertex 36.0981 133.471 6.6121
    endloop
  endfacet
  facet normal 0.999047 -0.04347 -0.00380955
    outer loop
      vertex 30.5114 132.237 6.50415
      vertex 30.5 132.063 5.5
      vertex 30.5114 132.325 5.5
    endloop
  endfacet
  facet normal 0.999047 -0.0434705 -0.00380947
    outer loop
      vertex 30.5 132.063 5.5
      vertex 30.5114 132.237 6.50415
      vertex 30.5 131.977 6.48136
    endloop
  endfacet
  facet normal 0.737833 -0.672417 -0.0588094
    outer loop
      vertex 31.3787 134.09 6.66625
      vertex 31.2019 133.998 5.5
      vertex 31.3787 134.192 5.5
    endloop
  endfacet
  facet normal 0.736914 -0.673442 -0.0585893
    outer loop
      vertex 31.2019 133.998 5.5
      vertex 31.3787 134.09 6.66625
      vertex 31.2019 133.898 6.64943
    endloop
  endfacet
  facet normal 0.843905 0.534473 0.0464962
    outer loop
      vertex 30.9019 130.483 6.35063
      vertex 31.0425 130.335 5.5
      vertex 30.9019 130.557 5.5
    endloop
  endfacet
  facet normal 0.843548 0.535051 0.0463365
    outer loop
      vertex 31.0425 130.335 5.5
      vertex 30.9019 130.483 6.35063
      vertex 31.0425 130.263 6.33139
    endloop
  endfacet
  facet normal 0.843895 -0.534467 -0.0467699
    outer loop
      vertex 31.0425 133.691 6.63133
      vertex 30.9019 133.568 5.5
      vertex 31.0425 133.79 5.5
    endloop
  endfacet
  facet normal 0.843547 -0.535024 -0.0466661
    outer loop
      vertex 30.9019 133.568 5.5
      vertex 31.0425 133.691 6.63133
      vertex 30.9019 133.471 6.6121
    endloop
  endfacet
  facet normal 0.460885 -0.884062 -0.0775878
    outer loop
      vertex 32.2321 134.792 5.5
      vertex 32 134.565 6.7078
      vertex 32 134.671 5.5
    endloop
  endfacet
  facet normal 0.460658 -0.884175 -0.0776528
    outer loop
      vertex 32 134.565 6.7078
      vertex 32.2321 134.792 5.5
      vertex 32.2321 134.685 6.71833
    endloop
  endfacet
  facet normal 0.991395 0.130407 0.0114276
    outer loop
      vertex 30.5114 131.716 6.45857
      vertex 30.5456 131.54 5.5
      vertex 30.5114 131.8 5.5
    endloop
  endfacet
  facet normal 0.991394 0.130416 0.0114258
    outer loop
      vertex 30.5456 131.54 5.5
      vertex 30.5114 131.716 6.45857
      vertex 30.5456 131.458 6.43596
    endloop
  endfacet
  facet normal 0.216877 0.972523 0.0846408
    outer loop
      vertex 32.7235 129.154 5.5
      vertex 32.9791 129.034 6.22387
      vertex 32.9791 129.097 5.5
    endloop
  endfacet
  facet normal 0.214806 0.972913 0.0854369
    outer loop
      vertex 32.9791 129.034 6.22387
      vertex 32.7235 129.154 5.5
      vertex 32.7235 129.09 6.2288
    endloop
  endfacet
  facet normal 0.133219 -0.987342 -0.0860734
    outer loop
      vertex 33.2385 135.063 5.5
      vertex 32.9791 134.92 6.73886
      vertex 32.9791 135.028 5.5
    endloop
  endfacet
  facet normal 0.130447 -0.987658 -0.0866904
    outer loop
      vertex 32.9791 134.92 6.73886
      vertex 33.2385 135.063 5.5
      vertex 33.2385 134.954 6.74183
    endloop
  endfacet
  facet normal -0.463651 0.882651 0.0771671
    outer loop
      vertex 35 129.455 5.5
      vertex 34.7679 129.268 6.24439
      vertex 35 129.389 6.25492
    endloop
  endfacet
  facet normal -0.463891 0.882534 0.0770627
    outer loop
      vertex 34.7679 129.268 6.24439
      vertex 35 129.455 5.5
      vertex 34.7679 129.333 5.5
    endloop
  endfacet
  facet normal -0.380159 0.921415 0.0804578
    outer loop
      vertex 34.7679 129.333 5.5
      vertex 34.5261 129.169 6.23566
      vertex 34.7679 129.268 6.24439
    endloop
  endfacet
  facet normal -0.380943 0.921119 0.0801344
    outer loop
      vertex 34.5261 129.169 6.23566
      vertex 34.7679 129.333 5.5
      vertex 34.5261 129.233 5.5
    endloop
  endfacet
  facet normal -0.737833 -0.672417 -0.0588094
    outer loop
      vertex 35.7981 133.998 5.5
      vertex 35.6213 134.09 6.66625
      vertex 35.6213 134.192 5.5
    endloop
  endfacet
  facet normal -0.736914 -0.673442 -0.0585893
    outer loop
      vertex 35.6213 134.09 6.66625
      vertex 35.7981 133.998 5.5
      vertex 35.7981 133.898 6.64943
    endloop
  endfacet
  facet normal 0.674701 0.73531 0.0640161
    outer loop
      vertex 31.3787 129.933 5.5
      vertex 31.5716 129.688 6.28107
      vertex 31.5716 129.756 5.5
    endloop
  endfacet
  facet normal 0.675409 0.734691 0.0636472
    outer loop
      vertex 31.5716 129.688 6.28107
      vertex 31.3787 129.933 5.5
      vertex 31.3787 129.864 6.29648
    endloop
  endfacet
  facet normal 0.536927 0.840423 0.0734753
    outer loop
      vertex 31.7793 129.596 5.5
      vertex 32 129.389 6.25492
      vertex 32 129.455 5.5
    endloop
  endfacet
  facet normal 0.537121 0.840307 0.0733864
    outer loop
      vertex 32 129.389 6.25492
      vertex 31.7793 129.596 5.5
      vertex 31.7793 129.529 6.26718
    endloop
  endfacet
  facet normal -0.887062 0.459902 0.0401357
    outer loop
      vertex 36.0981 130.557 5.5
      vertex 36.2189 130.714 6.37086
      vertex 36.2189 130.79 5.5
    endloop
  endfacet
  facet normal -0.886872 0.460277 0.0400415
    outer loop
      vertex 36.2189 130.714 6.37086
      vertex 36.0981 130.557 5.5
      vertex 36.0981 130.483 6.35063
    endloop
  endfacet
  facet normal 0.380943 0.921119 0.0801344
    outer loop
      vertex 32.2321 129.333 5.5
      vertex 32.4739 129.169 6.23566
      vertex 32.4739 129.233 5.5
    endloop
  endfacet
  facet normal 0.380159 0.921415 0.0804578
    outer loop
      vertex 32.4739 129.169 6.23566
      vertex 32.2321 129.333 5.5
      vertex 32.2321 129.268 6.24439
    endloop
  endfacet
  facet normal 0.79263 0.607429 0.0526045
    outer loop
      vertex 31.0425 130.263 6.33139
      vertex 31.2019 130.127 5.5
      vertex 31.0425 130.335 5.5
    endloop
  endfacet
  facet normal 0.793432 0.606353 0.0529344
    outer loop
      vertex 31.2019 130.127 5.5
      vertex 31.0425 130.263 6.33139
      vertex 31.2019 130.056 6.31329
    endloop
  endfacet
  facet normal 0.976423 0.215041 0.0188399
    outer loop
      vertex 30.5456 131.458 6.43596
      vertex 30.6022 131.283 5.5
      vertex 30.5456 131.54 5.5
    endloop
  endfacet
  facet normal 0.976415 0.215081 0.0188319
    outer loop
      vertex 30.6022 131.283 5.5
      vertex 30.5456 131.458 6.43596
      vertex 30.6022 131.203 6.41369
    endloop
  endfacet
  facet normal 0.213238 -0.973279 -0.0851872
    outer loop
      vertex 32.9791 135.028 5.5
      vertex 32.7235 134.864 6.73392
      vertex 32.7235 134.972 5.5
    endloop
  endfacet
  facet normal 0.214809 -0.972966 -0.0848202
    outer loop
      vertex 32.7235 134.864 6.73392
      vertex 32.9791 135.028 5.5
      vertex 32.9791 134.92 6.73886
    endloop
  endfacet
  facet normal 0.923422 -0.382342 -0.0332667
    outer loop
      vertex 30.7811 133.24 6.59186
      vertex 30.6809 133.093 5.5
      vertex 30.7811 133.335 5.5
    endloop
  endfacet
  facet normal 0.923888 -0.381197 -0.0334636
    outer loop
      vertex 30.6809 133.093 5.5
      vertex 30.7811 133.24 6.59186
      vertex 30.6809 132.999 6.57079
    endloop
  endfacet
  facet normal 0.045999 0.995138 0.0870879
    outer loop
      vertex 33.5 129.051 5.5
      vertex 33.2385 129 6.22089
      vertex 33.5 128.988 6.21989
    endloop
  endfacet
  facet normal 0.0456672 0.995164 0.0869693
    outer loop
      vertex 33.2385 129 6.22089
      vertex 33.5 129.051 5.5
      vertex 33.2385 129.063 5.5
    endloop
  endfacet
  facet normal 0.99146 -0.129915 -0.0113875
    outer loop
      vertex 30.5456 132.496 6.52677
      vertex 30.5114 132.325 5.5
      vertex 30.5456 132.586 5.5
    endloop
  endfacet
  facet normal 0.991459 -0.129924 -0.0113861
    outer loop
      vertex 30.5114 132.325 5.5
      vertex 30.5456 132.496 6.52677
      vertex 30.5114 132.237 6.50415
    endloop
  endfacet
  facet normal 0.300701 0.950062 0.0834303
    outer loop
      vertex 32.4739 129.233 5.5
      vertex 32.7235 129.09 6.2288
      vertex 32.7235 129.154 5.5
    endloop
  endfacet
  facet normal 0.302784 0.949473 0.082601
    outer loop
      vertex 32.7235 129.09 6.2288
      vertex 32.4739 129.233 5.5
      vertex 32.4739 129.169 6.23566
    endloop
  endfacet
  facet normal -0.214806 0.972913 0.0854369
    outer loop
      vertex 34.2765 129.154 5.5
      vertex 34.0209 129.034 6.22387
      vertex 34.2765 129.09 6.2288
    endloop
  endfacet
  facet normal -0.216877 0.972523 0.0846408
    outer loop
      vertex 34.0209 129.034 6.22387
      vertex 34.2765 129.154 5.5
      vertex 34.0209 129.097 5.5
    endloop
  endfacet
  facet normal -0.737837 0.672421 0.0587022
    outer loop
      vertex 35.6213 129.933 5.5
      vertex 35.7981 130.056 6.31329
      vertex 35.7981 130.127 5.5
    endloop
  endfacet
  facet normal -0.736913 0.673466 0.0583431
    outer loop
      vertex 35.7981 130.056 6.31329
      vertex 35.6213 129.933 5.5
      vertex 35.6213 129.864 6.29648
    endloop
  endfacet
  facet normal 0.463891 0.882534 0.0770627
    outer loop
      vertex 32 129.455 5.5
      vertex 32.2321 129.268 6.24439
      vertex 32.2321 129.333 5.5
    endloop
  endfacet
  facet normal 0.463651 0.882651 0.0771671
    outer loop
      vertex 32.2321 129.268 6.24439
      vertex 32 129.455 5.5
      vertex 32 129.389 6.25492
    endloop
  endfacet
  facet normal 0.79262 -0.607421 -0.0528454
    outer loop
      vertex 31.2019 133.898 6.64943
      vertex 31.0425 133.79 5.5
      vertex 31.2019 133.998 5.5
    endloop
  endfacet
  facet normal 0.793432 -0.606342 -0.0530595
    outer loop
      vertex 31.0425 133.79 5.5
      vertex 31.2019 133.898 6.64943
      vertex 31.0425 133.691 6.63133
    endloop
  endfacet
  facet normal 0.887063 -0.459902 -0.0401138
    outer loop
      vertex 30.9019 133.471 6.6121
      vertex 30.7811 133.335 5.5
      vertex 30.9019 133.568 5.5
    endloop
  endfacet
  facet normal 0.886872 -0.460275 -0.0400474
    outer loop
      vertex 30.7811 133.335 5.5
      vertex 30.9019 133.471 6.6121
      vertex 30.7811 133.24 6.59186
    endloop
  endfacet
  facet normal -0.000138652 -0.0871502 0.996195
    outer loop
      vertex 70 135.197 101.624
      vertex 67.4455 132.652 101.401
      vertex 70 112.284 99.6195
    endloop
  endfacet
  facet normal 0 -0.0872883 0.996183
    outer loop
      vertex 70 135.197 101.624
      vertex -67.4455 132.652 101.401
      vertex 67.4455 132.652 101.401
    endloop
  endfacet
  facet normal 0.000155976 -0.087133 0.996197
    outer loop
      vertex -67.4455 132.652 101.401
      vertex -70 135.197 101.624
      vertex -67.4455 114.829 99.8421
    endloop
  endfacet
  facet normal 0 -0.0872883 0.996183
    outer loop
      vertex -70 135.197 101.624
      vertex -67.4455 132.652 101.401
      vertex 70 135.197 101.624
    endloop
  endfacet
  facet normal -1.53164e-08 -0.087133 0.996197
    outer loop
      vertex 67.4455 114.829 99.8421
      vertex 70 112.284 99.6195
      vertex 67.4455 132.652 101.401
    endloop
  endfacet
  facet normal 0 -0.087133 0.996197
    outer loop
      vertex -67.4455 114.829 99.8421
      vertex 70 112.284 99.6195
      vertex 67.4455 114.829 99.8421
    endloop
  endfacet
  facet normal 0 -0.087133 0.996197
    outer loop
      vertex -67.4455 114.829 99.8421
      vertex -70 112.284 99.6195
      vertex 70 112.284 99.6195
    endloop
  endfacet
  facet normal 1.73382e-05 -0.0871502 0.996195
    outer loop
      vertex -70 112.284 99.6195
      vertex -67.4455 114.829 99.8421
      vertex -70 135.197 101.624
    endloop
  endfacet
  facet normal 0 0.996195 0.0871551
    outer loop
      vertex 70 143.062 11.726
      vertex -70 135.197 101.624
      vertex 70 135.197 101.624
    endloop
  endfacet
  facet normal 0 0.996195 0.0871551
    outer loop
      vertex 70 143.062 11.726
      vertex -70 143.062 11.726
      vertex -70 135.197 101.624
    endloop
  endfacet
  facet normal 0 0.996191 0.0872027
    outer loop
      vertex 70 143.607 5.5
      vertex -70 143.062 11.726
      vertex 70 143.062 11.726
    endloop
  endfacet
  facet normal 0 0.996191 0.0872027
    outer loop
      vertex -70 143.062 11.726
      vertex 70 143.607 5.5
      vertex -70 143.607 5.5
    endloop
  endfacet
  facet normal 0 -0.996194 -0.0871607
    outer loop
      vertex -70 119.06 22.1739
      vertex 70 112.284 99.6195
      vertex -70 112.284 99.6195
    endloop
  endfacet
  facet normal 0 -0.996194 -0.0871607
    outer loop
      vertex -70 119.06 22.1739
      vertex 70 119.06 22.1739
      vertex 70 112.284 99.6195
    endloop
  endfacet
  facet normal 0 -0.996194 -0.087169
    outer loop
      vertex -70 120.519 5.5
      vertex 70 119.06 22.1739
      vertex -70 119.06 22.1739
    endloop
  endfacet
  facet normal 0 -0.996194 -0.087169
    outer loop
      vertex 70 119.06 22.1739
      vertex -70 120.519 5.5
      vertex 70 120.519 5.5
    endloop
  endfacet
  facet normal -1 0 0
    outer loop
      vertex 67 123.509 5.74054
      vertex 67 132.33 99.9679
      vertex 67 140.445 7.22219
    endloop
  endfacet
  facet normal -1 0 0
    outer loop
      vertex 67 132.33 99.9679
      vertex 67 123.509 5.74054
      vertex 67 115.395 98.4863
    endloop
  endfacet
  facet normal -1.63311e-07 -0.0871524 0.996195
    outer loop
      vertex 67 140.445 7.22219
      vertex 36.5 131.977 6.48136
      vertex 67 123.509 5.74054
    endloop
  endfacet
  facet normal 4.59111e-05 -0.087317 0.996181
    outer loop
      vertex 67 140.445 7.22219
      vertex 36.4886 132.237 6.50415
      vertex 36.5 131.977 6.48136
    endloop
  endfacet
  facet normal -3.74225e-05 -0.0870096 0.996207
    outer loop
      vertex 67 140.445 7.22219
      vertex 36.4544 132.496 6.52677
      vertex 36.4886 132.237 6.50415
    endloop
  endfacet
  facet normal 3.73861e-05 -0.0872949 0.996183
    outer loop
      vertex 67 140.445 7.22219
      vertex 36.3978 132.75 6.54903
      vertex 36.4544 132.496 6.52677
    endloop
  endfacet
  facet normal -2.10297e-05 -0.0870644 0.996203
    outer loop
      vertex 67 140.445 7.22219
      vertex 36.3191 132.999 6.57079
      vertex 36.3978 132.75 6.54903
    endloop
  endfacet
  facet normal -1.22601e-05 -0.0871002 0.9962
    outer loop
      vertex 67 140.445 7.22219
      vertex 36.2189 133.24 6.59186
      vertex 36.3191 132.999 6.57079
    endloop
  endfacet
  facet normal 2.78317e-05 -0.0872702 0.996185
    outer loop
      vertex 67 140.445 7.22219
      vertex 36.0981 133.471 6.6121
      vertex 36.2189 133.24 6.59186
    endloop
  endfacet
  facet normal -1.40588e-05 -0.087086 0.996201
    outer loop
      vertex 67 140.445 7.22219
      vertex 35.9575 133.691 6.63133
      vertex 36.0981 133.471 6.6121
    endloop
  endfacet
  facet normal -8.04938e-06 -0.0871134 0.996198
    outer loop
      vertex 67 140.445 7.22219
      vertex 35.7981 133.898 6.64943
      vertex 35.9575 133.691 6.63133
    endloop
  endfacet
  facet normal 2.09905e-05 -0.0872507 0.996186
    outer loop
      vertex 67 140.445 7.22219
      vertex 35.6213 134.09 6.66625
      vertex 35.7981 133.898 6.64943
    endloop
  endfacet
  facet normal 1.25636e-05 -0.0872095 0.99619
    outer loop
      vertex 67 140.445 7.22219
      vertex 35.4284 134.266 6.68166
      vertex 35.6213 134.09 6.66625
    endloop
  endfacet
  facet normal -2.84088e-05 -0.0870017 0.996208
    outer loop
      vertex 67 140.445 7.22219
      vertex 35.2207 134.425 6.69554
      vertex 35.4284 134.266 6.68166
    endloop
  endfacet
  facet normal 1.27935e-05 -0.0872176 0.996189
    outer loop
      vertex 67 140.445 7.22219
      vertex 35 134.565 6.7078
      vertex 35.2207 134.425 6.69554
    endloop
  endfacet
  facet normal 3.62891e-05 -0.0873444 0.996178
    outer loop
      vertex 67 140.445 7.22219
      vertex 34.7679 134.685 6.71833
      vertex 35 134.565 6.7078
    endloop
  endfacet
  facet normal -2.18407e-05 -0.0870216 0.996206
    outer loop
      vertex 67 140.445 7.22219
      vertex 34.5261 134.785 6.72706
      vertex 34.7679 134.685 6.71833
    endloop
  endfacet
  facet normal -7.20395e-05 -0.0867358 0.996231
    outer loop
      vertex 67 140.445 7.22219
      vertex 34.2765 134.864 6.73392
      vertex 34.5261 134.785 6.72706
    endloop
  endfacet
  facet normal 6.93915e-05 -0.0875588 0.996159
    outer loop
      vertex 67 140.445 7.22219
      vertex 34.0209 134.92 6.73886
      vertex 34.2765 134.864 6.73392
    endloop
  endfacet
  facet normal -9.34788e-06 -0.0870923 0.9962
    outer loop
      vertex 67 140.445 7.22219
      vertex 33.7615 134.954 6.74183
      vertex 34.0209 134.92 6.73886
    endloop
  endfacet
  facet normal 0.000114481 -0.0878362 0.996135
    outer loop
      vertex 67 140.445 7.22219
      vertex 33.5 134.965 6.74283
      vertex 33.7615 134.954 6.74183
    endloop
  endfacet
  facet normal -0.000193771 -0.0859661 0.996298
    outer loop
      vertex 67 140.445 7.22219
      vertex 33.2385 134.954 6.74183
      vertex 33.5 134.965 6.74283
    endloop
  endfacet
  facet normal 0 -0.0871485 0.996195
    outer loop
      vertex -33.2385 134.954 6.74183
      vertex 33.2385 134.954 6.74183
      vertex 67 140.445 7.22219
    endloop
  endfacet
  facet normal 0 -0.087319 0.99618
    outer loop
      vertex 30.5114 132.237 6.50415
      vertex -30.5 131.977 6.48136
      vertex 30.5 131.977 6.48136
    endloop
  endfacet
  facet normal 0 -0.0870047 0.996208
    outer loop
      vertex -30.5114 132.237 6.50415
      vertex 30.5114 132.237 6.50415
      vertex 30.5456 132.496 6.52677
    endloop
  endfacet
  facet normal 0 -0.0873032 0.996182
    outer loop
      vertex -30.5456 132.496 6.52677
      vertex 30.5456 132.496 6.52677
      vertex 30.6022 132.75 6.54903
    endloop
  endfacet
  facet normal 0 -0.0870578 0.996203
    outer loop
      vertex -30.6022 132.75 6.54903
      vertex 30.6022 132.75 6.54903
      vertex 30.6809 132.999 6.57079
    endloop
  endfacet
  facet normal 0 -0.0870952 0.9962
    outer loop
      vertex -30.6809 132.999 6.57079
      vertex 30.6809 132.999 6.57079
      vertex 30.7811 133.24 6.59186
    endloop
  endfacet
  facet normal 0 -0.0872846 0.996183
    outer loop
      vertex -30.7811 133.24 6.59186
      vertex 30.7811 133.24 6.59186
      vertex 30.9019 133.471 6.6121
    endloop
  endfacet
  facet normal 0 -0.0870771 0.996202
    outer loop
      vertex -30.9019 133.471 6.6121
      vertex 30.9019 133.471 6.6121
      vertex 31.0425 133.691 6.63133
    endloop
  endfacet
  facet normal 0 -0.0871073 0.996199
    outer loop
      vertex -31.0425 133.691 6.63133
      vertex 31.0425 133.691 6.63133
      vertex 31.2019 133.898 6.64943
    endloop
  endfacet
  facet normal 0 -0.0872699 0.996185
    outer loop
      vertex -31.2019 133.898 6.64943
      vertex 31.2019 133.898 6.64943
      vertex 31.3787 134.09 6.66625
    endloop
  endfacet
  facet normal 0 -0.0872231 0.996189
    outer loop
      vertex -31.3787 134.09 6.66625
      vertex 31.3787 134.09 6.66625
      vertex 31.5716 134.266 6.68166
    endloop
  endfacet
  facet normal 0 -0.0869649 0.996211
    outer loop
      vertex -31.5716 134.266 6.68166
      vertex 31.5716 134.266 6.68166
      vertex 31.7793 134.425 6.69554
    endloop
  endfacet
  facet normal 0 -0.0872376 0.996188
    outer loop
      vertex -31.7793 134.425 6.69554
      vertex 31.7793 134.425 6.69554
      vertex 32 134.565 6.7078
    endloop
  endfacet
  facet normal 0 -0.0874141 0.996172
    outer loop
      vertex -32 134.565 6.7078
      vertex 32 134.565 6.7078
      vertex 32.2321 134.685 6.71833
    endloop
  endfacet
  facet normal 0 -0.0869692 0.996211
    outer loop
      vertex -32.2321 134.685 6.71833
      vertex 32.2321 134.685 6.71833
      vertex 32.4739 134.785 6.72706
    endloop
  endfacet
  facet normal 0 -0.0865099 0.996251
    outer loop
      vertex -32.4739 134.785 6.72706
      vertex 32.4739 134.785 6.72706
      vertex 32.7235 134.864 6.73392
    endloop
  endfacet
  facet normal 0 -0.087873 0.996132
    outer loop
      vertex -32.7235 134.864 6.73392
      vertex 32.7235 134.864 6.73392
      vertex 32.9791 134.92 6.73886
    endloop
  endfacet
  facet normal 0 -0.0870216 0.996206
    outer loop
      vertex 33.2385 134.954 6.74183
      vertex -33.2385 134.954 6.74183
      vertex 32.9791 134.92 6.73886
    endloop
  endfacet
  facet normal 0 -0.087319 0.99618
    outer loop
      vertex 30.5114 132.237 6.50415
      vertex -30.5114 132.237 6.50415
      vertex -30.5 131.977 6.48136
    endloop
  endfacet
  facet normal 0 -0.0870047 0.996208
    outer loop
      vertex 30.5456 132.496 6.52677
      vertex -30.5456 132.496 6.52677
      vertex -30.5114 132.237 6.50415
    endloop
  endfacet
  facet normal 0 -0.0873032 0.996182
    outer loop
      vertex 30.6022 132.75 6.54903
      vertex -30.6022 132.75 6.54903
      vertex -30.5456 132.496 6.52677
    endloop
  endfacet
  facet normal 0 -0.0870578 0.996203
    outer loop
      vertex 30.6809 132.999 6.57079
      vertex -30.6809 132.999 6.57079
      vertex -30.6022 132.75 6.54903
    endloop
  endfacet
  facet normal 0 -0.0870952 0.9962
    outer loop
      vertex 30.7811 133.24 6.59186
      vertex -30.7811 133.24 6.59186
      vertex -30.6809 132.999 6.57079
    endloop
  endfacet
  facet normal 0 -0.0872846 0.996183
    outer loop
      vertex 30.9019 133.471 6.6121
      vertex -30.9019 133.471 6.6121
      vertex -30.7811 133.24 6.59186
    endloop
  endfacet
  facet normal 0 -0.0870771 0.996202
    outer loop
      vertex 31.0425 133.691 6.63133
      vertex -31.0425 133.691 6.63133
      vertex -30.9019 133.471 6.6121
    endloop
  endfacet
  facet normal 0 -0.0871073 0.996199
    outer loop
      vertex 31.2019 133.898 6.64943
      vertex -31.2019 133.898 6.64943
      vertex -31.0425 133.691 6.63133
    endloop
  endfacet
  facet normal 0 -0.0872699 0.996185
    outer loop
      vertex 31.3787 134.09 6.66625
      vertex -31.3787 134.09 6.66625
      vertex -31.2019 133.898 6.64943
    endloop
  endfacet
  facet normal 0 -0.0872231 0.996189
    outer loop
      vertex 31.5716 134.266 6.68166
      vertex -31.5716 134.266 6.68166
      vertex -31.3787 134.09 6.66625
    endloop
  endfacet
  facet normal 0 -0.0869649 0.996211
    outer loop
      vertex 31.7793 134.425 6.69554
      vertex -31.7793 134.425 6.69554
      vertex -31.5716 134.266 6.68166
    endloop
  endfacet
  facet normal 0 -0.0872376 0.996188
    outer loop
      vertex 32 134.565 6.7078
      vertex -32 134.565 6.7078
      vertex -31.7793 134.425 6.69554
    endloop
  endfacet
  facet normal 0 -0.0874141 0.996172
    outer loop
      vertex 32.2321 134.685 6.71833
      vertex -32.2321 134.685 6.71833
      vertex -32 134.565 6.7078
    endloop
  endfacet
  facet normal 0 -0.0869692 0.996211
    outer loop
      vertex 32.4739 134.785 6.72706
      vertex -32.4739 134.785 6.72706
      vertex -32.2321 134.685 6.71833
    endloop
  endfacet
  facet normal 0 -0.0865099 0.996251
    outer loop
      vertex 32.7235 134.864 6.73392
      vertex -32.7235 134.864 6.73392
      vertex -32.4739 134.785 6.72706
    endloop
  endfacet
  facet normal 0 -0.087873 0.996132
    outer loop
      vertex 32.9791 134.92 6.73886
      vertex -32.9791 134.92 6.73886
      vertex -32.7235 134.864 6.73392
    endloop
  endfacet
  facet normal 0 -0.0870216 0.996206
    outer loop
      vertex 32.9791 134.92 6.73886
      vertex -33.2385 134.954 6.74183
      vertex -32.9791 134.92 6.73886
    endloop
  endfacet
  facet normal 0 -0.0871485 0.996195
    outer loop
      vertex -67 140.445 7.22219
      vertex -33.2385 134.954 6.74183
      vertex 67 140.445 7.22219
    endloop
  endfacet
  facet normal 0.000193771 -0.0859661 0.996298
    outer loop
      vertex -33.2385 134.954 6.74183
      vertex -67 140.445 7.22219
      vertex -33.5 134.965 6.74283
    endloop
  endfacet
  facet normal -4.59111e-05 -0.087317 0.996181
    outer loop
      vertex -36.4886 132.237 6.50415
      vertex -67 140.445 7.22219
      vertex -36.5 131.977 6.48136
    endloop
  endfacet
  facet normal 3.74225e-05 -0.0870096 0.996207
    outer loop
      vertex -36.4544 132.496 6.52677
      vertex -67 140.445 7.22219
      vertex -36.4886 132.237 6.50415
    endloop
  endfacet
  facet normal -3.73861e-05 -0.0872949 0.996183
    outer loop
      vertex -36.3978 132.75 6.54903
      vertex -67 140.445 7.22219
      vertex -36.4544 132.496 6.52677
    endloop
  endfacet
  facet normal 2.10297e-05 -0.0870644 0.996203
    outer loop
      vertex -36.3191 132.999 6.57079
      vertex -67 140.445 7.22219
      vertex -36.3978 132.75 6.54903
    endloop
  endfacet
  facet normal 1.22601e-05 -0.0871002 0.9962
    outer loop
      vertex -36.2189 133.24 6.59186
      vertex -67 140.445 7.22219
      vertex -36.3191 132.999 6.57079
    endloop
  endfacet
  facet normal -2.78317e-05 -0.0872702 0.996185
    outer loop
      vertex -36.0981 133.471 6.6121
      vertex -67 140.445 7.22219
      vertex -36.2189 133.24 6.59186
    endloop
  endfacet
  facet normal 1.40588e-05 -0.087086 0.996201
    outer loop
      vertex -35.9575 133.691 6.63133
      vertex -67 140.445 7.22219
      vertex -36.0981 133.471 6.6121
    endloop
  endfacet
  facet normal 8.04938e-06 -0.0871134 0.996198
    outer loop
      vertex -35.7981 133.898 6.64943
      vertex -67 140.445 7.22219
      vertex -35.9575 133.691 6.63133
    endloop
  endfacet
  facet normal -2.09905e-05 -0.0872507 0.996186
    outer loop
      vertex -35.6213 134.09 6.66625
      vertex -67 140.445 7.22219
      vertex -35.7981 133.898 6.64943
    endloop
  endfacet
  facet normal -1.25636e-05 -0.0872095 0.99619
    outer loop
      vertex -35.4284 134.266 6.68166
      vertex -67 140.445 7.22219
      vertex -35.6213 134.09 6.66625
    endloop
  endfacet
  facet normal 2.84088e-05 -0.0870017 0.996208
    outer loop
      vertex -35.2207 134.425 6.69554
      vertex -67 140.445 7.22219
      vertex -35.4284 134.266 6.68166
    endloop
  endfacet
  facet normal -1.27935e-05 -0.0872176 0.996189
    outer loop
      vertex -35 134.565 6.7078
      vertex -67 140.445 7.22219
      vertex -35.2207 134.425 6.69554
    endloop
  endfacet
  facet normal -3.62891e-05 -0.0873444 0.996178
    outer loop
      vertex -34.7679 134.685 6.71833
      vertex -67 140.445 7.22219
      vertex -35 134.565 6.7078
    endloop
  endfacet
  facet normal 2.18407e-05 -0.0870216 0.996206
    outer loop
      vertex -34.5261 134.785 6.72706
      vertex -67 140.445 7.22219
      vertex -34.7679 134.685 6.71833
    endloop
  endfacet
  facet normal 7.20395e-05 -0.0867358 0.996231
    outer loop
      vertex -34.2765 134.864 6.73392
      vertex -67 140.445 7.22219
      vertex -34.5261 134.785 6.72706
    endloop
  endfacet
  facet normal -6.93915e-05 -0.0875588 0.996159
    outer loop
      vertex -34.0209 134.92 6.73886
      vertex -67 140.445 7.22219
      vertex -34.2765 134.864 6.73392
    endloop
  endfacet
  facet normal 9.34788e-06 -0.0870923 0.9962
    outer loop
      vertex -33.7615 134.954 6.74183
      vertex -67 140.445 7.22219
      vertex -34.0209 134.92 6.73886
    endloop
  endfacet
  facet normal -0.000114481 -0.0878362 0.996135
    outer loop
      vertex -33.5 134.965 6.74283
      vertex -67 140.445 7.22219
      vertex -33.7615 134.954 6.74183
    endloop
  endfacet
  facet normal 4.55383e-05 -0.086989 0.996209
    outer loop
      vertex 36.4886 131.716 6.45857
      vertex 67 123.509 5.74054
      vertex 36.5 131.977 6.48136
    endloop
  endfacet
  facet normal -3.76998e-05 -0.0872961 0.996182
    outer loop
      vertex 36.4544 131.458 6.43596
      vertex 67 123.509 5.74054
      vertex 36.4886 131.716 6.45857
    endloop
  endfacet
  facet normal 3.72255e-05 -0.0870104 0.996207
    outer loop
      vertex 36.3978 131.203 6.41369
      vertex 67 123.509 5.74054
      vertex 36.4544 131.458 6.43596
    endloop
  endfacet
  facet normal -5.83784e-05 -0.0873877 0.996174
    outer loop
      vertex 36.3191 130.955 6.39193
      vertex 67 123.509 5.74054
      vertex 36.3978 131.203 6.41369
    endloop
  endfacet
  facet normal 1.19651e-05 -0.0871001 0.9962
    outer loop
      vertex 36.2189 130.714 6.37086
      vertex 67 123.509 5.74054
      vertex 36.3191 130.955 6.39193
    endloop
  endfacet
  facet normal -1.91266e-05 -0.0872319 0.996188
    outer loop
      vertex 36.0981 130.483 6.35063
      vertex 67 123.509 5.74054
      vertex 36.2189 130.714 6.37086
    endloop
  endfacet
  facet normal 5.12764e-06 -0.0871253 0.996197
    outer loop
      vertex 35.9575 130.263 6.33139
      vertex 67 123.509 5.74054
      vertex 36.0981 130.483 6.35063
    endloop
  endfacet
  facet normal 7.77452e-06 -0.0871132 0.996198
    outer loop
      vertex 35.7981 130.056 6.31329
      vertex 67 123.509 5.74054
      vertex 35.9575 130.263 6.33139
    endloop
  endfacet
  facet normal -1.21342e-05 -0.0872074 0.99619
    outer loop
      vertex 35.6213 129.864 6.29648
      vertex 67 123.509 5.74054
      vertex 35.7981 130.056 6.31329
    endloop
  endfacet
  facet normal -1.25636e-05 -0.0872095 0.99619
    outer loop
      vertex 35.4284 129.688 6.28107
      vertex 67 123.509 5.74054
      vertex 35.6213 129.864 6.29648
    endloop
  endfacet
  facet normal 1.86431e-05 -0.0870512 0.996204
    outer loop
      vertex 35.2207 129.529 6.26718
      vertex 67 123.509 5.74054
      vertex 35.4284 129.688 6.28107
    endloop
  endfacet
  facet normal -1.30349e-05 -0.0872172 0.996189
    outer loop
      vertex 35 129.389 6.25492
      vertex 67 123.509 5.74054
      vertex 35.2207 129.529 6.26718
    endloop
  endfacet
  facet normal 6.1557e-05 -0.0868143 0.996225
    outer loop
      vertex 34.7679 129.268 6.24439
      vertex 67 123.509 5.74054
      vertex 35 129.389 6.25492
    endloop
  endfacet
  facet normal -8.58297e-05 -0.0876329 0.996153
    outer loop
      vertex 34.5261 129.169 6.23566
      vertex 67 123.509 5.74054
      vertex 34.7679 129.268 6.24439
    endloop
  endfacet
  facet normal 7.18417e-05 -0.0867352 0.996231
    outer loop
      vertex 34.2765 129.09 6.2288
      vertex 67 123.509 5.74054
      vertex 34.5261 129.169 6.23566
    endloop
  endfacet
  facet normal -5.25041e-05 -0.0874587 0.996168
    outer loop
      vertex 34.0209 129.034 6.22387
      vertex 67 123.509 5.74054
      vertex 34.2765 129.09 6.2288
    endloop
  endfacet
  facet normal -1.21985e-05 -0.08722 0.996189
    outer loop
      vertex 33.7615 129 6.22089
      vertex 67 123.509 5.74054
      vertex 34.0209 129.034 6.22387
    endloop
  endfacet
  facet normal 0.000148347 -0.0862555 0.996273
    outer loop
      vertex 33.5 128.988 6.21989
      vertex 67 123.509 5.74054
      vertex 33.7615 129 6.22089
    endloop
  endfacet
  facet normal -0.000264001 -0.0887575 0.996053
    outer loop
      vertex 33.2385 129 6.22089
      vertex 67 123.509 5.74054
      vertex 33.5 128.988 6.21989
    endloop
  endfacet
  facet normal 0 -0.0873123 0.996181
    outer loop
      vertex -33.2385 129 6.22089
      vertex 33.2385 129 6.22089
      vertex 32.9791 129.034 6.22387
    endloop
  endfacet
  facet normal 0 -0.086987 0.996209
    outer loop
      vertex -30.5 131.977 6.48136
      vertex 30.5114 131.716 6.45857
      vertex 30.5 131.977 6.48136
    endloop
  endfacet
  facet normal 0 -0.086987 0.996209
    outer loop
      vertex -30.5114 131.716 6.45857
      vertex 30.5114 131.716 6.45857
      vertex -30.5 131.977 6.48136
    endloop
  endfacet
  facet normal 0 -0.0873011 0.996182
    outer loop
      vertex 30.5114 131.716 6.45857
      vertex -30.5114 131.716 6.45857
      vertex 30.5456 131.458 6.43596
    endloop
  endfacet
  facet normal 0 -0.0873011 0.996182
    outer loop
      vertex -30.5456 131.458 6.43596
      vertex 30.5456 131.458 6.43596
      vertex -30.5114 131.716 6.45857
    endloop
  endfacet
  facet normal 0 -0.0870022 0.996208
    outer loop
      vertex 30.5456 131.458 6.43596
      vertex -30.5456 131.458 6.43596
      vertex 30.6022 131.203 6.41369
    endloop
  endfacet
  facet normal 0 -0.0870022 0.996208
    outer loop
      vertex -30.6022 131.203 6.41369
      vertex 30.6022 131.203 6.41369
      vertex -30.5456 131.458 6.43596
    endloop
  endfacet
  facet normal 0 -0.0874061 0.996173
    outer loop
      vertex 30.6022 131.203 6.41369
      vertex -30.6022 131.203 6.41369
      vertex 30.6809 130.955 6.39193
    endloop
  endfacet
  facet normal 0 -0.0874061 0.996173
    outer loop
      vertex -30.6809 130.955 6.39193
      vertex 30.6809 130.955 6.39193
      vertex -30.6022 131.203 6.41369
    endloop
  endfacet
  facet normal 0 -0.0870952 0.9962
    outer loop
      vertex 30.6809 130.955 6.39193
      vertex -30.6809 130.955 6.39193
      vertex 30.7811 130.714 6.37086
    endloop
  endfacet
  facet normal 0 -0.0870952 0.9962
    outer loop
      vertex -30.7811 130.714 6.37086
      vertex 30.7811 130.714 6.37086
      vertex -30.6809 130.955 6.39193
    endloop
  endfacet
  facet normal 0 -0.0872418 0.996187
    outer loop
      vertex 30.7811 130.714 6.37086
      vertex -30.7811 130.714 6.37086
      vertex 30.9019 130.483 6.35063
    endloop
  endfacet
  facet normal 0 -0.0872418 0.996187
    outer loop
      vertex -30.9019 130.483 6.35063
      vertex 30.9019 130.483 6.35063
      vertex -30.7811 130.714 6.37086
    endloop
  endfacet
  facet normal 0 -0.087122 0.996198
    outer loop
      vertex 30.9019 130.483 6.35063
      vertex -30.9019 130.483 6.35063
      vertex 31.0425 130.263 6.33139
    endloop
  endfacet
  facet normal 0 -0.087122 0.996198
    outer loop
      vertex -31.0425 130.263 6.33139
      vertex 31.0425 130.263 6.33139
      vertex -30.9019 130.483 6.35063
    endloop
  endfacet
  facet normal 0 -0.0871073 0.996199
    outer loop
      vertex 31.0425 130.263 6.33139
      vertex -31.0425 130.263 6.33139
      vertex 31.2019 130.056 6.31329
    endloop
  endfacet
  facet normal 0 -0.0871073 0.996199
    outer loop
      vertex -31.2019 130.056 6.31329
      vertex 31.2019 130.056 6.31329
      vertex -31.0425 130.263 6.33139
    endloop
  endfacet
  facet normal 0 -0.0872184 0.996189
    outer loop
      vertex 31.2019 130.056 6.31329
      vertex -31.2019 130.056 6.31329
      vertex 31.3787 129.864 6.29648
    endloop
  endfacet
  facet normal 0 -0.0872184 0.996189
    outer loop
      vertex -31.3787 129.864 6.29648
      vertex 31.3787 129.864 6.29648
      vertex -31.2019 130.056 6.31329
    endloop
  endfacet
  facet normal 0 -0.0872231 0.996189
    outer loop
      vertex 31.3787 129.864 6.29648
      vertex -31.3787 129.864 6.29648
      vertex 31.5716 129.688 6.28107
    endloop
  endfacet
  facet normal 0 -0.0872231 0.996189
    outer loop
      vertex -31.5716 129.688 6.28107
      vertex 31.5716 129.688 6.28107
      vertex -31.3787 129.864 6.29648
    endloop
  endfacet
  facet normal 0 -0.087027 0.996206
    outer loop
      vertex 31.5716 129.688 6.28107
      vertex -31.5716 129.688 6.28107
      vertex 31.7793 129.529 6.26718
    endloop
  endfacet
  facet normal 0 -0.087027 0.996206
    outer loop
      vertex -31.7793 129.529 6.26718
      vertex 31.7793 129.529 6.26718
      vertex -31.5716 129.688 6.28107
    endloop
  endfacet
  facet normal 0 -0.0872376 0.996188
    outer loop
      vertex 31.7793 129.529 6.26718
      vertex -31.7793 129.529 6.26718
      vertex 32 129.389 6.25492
    endloop
  endfacet
  facet normal 0 -0.0872376 0.996188
    outer loop
      vertex -32 129.389 6.25492
      vertex 32 129.389 6.25492
      vertex -31.7793 129.529 6.26718
    endloop
  endfacet
  facet normal 0 -0.0866971 0.996235
    outer loop
      vertex 32 129.389 6.25492
      vertex -32 129.389 6.25492
      vertex 32.2321 129.268 6.24439
    endloop
  endfacet
  facet normal 0 -0.0866971 0.996235
    outer loop
      vertex -32.2321 129.268 6.24439
      vertex 32.2321 129.268 6.24439
      vertex -32 129.389 6.25492
    endloop
  endfacet
  facet normal 0 -0.087841 0.996135
    outer loop
      vertex 32.2321 129.268 6.24439
      vertex -32.2321 129.268 6.24439
      vertex 32.4739 129.169 6.23566
    endloop
  endfacet
  facet normal 0 -0.087841 0.996135
    outer loop
      vertex -32.4739 129.169 6.23566
      vertex 32.4739 129.169 6.23566
      vertex -32.2321 129.268 6.24439
    endloop
  endfacet
  facet normal 0 -0.0865099 0.996251
    outer loop
      vertex 32.4739 129.169 6.23566
      vertex -32.4739 129.169 6.23566
      vertex 32.7235 129.09 6.2288
    endloop
  endfacet
  facet normal 0 -0.0865099 0.996251
    outer loop
      vertex -32.7235 129.09 6.2288
      vertex 32.7235 129.09 6.2288
      vertex -32.4739 129.169 6.23566
    endloop
  endfacet
  facet normal 0 -0.0876965 0.996147
    outer loop
      vertex 32.7235 129.09 6.2288
      vertex -32.7235 129.09 6.2288
      vertex 32.9791 129.034 6.22387
    endloop
  endfacet
  facet normal 0 -0.0876965 0.996147
    outer loop
      vertex -32.9791 129.034 6.22387
      vertex 32.9791 129.034 6.22387
      vertex -32.7235 129.09 6.2288
    endloop
  endfacet
  facet normal 0 -0.0873123 0.996181
    outer loop
      vertex -33.2385 129 6.22089
      vertex 32.9791 129.034 6.22387
      vertex -32.9791 129.034 6.22387
    endloop
  endfacet
  facet normal 0 -0.0871467 0.996195
    outer loop
      vertex 33.2385 129 6.22089
      vertex -33.2385 129 6.22089
      vertex 67 123.509 5.74054
    endloop
  endfacet
  facet normal 0.000264001 -0.0887575 0.996053
    outer loop
      vertex -67 123.509 5.74054
      vertex -33.2385 129 6.22089
      vertex -33.5 128.988 6.21989
    endloop
  endfacet
  facet normal -0.000148347 -0.0862555 0.996273
    outer loop
      vertex -67 123.509 5.74054
      vertex -33.5 128.988 6.21989
      vertex -33.7615 129 6.22089
    endloop
  endfacet
  facet normal 1.63311e-07 -0.0871524 0.996195
    outer loop
      vertex -67 123.509 5.74054
      vertex -36.5 131.977 6.48136
      vertex -67 140.445 7.22219
    endloop
  endfacet
  facet normal -4.55383e-05 -0.086989 0.996209
    outer loop
      vertex -36.5 131.977 6.48136
      vertex -67 123.509 5.74054
      vertex -36.4886 131.716 6.45857
    endloop
  endfacet
  facet normal 3.76998e-05 -0.0872961 0.996182
    outer loop
      vertex -36.4886 131.716 6.45857
      vertex -67 123.509 5.74054
      vertex -36.4544 131.458 6.43596
    endloop
  endfacet
  facet normal -3.72255e-05 -0.0870104 0.996207
    outer loop
      vertex -36.4544 131.458 6.43596
      vertex -67 123.509 5.74054
      vertex -36.3978 131.203 6.41369
    endloop
  endfacet
  facet normal 5.83784e-05 -0.0873877 0.996174
    outer loop
      vertex -36.3978 131.203 6.41369
      vertex -67 123.509 5.74054
      vertex -36.3191 130.955 6.39193
    endloop
  endfacet
  facet normal -1.19651e-05 -0.0871001 0.9962
    outer loop
      vertex -36.3191 130.955 6.39193
      vertex -67 123.509 5.74054
      vertex -36.2189 130.714 6.37086
    endloop
  endfacet
  facet normal 1.91266e-05 -0.0872319 0.996188
    outer loop
      vertex -36.2189 130.714 6.37086
      vertex -67 123.509 5.74054
      vertex -36.0981 130.483 6.35063
    endloop
  endfacet
  facet normal -5.12764e-06 -0.0871253 0.996197
    outer loop
      vertex -36.0981 130.483 6.35063
      vertex -67 123.509 5.74054
      vertex -35.9575 130.263 6.33139
    endloop
  endfacet
  facet normal -7.77452e-06 -0.0871132 0.996198
    outer loop
      vertex -35.9575 130.263 6.33139
      vertex -67 123.509 5.74054
      vertex -35.7981 130.056 6.31329
    endloop
  endfacet
  facet normal 1.21342e-05 -0.0872074 0.99619
    outer loop
      vertex -35.7981 130.056 6.31329
      vertex -67 123.509 5.74054
      vertex -35.6213 129.864 6.29648
    endloop
  endfacet
  facet normal 1.25636e-05 -0.0872095 0.99619
    outer loop
      vertex -35.6213 129.864 6.29648
      vertex -67 123.509 5.74054
      vertex -35.4284 129.688 6.28107
    endloop
  endfacet
  facet normal -1.86431e-05 -0.0870512 0.996204
    outer loop
      vertex -35.4284 129.688 6.28107
      vertex -67 123.509 5.74054
      vertex -35.2207 129.529 6.26718
    endloop
  endfacet
  facet normal 1.30349e-05 -0.0872172 0.996189
    outer loop
      vertex -35.2207 129.529 6.26718
      vertex -67 123.509 5.74054
      vertex -35 129.389 6.25492
    endloop
  endfacet
  facet normal -6.1557e-05 -0.0868143 0.996225
    outer loop
      vertex -35 129.389 6.25492
      vertex -67 123.509 5.74054
      vertex -34.7679 129.268 6.24439
    endloop
  endfacet
  facet normal 0 -0.0871467 0.996195
    outer loop
      vertex -33.2385 129 6.22089
      vertex -67 123.509 5.74054
      vertex 67 123.509 5.74054
    endloop
  endfacet
  facet normal 1.21985e-05 -0.08722 0.996189
    outer loop
      vertex -34.0209 129.034 6.22387
      vertex -67 123.509 5.74054
      vertex -33.7615 129 6.22089
    endloop
  endfacet
  facet normal 5.25041e-05 -0.0874587 0.996168
    outer loop
      vertex -34.2765 129.09 6.2288
      vertex -67 123.509 5.74054
      vertex -34.0209 129.034 6.22387
    endloop
  endfacet
  facet normal -7.18417e-05 -0.0867352 0.996231
    outer loop
      vertex -34.5261 129.169 6.23566
      vertex -67 123.509 5.74054
      vertex -34.2765 129.09 6.2288
    endloop
  endfacet
  facet normal 8.58297e-05 -0.0876329 0.996153
    outer loop
      vertex -34.7679 129.268 6.24439
      vertex -67 123.509 5.74054
      vertex -34.5261 129.169 6.23566
    endloop
  endfacet
  facet normal 1 0 0
    outer loop
      vertex -67 132.33 99.9679
      vertex -67 123.509 5.74054
      vertex -67 140.445 7.22219
    endloop
  endfacet
  facet normal 1 0 -0
    outer loop
      vertex -67 123.509 5.74054
      vertex -67 132.33 99.9679
      vertex -67 115.395 98.4863
    endloop
  endfacet
  facet normal 0 -0.996194 -0.0871643
    outer loop
      vertex -67 140.445 7.22219
      vertex 67 132.33 99.9679
      vertex -67 132.33 99.9679
    endloop
  endfacet
  facet normal 0 -0.996194 -0.0871643
    outer loop
      vertex 67 132.33 99.9679
      vertex -67 140.445 7.22219
      vertex 67 140.445 7.22219
    endloop
  endfacet
  facet normal 0 0.996195 0.0871536
    outer loop
      vertex 67 123.509 5.74054
      vertex -67 115.395 98.4863
      vertex 67 115.395 98.4863
    endloop
  endfacet
  facet normal 0 0.996195 0.0871536
    outer loop
      vertex -67 115.395 98.4863
      vertex 67 123.509 5.74054
      vertex -67 123.509 5.74054
    endloop
  endfacet
  facet normal -0.952891 -0.0264352 0.30216
    outer loop
      vertex 67 115.395 98.4863
      vertex 67.4455 132.652 101.401
      vertex 67 132.33 99.9679
    endloop
  endfacet
  facet normal -0.952914 -0.0264222 0.302086
    outer loop
      vertex 67.4455 132.652 101.401
      vertex 67 115.395 98.4863
      vertex 67.4455 114.829 99.8421
    endloop
  endfacet
  facet normal 0.952891 -0.0264352 0.30216
    outer loop
      vertex -67.4455 132.652 101.401
      vertex -67 115.395 98.4863
      vertex -67 132.33 99.9679
    endloop
  endfacet
  facet normal 0.952914 -0.0264222 0.302086
    outer loop
      vertex -67 115.395 98.4863
      vertex -67.4455 132.652 101.401
      vertex -67.4455 114.829 99.8421
    endloop
  endfacet
  facet normal 0 0.922815 0.385244
    outer loop
      vertex 67 115.395 98.4863
      vertex -67.4455 114.829 99.8421
      vertex 67.4455 114.829 99.8421
    endloop
  endfacet
  facet normal 0 0.922815 0.385244
    outer loop
      vertex -67.4455 114.829 99.8421
      vertex 67 115.395 98.4863
      vertex -67 115.395 98.4863
    endloop
  endfacet
  facet normal 0 -0.975675 0.219222
    outer loop
      vertex -67 132.33 99.9679
      vertex 67.4455 132.652 101.401
      vertex -67.4455 132.652 101.401
    endloop
  endfacet
  facet normal 0 -0.975675 0.219222
    outer loop
      vertex 67.4455 132.652 101.401
      vertex -67 132.33 99.9679
      vertex 67 132.33 99.9679
    endloop
  endfacet
  facet normal 0.8439 0.53447 0.0466207
    outer loop
      vertex -22.8481 155.981 6.39421
      vertex -22.7075 155.837 5.5
      vertex -22.8481 156.059 5.5
    endloop
  endfacet
  facet normal 0.843548 0.535039 0.0464736
    outer loop
      vertex -22.7075 155.837 5.5
      vertex -22.8481 155.981 6.39421
      vertex -22.7075 155.761 6.37497
    endloop
  endfacet
  facet normal -0.991459 -0.129915 -0.0114095
    outer loop
      vertex -17.2614 157.827 5.5
      vertex -17.2956 157.994 6.57034
      vertex -17.2956 158.088 5.5
    endloop
  endfacet
  facet normal -0.991459 -0.129923 -0.0114084
    outer loop
      vertex -17.2956 157.994 6.57034
      vertex -17.2614 157.827 5.5
      vertex -17.2614 157.735 6.54773
    endloop
  endfacet
  facet normal -0.999047 -0.04347 -0.00381705
    outer loop
      vertex -17.25 157.565 5.5
      vertex -17.2614 157.735 6.54773
      vertex -17.2614 157.827 5.5
    endloop
  endfacet
  facet normal -0.999047 -0.0434698 -0.00381708
    outer loop
      vertex -17.2614 157.735 6.54773
      vertex -17.25 157.565 5.5
      vertex -17.25 157.475 6.52494
    endloop
  endfacet
  facet normal -0.976244 -0.215841 -0.0189645
    outer loop
      vertex -17.2956 158.088 5.5
      vertex -17.3522 158.248 6.59261
      vertex -17.3522 158.344 5.5
    endloop
  endfacet
  facet normal -0.976236 -0.215877 -0.0189589
    outer loop
      vertex -17.3522 158.248 6.59261
      vertex -17.2956 158.088 5.5
      vertex -17.2956 157.994 6.57034
    endloop
  endfacet
  facet normal -0.380159 -0.921349 -0.0812119
    outer loop
      vertex -19.2239 160.395 5.5
      vertex -18.9821 160.184 6.76191
      vertex -19.2239 160.283 6.77064
    endloop
  endfacet
  facet normal -0.384187 -0.919767 -0.0801756
    outer loop
      vertex -18.9821 160.184 6.76191
      vertex -19.2239 160.395 5.5
      vertex -18.9821 160.294 5.5
    endloop
  endfacet
  facet normal 0.21688 -0.972534 -0.084502
    outer loop
      vertex -20.7709 160.53 5.5
      vertex -21.0265 160.362 6.7775
      vertex -21.0265 160.473 5.5
    endloop
  endfacet
  facet normal 0.214806 -0.972953 -0.0849721
    outer loop
      vertex -21.0265 160.362 6.7775
      vertex -20.7709 160.53 5.5
      vertex -20.7709 160.418 6.78243
    endloop
  endfacet
  facet normal 0.539637 -0.838718 -0.0731015
    outer loop
      vertex -21.75 160.173 5.5
      vertex -21.9707 159.923 6.73912
      vertex -21.9707 160.031 5.5
    endloop
  endfacet
  facet normal 0.537121 -0.840265 -0.0738618
    outer loop
      vertex -21.9707 159.923 6.73912
      vertex -21.75 160.173 5.5
      vertex -21.75 160.063 6.75138
    endloop
  endfacet
  facet normal 0.953522 0.300169 0.0263397
    outer loop
      vertex -23.1478 156.701 6.45727
      vertex -23.0691 156.535 5.5
      vertex -23.1478 156.785 5.5
    endloop
  endfacet
  facet normal 0.953491 0.30027 0.0263195
    outer loop
      vertex -23.0691 156.535 5.5
      vertex -23.1478 156.701 6.45727
      vertex -23.0691 156.453 6.43551
    endloop
  endfacet
  facet normal 0.792616 -0.607418 -0.0529513
    outer loop
      vertex -22.5481 159.396 6.69301
      vertex -22.7075 159.292 5.5
      vertex -22.5481 159.5 5.5
    endloop
  endfacet
  facet normal 0.793432 -0.606333 -0.053155
    outer loop
      vertex -22.7075 159.292 5.5
      vertex -22.5481 159.396 6.69301
      vertex -22.7075 159.189 6.67491
    endloop
  endfacet
  facet normal 0.92342 -0.382341 -0.0333367
    outer loop
      vertex -22.9689 158.738 6.63544
      vertex -23.0691 158.595 5.5
      vertex -22.9689 158.837 5.5
    endloop
  endfacet
  facet normal 0.923888 -0.381192 -0.0335228
    outer loop
      vertex -23.0691 158.595 5.5
      vertex -22.9689 158.738 6.63544
      vertex -23.0691 158.497 6.61437
    endloop
  endfacet
  facet normal -0.991396 0.130407 0.011321
    outer loop
      vertex -17.2956 157.042 5.5
      vertex -17.2614 157.215 6.50215
      vertex -17.2614 157.302 5.5
    endloop
  endfacet
  facet normal -0.991459 0.129923 0.0114067
    outer loop
      vertex -17.2614 157.215 6.50215
      vertex -17.2956 157.042 5.5
      vertex -17.2956 156.956 6.47954
    endloop
  endfacet
  facet normal 0.380935 0.921101 0.0803795
    outer loop
      vertex -21.5179 154.835 5.5
      vertex -21.2761 154.667 6.27924
      vertex -21.2761 154.735 5.5
    endloop
  endfacet
  facet normal 0.380159 0.921395 0.0806836
    outer loop
      vertex -21.2761 154.667 6.27924
      vertex -21.5179 154.835 5.5
      vertex -21.5179 154.766 6.28797
    endloop
  endfacet
  facet normal -0.675409 -0.734595 -0.0647516
    outer loop
      vertex -18.3216 159.872 5.5
      vertex -18.1287 159.588 6.70983
      vertex -18.3216 159.764 6.72524
    endloop
  endfacet
  facet normal -0.676752 -0.733401 -0.0642574
    outer loop
      vertex -18.1287 159.588 6.70983
      vertex -18.3216 159.872 5.5
      vertex -18.1287 159.694 5.5
    endloop
  endfacet
  facet normal -0.463651 -0.882671 -0.0769419
    outer loop
      vertex -18.9821 160.294 5.5
      vertex -18.75 160.063 6.75138
      vertex -18.9821 160.184 6.76191
    endloop
  endfacet
  facet normal -0.460881 -0.884053 -0.0777109
    outer loop
      vertex -18.75 160.063 6.75138
      vertex -18.9821 160.294 5.5
      vertex -18.75 160.173 5.5
    endloop
  endfacet
  facet normal 0.606378 -0.792105 -0.0698209
    outer loop
      vertex -21.9707 160.031 5.5
      vertex -22.1784 159.764 6.72524
      vertex -22.1784 159.872 5.5
    endloop
  endfacet
  facet normal 0.609316 -0.789933 -0.0688495
    outer loop
      vertex -22.1784 159.764 6.72524
      vertex -21.9707 160.031 5.5
      vertex -21.9707 159.923 6.73912
    endloop
  endfacet
  facet normal -0.792624 0.607424 0.0527609
    outer loop
      vertex -17.9519 155.629 5.5
      vertex -17.7925 155.761 6.37497
      vertex -17.7925 155.837 5.5
    endloop
  endfacet
  facet normal -0.793432 0.606341 0.0530717
    outer loop
      vertex -17.7925 155.761 6.37497
      vertex -17.9519 155.629 5.5
      vertex -17.9519 155.554 6.35687
    endloop
  endfacet
  facet normal -0.953522 0.300169 0.0263397
    outer loop
      vertex -17.4309 156.535 5.5
      vertex -17.3522 156.701 6.45727
      vertex -17.3522 156.785 5.5
    endloop
  endfacet
  facet normal -0.953491 0.30027 0.0263195
    outer loop
      vertex -17.3522 156.701 6.45727
      vertex -17.4309 156.535 5.5
      vertex -17.4309 156.453 6.43551
    endloop
  endfacet
  facet normal -0.999055 0.043305 0.00380262
    outer loop
      vertex -17.2614 157.302 5.5
      vertex -17.25 157.475 6.52494
      vertex -17.25 157.565 5.5
    endloop
  endfacet
  facet normal -0.999047 0.0434736 0.00377409
    outer loop
      vertex -17.25 157.475 6.52494
      vertex -17.2614 157.302 5.5
      vertex -17.2614 157.215 6.50215
    endloop
  endfacet
  facet normal -0.214809 0.972893 0.0856531
    outer loop
      vertex -19.4735 154.656 5.5
      vertex -19.7291 154.532 6.26744
      vertex -19.4735 154.588 6.27238
    endloop
  endfacet
  facet normal -0.216872 0.972501 0.0849025
    outer loop
      vertex -19.7291 154.532 6.26744
      vertex -19.4735 154.656 5.5
      vertex -19.7291 154.599 5.5
    endloop
  endfacet
  facet normal -0.214806 -0.972953 -0.0849721
    outer loop
      vertex -19.7291 160.53 5.5
      vertex -19.4735 160.362 6.7775
      vertex -19.7291 160.418 6.78243
    endloop
  endfacet
  facet normal -0.21688 -0.972534 -0.084502
    outer loop
      vertex -19.4735 160.362 6.7775
      vertex -19.7291 160.53 5.5
      vertex -19.4735 160.473 5.5
    endloop
  endfacet
  facet normal -0.976423 0.215041 0.0188798
    outer loop
      vertex -17.3522 156.785 5.5
      vertex -17.2956 156.956 6.47954
      vertex -17.2956 157.042 5.5
    endloop
  endfacet
  facet normal -0.976415 0.215078 0.018873
    outer loop
      vertex -17.2956 156.956 6.47954
      vertex -17.3522 156.785 5.5
      vertex -17.3522 156.701 6.45727
    endloop
  endfacet
  facet normal 0.460881 -0.884053 -0.0777109
    outer loop
      vertex -21.5179 160.294 5.5
      vertex -21.75 160.063 6.75138
      vertex -21.75 160.173 5.5
    endloop
  endfacet
  facet normal 0.463651 -0.882671 -0.0769419
    outer loop
      vertex -21.75 160.063 6.75138
      vertex -21.5179 160.294 5.5
      vertex -21.5179 160.184 6.76191
    endloop
  endfacet
  facet normal -0.843891 -0.534464 -0.0468545
    outer loop
      vertex -17.6519 159.07 5.5
      vertex -17.7925 159.189 6.67491
      vertex -17.7925 159.292 5.5
    endloop
  endfacet
  facet normal -0.843548 -0.535015 -0.0467577
    outer loop
      vertex -17.7925 159.189 6.67491
      vertex -17.6519 159.07 5.5
      vertex -17.6519 158.969 6.65567
    endloop
  endfacet
  facet normal 0.887059 0.4599 0.0402345
    outer loop
      vertex -22.9689 156.212 6.41444
      vertex -22.8481 156.059 5.5
      vertex -22.9689 156.292 5.5
    endloop
  endfacet
  facet normal 0.886872 0.460268 0.0401482
    outer loop
      vertex -22.8481 156.059 5.5
      vertex -22.9689 156.212 6.41444
      vertex -22.8481 155.981 6.39421
    endloop
  endfacet
  facet normal -0.380159 0.921395 0.0806836
    outer loop
      vertex -18.9821 154.835 5.5
      vertex -19.2239 154.667 6.27924
      vertex -18.9821 154.766 6.28797
    endloop
  endfacet
  facet normal -0.380935 0.921101 0.0803795
    outer loop
      vertex -19.2239 154.667 6.27924
      vertex -18.9821 154.835 5.5
      vertex -19.2239 154.735 5.5
    endloop
  endfacet
  facet normal -0.302784 0.949451 0.0828534
    outer loop
      vertex -19.2239 154.735 5.5
      vertex -19.4735 154.588 6.27238
      vertex -19.2239 154.667 6.27924
    endloop
  endfacet
  facet normal -0.300695 0.950045 0.0836416
    outer loop
      vertex -19.4735 154.588 6.27238
      vertex -19.2239 154.735 5.5
      vertex -19.4735 154.656 5.5
    endloop
  endfacet
  facet normal -0.130447 0.987698 0.0862293
    outer loop
      vertex -19.7291 154.599 5.5
      vertex -19.9885 154.498 6.26447
      vertex -19.7291 154.532 6.26744
    endloop
  endfacet
  facet normal -0.129472 0.987797 0.0865729
    outer loop
      vertex -19.9885 154.498 6.26447
      vertex -19.7291 154.599 5.5
      vertex -19.9885 154.565 5.5
    endloop
  endfacet
  facet normal 0.045999 0.995117 0.0873287
    outer loop
      vertex -20.25 154.553 5.5
      vertex -20.5115 154.498 6.26447
      vertex -20.25 154.486 6.26347
    endloop
  endfacet
  facet normal 0.0456662 0.995142 0.0872167
    outer loop
      vertex -20.5115 154.498 6.26447
      vertex -20.25 154.553 5.5
      vertex -20.5115 154.565 5.5
    endloop
  endfacet
  facet normal 0.999055 0.043305 0.00380262
    outer loop
      vertex -23.25 157.475 6.52494
      vertex -23.2386 157.302 5.5
      vertex -23.25 157.565 5.5
    endloop
  endfacet
  facet normal 0.999047 0.0434736 0.00377409
    outer loop
      vertex -23.2386 157.302 5.5
      vertex -23.25 157.475 6.52494
      vertex -23.2386 157.215 6.50215
    endloop
  endfacet
  facet normal -0.923973 0.380996 0.0333954
    outer loop
      vertex -17.5311 156.292 5.5
      vertex -17.4309 156.453 6.43551
      vertex -17.4309 156.535 5.5
    endloop
  endfacet
  facet normal -0.923888 0.381207 0.03335
    outer loop
      vertex -17.4309 156.453 6.43551
      vertex -17.5311 156.292 5.5
      vertex -17.5311 156.212 6.41444
    endloop
  endfacet
  facet normal -0.953865 -0.29908 -0.0263018
    outer loop
      vertex -17.3522 158.344 5.5
      vertex -17.4309 158.497 6.61437
      vertex -17.4309 158.595 5.5
    endloop
  endfacet
  facet normal -0.953836 -0.299176 -0.0262865
    outer loop
      vertex -17.4309 158.497 6.61437
      vertex -17.3522 158.344 5.5
      vertex -17.3522 158.248 6.59261
    endloop
  endfacet
  facet normal -0.675409 0.734674 0.0638429
    outer loop
      vertex -18.1287 155.435 5.5
      vertex -18.3216 155.186 6.32464
      vertex -18.1287 155.362 6.34005
    endloop
  endfacet
  facet normal -0.674693 0.735301 0.0641997
    outer loop
      vertex -18.3216 155.186 6.32464
      vertex -18.1287 155.435 5.5
      vertex -18.3216 155.258 5.5
    endloop
  endfacet
  facet normal 0.300695 0.950045 0.0836416
    outer loop
      vertex -21.2761 154.735 5.5
      vertex -21.0265 154.588 6.27238
      vertex -21.0265 154.656 5.5
    endloop
  endfacet
  facet normal 0.302784 0.949451 0.0828534
    outer loop
      vertex -21.0265 154.588 6.27238
      vertex -21.2761 154.735 5.5
      vertex -21.2761 154.667 6.27924
    endloop
  endfacet
  facet normal 0.384187 -0.919767 -0.0801756
    outer loop
      vertex -21.2761 160.395 5.5
      vertex -21.5179 160.184 6.76191
      vertex -21.5179 160.294 5.5
    endloop
  endfacet
  facet normal 0.380159 -0.921349 -0.0812119
    outer loop
      vertex -21.5179 160.184 6.76191
      vertex -21.2761 160.395 5.5
      vertex -21.2761 160.283 6.77064
    endloop
  endfacet
  facet normal 0.976244 -0.215841 -0.0189645
    outer loop
      vertex -23.1478 158.248 6.59261
      vertex -23.2044 158.088 5.5
      vertex -23.1478 158.344 5.5
    endloop
  endfacet
  facet normal 0.976236 -0.215877 -0.0189589
    outer loop
      vertex -23.2044 158.088 5.5
      vertex -23.1478 158.248 6.59261
      vertex -23.2044 157.994 6.57034
    endloop
  endfacet
  facet normal -0.463651 0.882633 0.0773755
    outer loop
      vertex -18.75 154.957 5.5
      vertex -18.9821 154.766 6.28797
      vertex -18.75 154.887 6.2985
    endloop
  endfacet
  facet normal -0.463883 0.882519 0.0772794
    outer loop
      vertex -18.9821 154.766 6.28797
      vertex -18.75 154.957 5.5
      vertex -18.9821 154.835 5.5
    endloop
  endfacet
  facet normal 0.792624 0.607424 0.0527609
    outer loop
      vertex -22.7075 155.761 6.37497
      vertex -22.5481 155.629 5.5
      vertex -22.7075 155.837 5.5
    endloop
  endfacet
  facet normal 0.793432 0.606341 0.0530717
    outer loop
      vertex -22.5481 155.629 5.5
      vertex -22.7075 155.761 6.37497
      vertex -22.5481 155.554 6.35687
    endloop
  endfacet
  facet normal 0.297225 -0.95112 -0.083836
    outer loop
      vertex -21.0265 160.473 5.5
      vertex -21.2761 160.283 6.77064
      vertex -21.2761 160.395 5.5
    endloop
  endfacet
  facet normal 0.302784 -0.949482 -0.082499
    outer loop
      vertex -21.2761 160.283 6.77064
      vertex -21.0265 160.473 5.5
      vertex -21.0265 160.362 6.7775
    endloop
  endfacet
  facet normal -0.537121 0.840289 0.0735859
    outer loop
      vertex -18.5293 155.098 5.5
      vertex -18.75 154.887 6.2985
      vertex -18.5293 155.027 6.31076
    endloop
  endfacet
  facet normal -0.536919 0.840411 0.0736741
    outer loop
      vertex -18.75 154.887 6.2985
      vertex -18.5293 155.098 5.5
      vertex -18.75 154.957 5.5
    endloop
  endfacet
  facet normal -0.887059 0.4599 0.0402345
    outer loop
      vertex -17.6519 156.059 5.5
      vertex -17.5311 156.212 6.41444
      vertex -17.5311 156.292 5.5
    endloop
  endfacet
  facet normal -0.886872 0.460268 0.0401482
    outer loop
      vertex -17.5311 156.212 6.41444
      vertex -17.6519 156.059 5.5
      vertex -17.6519 155.981 6.39421
    endloop
  endfacet
  facet normal -0.8439 0.53447 0.0466207
    outer loop
      vertex -17.7925 155.837 5.5
      vertex -17.6519 155.981 6.39421
      vertex -17.6519 156.059 5.5
    endloop
  endfacet
  facet normal -0.843548 0.535039 0.0464736
    outer loop
      vertex -17.6519 155.981 6.39421
      vertex -17.7925 155.837 5.5
      vertex -17.7925 155.761 6.37497
    endloop
  endfacet
  facet normal -0.045999 0.995127 0.0872153
    outer loop
      vertex -19.9885 154.565 5.5
      vertex -20.25 154.486 6.26347
      vertex -19.9885 154.498 6.26447
    endloop
  endfacet
  facet normal -0.0456657 0.995132 0.08733
    outer loop
      vertex -20.25 154.486 6.26347
      vertex -19.9885 154.565 5.5
      vertex -20.25 154.553 5.5
    endloop
  endfacet
  facet normal 0.976423 0.215041 0.0188798
    outer loop
      vertex -23.2044 156.956 6.47954
      vertex -23.1478 156.785 5.5
      vertex -23.2044 157.042 5.5
    endloop
  endfacet
  facet normal 0.976415 0.215078 0.018873
    outer loop
      vertex -23.1478 156.785 5.5
      vertex -23.2044 156.956 6.47954
      vertex -23.1478 156.701 6.45727
    endloop
  endfacet
  facet normal -0.609316 -0.789933 -0.0688495
    outer loop
      vertex -18.5293 160.031 5.5
      vertex -18.3216 159.764 6.72524
      vertex -18.5293 159.923 6.73912
    endloop
  endfacet
  facet normal -0.606378 -0.792105 -0.0698209
    outer loop
      vertex -18.3216 159.764 6.72524
      vertex -18.5293 160.031 5.5
      vertex -18.3216 159.872 5.5
    endloop
  endfacet
  facet normal -0.0459991 -0.995177 -0.0866441
    outer loop
      vertex -20.25 160.576 5.5
      vertex -19.9885 160.452 6.78541
      vertex -20.25 160.464 6.78641
    endloop
  endfacet
  facet normal -0.0418667 -0.995285 -0.0874952
    outer loop
      vertex -19.9885 160.452 6.78541
      vertex -20.25 160.576 5.5
      vertex -19.9885 160.565 5.5
    endloop
  endfacet
  facet normal 0.129472 0.987797 0.0865729
    outer loop
      vertex -20.7709 154.599 5.5
      vertex -20.5115 154.498 6.26447
      vertex -20.5115 154.565 5.5
    endloop
  endfacet
  facet normal 0.130447 0.987698 0.0862293
    outer loop
      vertex -20.5115 154.498 6.26447
      vertex -20.7709 154.599 5.5
      vertex -20.7709 154.532 6.26744
    endloop
  endfacet
  facet normal -0.737828 -0.672413 -0.0589138
    outer loop
      vertex -17.9519 159.5 5.5
      vertex -18.1287 159.588 6.70983
      vertex -18.1287 159.694 5.5
    endloop
  endfacet
  facet normal -0.736914 -0.673432 -0.0587061
    outer loop
      vertex -18.1287 159.588 6.70983
      vertex -17.9519 159.5 5.5
      vertex -17.9519 159.396 6.69301
    endloop
  endfacet
  facet normal -0.537121 -0.840265 -0.0738618
    outer loop
      vertex -18.75 160.173 5.5
      vertex -18.5293 159.923 6.73912
      vertex -18.75 160.063 6.75138
    endloop
  endfacet
  facet normal -0.539637 -0.838718 -0.0731015
    outer loop
      vertex -18.5293 159.923 6.73912
      vertex -18.75 160.173 5.5
      vertex -18.5293 160.031 5.5
    endloop
  endfacet
  facet normal -0.92342 -0.382341 -0.0333367
    outer loop
      vertex -17.4309 158.595 5.5
      vertex -17.5311 158.738 6.63544
      vertex -17.5311 158.837 5.5
    endloop
  endfacet
  facet normal -0.923888 -0.381192 -0.0335228
    outer loop
      vertex -17.5311 158.738 6.63544
      vertex -17.4309 158.595 5.5
      vertex -17.4309 158.497 6.61437
    endloop
  endfacet
  facet normal -0.88706 -0.459901 -0.0401931
    outer loop
      vertex -17.5311 158.837 5.5
      vertex -17.6519 158.969 6.65567
      vertex -17.6519 159.07 5.5
    endloop
  endfacet
  facet normal -0.886872 -0.460269 -0.0401313
    outer loop
      vertex -17.6519 158.969 6.65567
      vertex -17.5311 158.837 5.5
      vertex -17.5311 158.738 6.63544
    endloop
  endfacet
  facet normal -0.792616 -0.607418 -0.0529513
    outer loop
      vertex -17.7925 159.292 5.5
      vertex -17.9519 159.396 6.69301
      vertex -17.9519 159.5 5.5
    endloop
  endfacet
  facet normal -0.793432 -0.606333 -0.053155
    outer loop
      vertex -17.9519 159.396 6.69301
      vertex -17.7925 159.292 5.5
      vertex -17.7925 159.189 6.67491
    endloop
  endfacet
  facet normal 0.133217 -0.987329 -0.0862276
    outer loop
      vertex -20.5115 160.565 5.5
      vertex -20.7709 160.418 6.78243
      vertex -20.7709 160.53 5.5
    endloop
  endfacet
  facet normal 0.13045 -0.987646 -0.0868237
    outer loop
      vertex -20.7709 160.418 6.78243
      vertex -20.5115 160.565 5.5
      vertex -20.5115 160.452 6.78541
    endloop
  endfacet
  facet normal -0.13045 -0.987646 -0.0868237
    outer loop
      vertex -19.9885 160.565 5.5
      vertex -19.7291 160.418 6.78243
      vertex -19.9885 160.452 6.78541
    endloop
  endfacet
  facet normal -0.133217 -0.987329 -0.0862276
    outer loop
      vertex -19.7291 160.418 6.78243
      vertex -19.9885 160.565 5.5
      vertex -19.7291 160.53 5.5
    endloop
  endfacet
  facet normal 0.953865 -0.29908 -0.0263018
    outer loop
      vertex -23.0691 158.497 6.61437
      vertex -23.1478 158.344 5.5
      vertex -23.0691 158.595 5.5
    endloop
  endfacet
  facet normal 0.953836 -0.299176 -0.0262865
    outer loop
      vertex -23.1478 158.344 5.5
      vertex -23.0691 158.497 6.61437
      vertex -23.1478 158.248 6.59261
    endloop
  endfacet
  facet normal 0.999047 -0.04347 -0.00381705
    outer loop
      vertex -23.2386 157.735 6.54773
      vertex -23.25 157.565 5.5
      vertex -23.2386 157.827 5.5
    endloop
  endfacet
  facet normal 0.999047 -0.0434698 -0.00381708
    outer loop
      vertex -23.25 157.565 5.5
      vertex -23.2386 157.735 6.54773
      vertex -23.25 157.475 6.52494
    endloop
  endfacet
  facet normal 0.923973 0.380996 0.0333954
    outer loop
      vertex -23.0691 156.453 6.43551
      vertex -22.9689 156.292 5.5
      vertex -23.0691 156.535 5.5
    endloop
  endfacet
  facet normal 0.923888 0.381207 0.03335
    outer loop
      vertex -22.9689 156.292 5.5
      vertex -23.0691 156.453 6.43551
      vertex -22.9689 156.212 6.41444
    endloop
  endfacet
  facet normal 0.0459989 -0.995104 -0.0874793
    outer loop
      vertex -20.5115 160.565 5.5
      vertex -20.25 160.464 6.78641
      vertex -20.5115 160.452 6.78541
    endloop
  endfacet
  facet normal 0.0418697 -0.995358 -0.0866598
    outer loop
      vertex -20.25 160.464 6.78641
      vertex -20.5115 160.565 5.5
      vertex -20.25 160.576 5.5
    endloop
  endfacet
  facet normal 0.843891 -0.534464 -0.0468545
    outer loop
      vertex -22.7075 159.189 6.67491
      vertex -22.8481 159.07 5.5
      vertex -22.7075 159.292 5.5
    endloop
  endfacet
  facet normal 0.843548 -0.535015 -0.0467577
    outer loop
      vertex -22.8481 159.07 5.5
      vertex -22.7075 159.189 6.67491
      vertex -22.8481 158.969 6.65567
    endloop
  endfacet
  facet normal 0.991396 0.130407 0.011321
    outer loop
      vertex -23.2386 157.215 6.50215
      vertex -23.2044 157.042 5.5
      vertex -23.2386 157.302 5.5
    endloop
  endfacet
  facet normal 0.991459 0.129923 0.0114067
    outer loop
      vertex -23.2044 157.042 5.5
      vertex -23.2386 157.215 6.50215
      vertex -23.2044 156.956 6.47954
    endloop
  endfacet
  facet normal 0.737831 0.672415 0.058855
    outer loop
      vertex -22.5481 155.554 6.35687
      vertex -22.3713 155.435 5.5
      vertex -22.5481 155.629 5.5
    endloop
  endfacet
  facet normal 0.736914 0.673448 0.0585224
    outer loop
      vertex -22.3713 155.435 5.5
      vertex -22.5481 155.554 6.35687
      vertex -22.3713 155.362 6.34005
    endloop
  endfacet
  facet normal 0.676752 -0.733401 -0.0642574
    outer loop
      vertex -22.1784 159.872 5.5
      vertex -22.3713 159.588 6.70983
      vertex -22.3713 159.694 5.5
    endloop
  endfacet
  facet normal 0.675409 -0.734595 -0.0647516
    outer loop
      vertex -22.3713 159.588 6.70983
      vertex -22.1784 159.872 5.5
      vertex -22.1784 159.764 6.72524
    endloop
  endfacet
  facet normal 0.6088 0.790299 0.0692082
    outer loop
      vertex -22.1784 155.258 5.5
      vertex -21.9707 155.027 6.31076
      vertex -21.9707 155.098 5.5
    endloop
  endfacet
  facet normal 0.609316 0.789922 0.0689688
    outer loop
      vertex -21.9707 155.027 6.31076
      vertex -22.1784 155.258 5.5
      vertex -22.1784 155.186 6.32464
    endloop
  endfacet
  facet normal -0.302784 -0.949482 -0.082499
    outer loop
      vertex -19.4735 160.473 5.5
      vertex -19.2239 160.283 6.77064
      vertex -19.4735 160.362 6.7775
    endloop
  endfacet
  facet normal -0.297225 -0.95112 -0.083836
    outer loop
      vertex -19.2239 160.283 6.77064
      vertex -19.4735 160.473 5.5
      vertex -19.2239 160.395 5.5
    endloop
  endfacet
  facet normal 0.536919 0.840411 0.0736741
    outer loop
      vertex -21.9707 155.098 5.5
      vertex -21.75 154.887 6.2985
      vertex -21.75 154.957 5.5
    endloop
  endfacet
  facet normal 0.537121 0.840289 0.0735859
    outer loop
      vertex -21.75 154.887 6.2985
      vertex -21.9707 155.098 5.5
      vertex -21.9707 155.027 6.31076
    endloop
  endfacet
  facet normal 0.674693 0.735301 0.0641997
    outer loop
      vertex -22.3713 155.435 5.5
      vertex -22.1784 155.186 6.32464
      vertex -22.1784 155.258 5.5
    endloop
  endfacet
  facet normal 0.675409 0.734674 0.0638429
    outer loop
      vertex -22.1784 155.186 6.32464
      vertex -22.3713 155.435 5.5
      vertex -22.3713 155.362 6.34005
    endloop
  endfacet
  facet normal -0.737831 0.672415 0.058855
    outer loop
      vertex -18.1287 155.435 5.5
      vertex -17.9519 155.554 6.35687
      vertex -17.9519 155.629 5.5
    endloop
  endfacet
  facet normal -0.736914 0.673448 0.0585224
    outer loop
      vertex -17.9519 155.554 6.35687
      vertex -18.1287 155.435 5.5
      vertex -18.1287 155.362 6.34005
    endloop
  endfacet
  facet normal 0.991459 -0.129915 -0.0114095
    outer loop
      vertex -23.2044 157.994 6.57034
      vertex -23.2386 157.827 5.5
      vertex -23.2044 158.088 5.5
    endloop
  endfacet
  facet normal 0.991459 -0.129923 -0.0114084
    outer loop
      vertex -23.2386 157.827 5.5
      vertex -23.2044 157.994 6.57034
      vertex -23.2386 157.735 6.54773
    endloop
  endfacet
  facet normal -0.609316 0.789922 0.0689688
    outer loop
      vertex -18.3216 155.258 5.5
      vertex -18.5293 155.027 6.31076
      vertex -18.3216 155.186 6.32464
    endloop
  endfacet
  facet normal -0.6088 0.790299 0.0692082
    outer loop
      vertex -18.5293 155.027 6.31076
      vertex -18.3216 155.258 5.5
      vertex -18.5293 155.098 5.5
    endloop
  endfacet
  facet normal 0.88706 -0.459901 -0.0401931
    outer loop
      vertex -22.8481 158.969 6.65567
      vertex -22.9689 158.837 5.5
      vertex -22.8481 159.07 5.5
    endloop
  endfacet
  facet normal 0.886872 -0.460269 -0.0401313
    outer loop
      vertex -22.9689 158.837 5.5
      vertex -22.8481 158.969 6.65567
      vertex -22.9689 158.738 6.63544
    endloop
  endfacet
  facet normal 0.216872 0.972501 0.0849025
    outer loop
      vertex -21.0265 154.656 5.5
      vertex -20.7709 154.532 6.26744
      vertex -20.7709 154.599 5.5
    endloop
  endfacet
  facet normal 0.214809 0.972893 0.0856531
    outer loop
      vertex -20.7709 154.532 6.26744
      vertex -21.0265 154.656 5.5
      vertex -21.0265 154.588 6.27238
    endloop
  endfacet
  facet normal 0.463883 0.882519 0.0772794
    outer loop
      vertex -21.75 154.957 5.5
      vertex -21.5179 154.766 6.28797
      vertex -21.5179 154.835 5.5
    endloop
  endfacet
  facet normal 0.463651 0.882633 0.0773755
    outer loop
      vertex -21.5179 154.766 6.28797
      vertex -21.75 154.957 5.5
      vertex -21.75 154.887 6.2985
    endloop
  endfacet
  facet normal 0.737828 -0.672413 -0.0589138
    outer loop
      vertex -22.3713 159.588 6.70983
      vertex -22.5481 159.5 5.5
      vertex -22.3713 159.694 5.5
    endloop
  endfacet
  facet normal 0.736914 -0.673432 -0.0587061
    outer loop
      vertex -22.5481 159.5 5.5
      vertex -22.3713 159.588 6.70983
      vertex -22.5481 159.396 6.69301
    endloop
  endfacet
  facet normal -0.976244 -0.215841 -0.0189645
    outer loop
      vertex 23.2044 158.088 5.5
      vertex 23.1478 158.248 6.59261
      vertex 23.1478 158.344 5.5
    endloop
  endfacet
  facet normal -0.976236 -0.215877 -0.0189589
    outer loop
      vertex 23.1478 158.248 6.59261
      vertex 23.2044 158.088 5.5
      vertex 23.2044 157.994 6.57034
    endloop
  endfacet
  facet normal -0.991459 -0.129915 -0.0114095
    outer loop
      vertex 23.2386 157.827 5.5
      vertex 23.2044 157.994 6.57034
      vertex 23.2044 158.088 5.5
    endloop
  endfacet
  facet normal -0.991459 -0.129923 -0.0114084
    outer loop
      vertex 23.2044 157.994 6.57034
      vertex 23.2386 157.827 5.5
      vertex 23.2386 157.735 6.54773
    endloop
  endfacet
  facet normal -0.999047 -0.04347 -0.00381705
    outer loop
      vertex 23.25 157.565 5.5
      vertex 23.2386 157.735 6.54773
      vertex 23.2386 157.827 5.5
    endloop
  endfacet
  facet normal -0.999047 -0.0434698 -0.00381708
    outer loop
      vertex 23.2386 157.735 6.54773
      vertex 23.25 157.565 5.5
      vertex 23.25 157.475 6.52494
    endloop
  endfacet
  facet normal -0.13045 -0.987646 -0.0868237
    outer loop
      vertex 20.5115 160.565 5.5
      vertex 20.7709 160.418 6.78243
      vertex 20.5115 160.452 6.78541
    endloop
  endfacet
  facet normal -0.133217 -0.987329 -0.0862276
    outer loop
      vertex 20.7709 160.418 6.78243
      vertex 20.5115 160.565 5.5
      vertex 20.7709 160.53 5.5
    endloop
  endfacet
  facet normal 0.953865 -0.29908 -0.0263018
    outer loop
      vertex 17.4309 158.497 6.61437
      vertex 17.3522 158.344 5.5
      vertex 17.4309 158.595 5.5
    endloop
  endfacet
  facet normal 0.953836 -0.299176 -0.0262865
    outer loop
      vertex 17.3522 158.344 5.5
      vertex 17.4309 158.497 6.61437
      vertex 17.3522 158.248 6.59261
    endloop
  endfacet
  facet normal 0.539637 -0.838718 -0.0731015
    outer loop
      vertex 18.75 160.173 5.5
      vertex 18.5293 159.923 6.73912
      vertex 18.5293 160.031 5.5
    endloop
  endfacet
  facet normal 0.537121 -0.840265 -0.0738618
    outer loop
      vertex 18.5293 159.923 6.73912
      vertex 18.75 160.173 5.5
      vertex 18.75 160.063 6.75138
    endloop
  endfacet
  facet normal -0.214806 -0.972953 -0.0849721
    outer loop
      vertex 20.7709 160.53 5.5
      vertex 21.0265 160.362 6.7775
      vertex 20.7709 160.418 6.78243
    endloop
  endfacet
  facet normal -0.21688 -0.972534 -0.084502
    outer loop
      vertex 21.0265 160.362 6.7775
      vertex 20.7709 160.53 5.5
      vertex 21.0265 160.473 5.5
    endloop
  endfacet
  facet normal 0.999055 0.043305 0.00380262
    outer loop
      vertex 17.25 157.475 6.52494
      vertex 17.2614 157.302 5.5
      vertex 17.25 157.565 5.5
    endloop
  endfacet
  facet normal 0.999047 0.0434736 0.00377409
    outer loop
      vertex 17.2614 157.302 5.5
      vertex 17.25 157.475 6.52494
      vertex 17.2614 157.215 6.50215
    endloop
  endfacet
  facet normal -0.302784 -0.949482 -0.082499
    outer loop
      vertex 21.0265 160.473 5.5
      vertex 21.2761 160.283 6.77064
      vertex 21.0265 160.362 6.7775
    endloop
  endfacet
  facet normal -0.297225 -0.95112 -0.083836
    outer loop
      vertex 21.2761 160.283 6.77064
      vertex 21.0265 160.473 5.5
      vertex 21.2761 160.395 5.5
    endloop
  endfacet
  facet normal 0.606378 -0.792105 -0.0698209
    outer loop
      vertex 18.5293 160.031 5.5
      vertex 18.3216 159.764 6.72524
      vertex 18.3216 159.872 5.5
    endloop
  endfacet
  facet normal 0.609316 -0.789933 -0.0688495
    outer loop
      vertex 18.3216 159.764 6.72524
      vertex 18.5293 160.031 5.5
      vertex 18.5293 159.923 6.73912
    endloop
  endfacet
  facet normal 0.384187 -0.919767 -0.0801756
    outer loop
      vertex 19.2239 160.395 5.5
      vertex 18.9821 160.184 6.76191
      vertex 18.9821 160.294 5.5
    endloop
  endfacet
  facet normal 0.380159 -0.921349 -0.0812119
    outer loop
      vertex 18.9821 160.184 6.76191
      vertex 19.2239 160.395 5.5
      vertex 19.2239 160.283 6.77064
    endloop
  endfacet
  facet normal -0.675409 0.734674 0.0638429
    outer loop
      vertex 22.3713 155.435 5.5
      vertex 22.1784 155.186 6.32464
      vertex 22.3713 155.362 6.34005
    endloop
  endfacet
  facet normal -0.674693 0.735301 0.0641997
    outer loop
      vertex 22.1784 155.186 6.32464
      vertex 22.3713 155.435 5.5
      vertex 22.1784 155.258 5.5
    endloop
  endfacet
  facet normal -0.991396 0.130407 0.011321
    outer loop
      vertex 23.2044 157.042 5.5
      vertex 23.2386 157.215 6.50215
      vertex 23.2386 157.302 5.5
    endloop
  endfacet
  facet normal -0.991459 0.129923 0.0114067
    outer loop
      vertex 23.2386 157.215 6.50215
      vertex 23.2044 157.042 5.5
      vertex 23.2044 156.956 6.47954
    endloop
  endfacet
  facet normal 0.6088 0.790299 0.0692082
    outer loop
      vertex 18.3216 155.258 5.5
      vertex 18.5293 155.027 6.31076
      vertex 18.5293 155.098 5.5
    endloop
  endfacet
  facet normal 0.609316 0.789922 0.0689688
    outer loop
      vertex 18.5293 155.027 6.31076
      vertex 18.3216 155.258 5.5
      vertex 18.3216 155.186 6.32464
    endloop
  endfacet
  facet normal -0.953865 -0.29908 -0.0263018
    outer loop
      vertex 23.1478 158.344 5.5
      vertex 23.0691 158.497 6.61437
      vertex 23.0691 158.595 5.5
    endloop
  endfacet
  facet normal -0.953836 -0.299176 -0.0262865
    outer loop
      vertex 23.0691 158.497 6.61437
      vertex 23.1478 158.344 5.5
      vertex 23.1478 158.248 6.59261
    endloop
  endfacet
  facet normal -0.675409 -0.734595 -0.0647516
    outer loop
      vertex 22.1784 159.872 5.5
      vertex 22.3713 159.588 6.70983
      vertex 22.1784 159.764 6.72524
    endloop
  endfacet
  facet normal -0.676752 -0.733401 -0.0642574
    outer loop
      vertex 22.3713 159.588 6.70983
      vertex 22.1784 159.872 5.5
      vertex 22.3713 159.694 5.5
    endloop
  endfacet
  facet normal -0.609316 -0.789933 -0.0688495
    outer loop
      vertex 21.9707 160.031 5.5
      vertex 22.1784 159.764 6.72524
      vertex 21.9707 159.923 6.73912
    endloop
  endfacet
  facet normal -0.606378 -0.792105 -0.0698209
    outer loop
      vertex 22.1784 159.764 6.72524
      vertex 21.9707 160.031 5.5
      vertex 22.1784 159.872 5.5
    endloop
  endfacet
  facet normal 0.887059 0.4599 0.0402345
    outer loop
      vertex 17.5311 156.212 6.41444
      vertex 17.6519 156.059 5.5
      vertex 17.5311 156.292 5.5
    endloop
  endfacet
  facet normal 0.886872 0.460268 0.0401482
    outer loop
      vertex 17.6519 156.059 5.5
      vertex 17.5311 156.212 6.41444
      vertex 17.6519 155.981 6.39421
    endloop
  endfacet
  facet normal -0.792624 0.607424 0.0527609
    outer loop
      vertex 22.5481 155.629 5.5
      vertex 22.7075 155.761 6.37497
      vertex 22.7075 155.837 5.5
    endloop
  endfacet
  facet normal -0.793432 0.606341 0.0530717
    outer loop
      vertex 22.7075 155.761 6.37497
      vertex 22.5481 155.629 5.5
      vertex 22.5481 155.554 6.35687
    endloop
  endfacet
  facet normal -0.792616 -0.607418 -0.0529513
    outer loop
      vertex 22.7075 159.292 5.5
      vertex 22.5481 159.396 6.69301
      vertex 22.5481 159.5 5.5
    endloop
  endfacet
  facet normal -0.793432 -0.606333 -0.053155
    outer loop
      vertex 22.5481 159.396 6.69301
      vertex 22.7075 159.292 5.5
      vertex 22.7075 159.189 6.67491
    endloop
  endfacet
  facet normal -0.976423 0.215041 0.0188798
    outer loop
      vertex 23.1478 156.785 5.5
      vertex 23.2044 156.956 6.47954
      vertex 23.2044 157.042 5.5
    endloop
  endfacet
  facet normal -0.976415 0.215078 0.018873
    outer loop
      vertex 23.2044 156.956 6.47954
      vertex 23.1478 156.785 5.5
      vertex 23.1478 156.701 6.45727
    endloop
  endfacet
  facet normal 0.737831 0.672415 0.058855
    outer loop
      vertex 17.9519 155.554 6.35687
      vertex 18.1287 155.435 5.5
      vertex 17.9519 155.629 5.5
    endloop
  endfacet
  facet normal 0.736914 0.673448 0.0585224
    outer loop
      vertex 18.1287 155.435 5.5
      vertex 17.9519 155.554 6.35687
      vertex 18.1287 155.362 6.34005
    endloop
  endfacet
  facet normal -0.463651 -0.882671 -0.0769419
    outer loop
      vertex 21.5179 160.294 5.5
      vertex 21.75 160.063 6.75138
      vertex 21.5179 160.184 6.76191
    endloop
  endfacet
  facet normal -0.460881 -0.884053 -0.0777109
    outer loop
      vertex 21.75 160.063 6.75138
      vertex 21.5179 160.294 5.5
      vertex 21.75 160.173 5.5
    endloop
  endfacet
  facet normal -0.537121 -0.840265 -0.0738618
    outer loop
      vertex 21.75 160.173 5.5
      vertex 21.9707 159.923 6.73912
      vertex 21.75 160.063 6.75138
    endloop
  endfacet
  facet normal -0.539637 -0.838718 -0.0731015
    outer loop
      vertex 21.9707 159.923 6.73912
      vertex 21.75 160.173 5.5
      vertex 21.9707 160.031 5.5
    endloop
  endfacet
  facet normal 0.676752 -0.733401 -0.0642574
    outer loop
      vertex 18.3216 159.872 5.5
      vertex 18.1287 159.588 6.70983
      vertex 18.1287 159.694 5.5
    endloop
  endfacet
  facet normal 0.675409 -0.734595 -0.0647516
    outer loop
      vertex 18.1287 159.588 6.70983
      vertex 18.3216 159.872 5.5
      vertex 18.3216 159.764 6.72524
    endloop
  endfacet
  facet normal -0.92342 -0.382341 -0.0333367
    outer loop
      vertex 23.0691 158.595 5.5
      vertex 22.9689 158.738 6.63544
      vertex 22.9689 158.837 5.5
    endloop
  endfacet
  facet normal -0.923888 -0.381192 -0.0335228
    outer loop
      vertex 22.9689 158.738 6.63544
      vertex 23.0691 158.595 5.5
      vertex 23.0691 158.497 6.61437
    endloop
  endfacet
  facet normal -0.923973 0.380996 0.0333954
    outer loop
      vertex 22.9689 156.292 5.5
      vertex 23.0691 156.453 6.43551
      vertex 23.0691 156.535 5.5
    endloop
  endfacet
  facet normal -0.923888 0.381207 0.03335
    outer loop
      vertex 23.0691 156.453 6.43551
      vertex 22.9689 156.292 5.5
      vertex 22.9689 156.212 6.41444
    endloop
  endfacet
  facet normal -0.380159 -0.921349 -0.0812119
    outer loop
      vertex 21.2761 160.395 5.5
      vertex 21.5179 160.184 6.76191
      vertex 21.2761 160.283 6.77064
    endloop
  endfacet
  facet normal -0.384187 -0.919767 -0.0801756
    outer loop
      vertex 21.5179 160.184 6.76191
      vertex 21.2761 160.395 5.5
      vertex 21.5179 160.294 5.5
    endloop
  endfacet
  facet normal 0.953522 0.300169 0.0263397
    outer loop
      vertex 17.3522 156.701 6.45727
      vertex 17.4309 156.535 5.5
      vertex 17.3522 156.785 5.5
    endloop
  endfacet
  facet normal 0.953491 0.30027 0.0263195
    outer loop
      vertex 17.4309 156.535 5.5
      vertex 17.3522 156.701 6.45727
      vertex 17.4309 156.453 6.43551
    endloop
  endfacet
  facet normal -0.999055 0.043305 0.00380262
    outer loop
      vertex 23.2386 157.302 5.5
      vertex 23.25 157.475 6.52494
      vertex 23.25 157.565 5.5
    endloop
  endfacet
  facet normal -0.999047 0.0434736 0.00377409
    outer loop
      vertex 23.25 157.475 6.52494
      vertex 23.2386 157.302 5.5
      vertex 23.2386 157.215 6.50215
    endloop
  endfacet
  facet normal -0.045999 0.995127 0.0872153
    outer loop
      vertex 20.5115 154.565 5.5
      vertex 20.25 154.486 6.26347
      vertex 20.5115 154.498 6.26447
    endloop
  endfacet
  facet normal -0.0456657 0.995132 0.08733
    outer loop
      vertex 20.25 154.486 6.26347
      vertex 20.5115 154.565 5.5
      vertex 20.25 154.553 5.5
    endloop
  endfacet
  facet normal -0.609316 0.789922 0.0689688
    outer loop
      vertex 22.1784 155.258 5.5
      vertex 21.9707 155.027 6.31076
      vertex 22.1784 155.186 6.32464
    endloop
  endfacet
  facet normal -0.6088 0.790299 0.0692082
    outer loop
      vertex 21.9707 155.027 6.31076
      vertex 22.1784 155.258 5.5
      vertex 21.9707 155.098 5.5
    endloop
  endfacet
  facet normal 0.297225 -0.95112 -0.083836
    outer loop
      vertex 19.4735 160.473 5.5
      vertex 19.2239 160.283 6.77064
      vertex 19.2239 160.395 5.5
    endloop
  endfacet
  facet normal 0.302784 -0.949482 -0.082499
    outer loop
      vertex 19.2239 160.283 6.77064
      vertex 19.4735 160.473 5.5
      vertex 19.4735 160.362 6.7775
    endloop
  endfacet
  facet normal 0.0459989 -0.995104 -0.0874793
    outer loop
      vertex 19.9885 160.565 5.5
      vertex 20.25 160.464 6.78641
      vertex 19.9885 160.452 6.78541
    endloop
  endfacet
  facet normal 0.0418697 -0.995358 -0.0866598
    outer loop
      vertex 20.25 160.464 6.78641
      vertex 19.9885 160.565 5.5
      vertex 20.25 160.576 5.5
    endloop
  endfacet
  facet normal 0.976244 -0.215841 -0.0189645
    outer loop
      vertex 17.3522 158.248 6.59261
      vertex 17.2956 158.088 5.5
      vertex 17.3522 158.344 5.5
    endloop
  endfacet
  facet normal 0.976236 -0.215877 -0.0189589
    outer loop
      vertex 17.2956 158.088 5.5
      vertex 17.3522 158.248 6.59261
      vertex 17.2956 157.994 6.57034
    endloop
  endfacet
  facet normal -0.537121 0.840289 0.0735859
    outer loop
      vertex 21.9707 155.098 5.5
      vertex 21.75 154.887 6.2985
      vertex 21.9707 155.027 6.31076
    endloop
  endfacet
  facet normal -0.536919 0.840411 0.0736741
    outer loop
      vertex 21.75 154.887 6.2985
      vertex 21.9707 155.098 5.5
      vertex 21.75 154.957 5.5
    endloop
  endfacet
  facet normal -0.130447 0.987698 0.0862293
    outer loop
      vertex 20.7709 154.599 5.5
      vertex 20.5115 154.498 6.26447
      vertex 20.7709 154.532 6.26744
    endloop
  endfacet
  facet normal -0.129472 0.987797 0.0865729
    outer loop
      vertex 20.5115 154.498 6.26447
      vertex 20.7709 154.599 5.5
      vertex 20.5115 154.565 5.5
    endloop
  endfacet
  facet normal -0.953522 0.300169 0.0263397
    outer loop
      vertex 23.0691 156.535 5.5
      vertex 23.1478 156.701 6.45727
      vertex 23.1478 156.785 5.5
    endloop
  endfacet
  facet normal -0.953491 0.30027 0.0263195
    outer loop
      vertex 23.1478 156.701 6.45727
      vertex 23.0691 156.535 5.5
      vertex 23.0691 156.453 6.43551
    endloop
  endfacet
  facet normal -0.8439 0.53447 0.0466207
    outer loop
      vertex 22.7075 155.837 5.5
      vertex 22.8481 155.981 6.39421
      vertex 22.8481 156.059 5.5
    endloop
  endfacet
  facet normal -0.843548 0.535039 0.0464736
    outer loop
      vertex 22.8481 155.981 6.39421
      vertex 22.7075 155.837 5.5
      vertex 22.7075 155.761 6.37497
    endloop
  endfacet
  facet normal 0.792616 -0.607418 -0.0529513
    outer loop
      vertex 17.9519 159.396 6.69301
      vertex 17.7925 159.292 5.5
      vertex 17.9519 159.5 5.5
    endloop
  endfacet
  facet normal 0.793432 -0.606333 -0.053155
    outer loop
      vertex 17.7925 159.292 5.5
      vertex 17.9519 159.396 6.69301
      vertex 17.7925 159.189 6.67491
    endloop
  endfacet
  facet normal 0.923973 0.380996 0.0333954
    outer loop
      vertex 17.4309 156.453 6.43551
      vertex 17.5311 156.292 5.5
      vertex 17.4309 156.535 5.5
    endloop
  endfacet
  facet normal 0.923888 0.381207 0.03335
    outer loop
      vertex 17.5311 156.292 5.5
      vertex 17.4309 156.453 6.43551
      vertex 17.5311 156.212 6.41444
    endloop
  endfacet
  facet normal -0.88706 -0.459901 -0.0401931
    outer loop
      vertex 22.9689 158.837 5.5
      vertex 22.8481 158.969 6.65567
      vertex 22.8481 159.07 5.5
    endloop
  endfacet
  facet normal -0.886872 -0.460269 -0.0401313
    outer loop
      vertex 22.8481 158.969 6.65567
      vertex 22.9689 158.837 5.5
      vertex 22.9689 158.738 6.63544
    endloop
  endfacet
  facet normal -0.302784 0.949451 0.0828534
    outer loop
      vertex 21.2761 154.735 5.5
      vertex 21.0265 154.588 6.27238
      vertex 21.2761 154.667 6.27924
    endloop
  endfacet
  facet normal -0.300695 0.950045 0.0836416
    outer loop
      vertex 21.0265 154.588 6.27238
      vertex 21.2761 154.735 5.5
      vertex 21.0265 154.656 5.5
    endloop
  endfacet
  facet normal 0.129472 0.987797 0.0865729
    outer loop
      vertex 19.7291 154.599 5.5
      vertex 19.9885 154.498 6.26447
      vertex 19.9885 154.565 5.5
    endloop
  endfacet
  facet normal 0.130447 0.987698 0.0862293
    outer loop
      vertex 19.9885 154.498 6.26447
      vertex 19.7291 154.599 5.5
      vertex 19.7291 154.532 6.26744
    endloop
  endfacet
  facet normal -0.843891 -0.534464 -0.0468545
    outer loop
      vertex 22.8481 159.07 5.5
      vertex 22.7075 159.189 6.67491
      vertex 22.7075 159.292 5.5
    endloop
  endfacet
  facet normal -0.843548 -0.535015 -0.0467577
    outer loop
      vertex 22.7075 159.189 6.67491
      vertex 22.8481 159.07 5.5
      vertex 22.8481 158.969 6.65567
    endloop
  endfacet
  facet normal 0.999047 -0.04347 -0.00381705
    outer loop
      vertex 17.2614 157.735 6.54773
      vertex 17.25 157.565 5.5
      vertex 17.2614 157.827 5.5
    endloop
  endfacet
  facet normal 0.999047 -0.0434698 -0.00381708
    outer loop
      vertex 17.25 157.565 5.5
      vertex 17.2614 157.735 6.54773
      vertex 17.25 157.475 6.52494
    endloop
  endfacet
  facet normal 0.737828 -0.672413 -0.0589138
    outer loop
      vertex 18.1287 159.588 6.70983
      vertex 17.9519 159.5 5.5
      vertex 18.1287 159.694 5.5
    endloop
  endfacet
  facet normal 0.736914 -0.673432 -0.0587061
    outer loop
      vertex 17.9519 159.5 5.5
      vertex 18.1287 159.588 6.70983
      vertex 17.9519 159.396 6.69301
    endloop
  endfacet
  facet normal 0.8439 0.53447 0.0466207
    outer loop
      vertex 17.6519 155.981 6.39421
      vertex 17.7925 155.837 5.5
      vertex 17.6519 156.059 5.5
    endloop
  endfacet
  facet normal 0.843548 0.535039 0.0464736
    outer loop
      vertex 17.7925 155.837 5.5
      vertex 17.6519 155.981 6.39421
      vertex 17.7925 155.761 6.37497
    endloop
  endfacet
  facet normal 0.843891 -0.534464 -0.0468545
    outer loop
      vertex 17.7925 159.189 6.67491
      vertex 17.6519 159.07 5.5
      vertex 17.7925 159.292 5.5
    endloop
  endfacet
  facet normal 0.843548 -0.535015 -0.0467577
    outer loop
      vertex 17.6519 159.07 5.5
      vertex 17.7925 159.189 6.67491
      vertex 17.6519 158.969 6.65567
    endloop
  endfacet
  facet normal 0.460881 -0.884053 -0.0777109
    outer loop
      vertex 18.9821 160.294 5.5
      vertex 18.75 160.063 6.75138
      vertex 18.75 160.173 5.5
    endloop
  endfacet
  facet normal 0.463651 -0.882671 -0.0769419
    outer loop
      vertex 18.75 160.063 6.75138
      vertex 18.9821 160.294 5.5
      vertex 18.9821 160.184 6.76191
    endloop
  endfacet
  facet normal 0.991396 0.130407 0.011321
    outer loop
      vertex 17.2614 157.215 6.50215
      vertex 17.2956 157.042 5.5
      vertex 17.2614 157.302 5.5
    endloop
  endfacet
  facet normal 0.991459 0.129923 0.0114067
    outer loop
      vertex 17.2956 157.042 5.5
      vertex 17.2614 157.215 6.50215
      vertex 17.2956 156.956 6.47954
    endloop
  endfacet
  facet normal 0.216872 0.972501 0.0849025
    outer loop
      vertex 19.4735 154.656 5.5
      vertex 19.7291 154.532 6.26744
      vertex 19.7291 154.599 5.5
    endloop
  endfacet
  facet normal 0.214809 0.972893 0.0856531
    outer loop
      vertex 19.7291 154.532 6.26744
      vertex 19.4735 154.656 5.5
      vertex 19.4735 154.588 6.27238
    endloop
  endfacet
  facet normal -0.0459991 -0.995177 -0.0866441
    outer loop
      vertex 20.25 160.576 5.5
      vertex 20.5115 160.452 6.78541
      vertex 20.25 160.464 6.78641
    endloop
  endfacet
  facet normal -0.0418667 -0.995285 -0.0874952
    outer loop
      vertex 20.5115 160.452 6.78541
      vertex 20.25 160.576 5.5
      vertex 20.5115 160.565 5.5
    endloop
  endfacet
  facet normal 0.133217 -0.987329 -0.0862276
    outer loop
      vertex 19.9885 160.565 5.5
      vertex 19.7291 160.418 6.78243
      vertex 19.7291 160.53 5.5
    endloop
  endfacet
  facet normal 0.13045 -0.987646 -0.0868237
    outer loop
      vertex 19.7291 160.418 6.78243
      vertex 19.9885 160.565 5.5
      vertex 19.9885 160.452 6.78541
    endloop
  endfacet
  facet normal -0.463651 0.882633 0.0773755
    outer loop
      vertex 21.75 154.957 5.5
      vertex 21.5179 154.766 6.28797
      vertex 21.75 154.887 6.2985
    endloop
  endfacet
  facet normal -0.463883 0.882519 0.0772794
    outer loop
      vertex 21.5179 154.766 6.28797
      vertex 21.75 154.957 5.5
      vertex 21.5179 154.835 5.5
    endloop
  endfacet
  facet normal -0.380159 0.921395 0.0806836
    outer loop
      vertex 21.5179 154.835 5.5
      vertex 21.2761 154.667 6.27924
      vertex 21.5179 154.766 6.28797
    endloop
  endfacet
  facet normal -0.380935 0.921101 0.0803795
    outer loop
      vertex 21.2761 154.667 6.27924
      vertex 21.5179 154.835 5.5
      vertex 21.2761 154.735 5.5
    endloop
  endfacet
  facet normal -0.737828 -0.672413 -0.0589138
    outer loop
      vertex 22.5481 159.5 5.5
      vertex 22.3713 159.588 6.70983
      vertex 22.3713 159.694 5.5
    endloop
  endfacet
  facet normal -0.736914 -0.673432 -0.0587061
    outer loop
      vertex 22.3713 159.588 6.70983
      vertex 22.5481 159.5 5.5
      vertex 22.5481 159.396 6.69301
    endloop
  endfacet
  facet normal 0.674693 0.735301 0.0641997
    outer loop
      vertex 18.1287 155.435 5.5
      vertex 18.3216 155.186 6.32464
      vertex 18.3216 155.258 5.5
    endloop
  endfacet
  facet normal 0.675409 0.734674 0.0638429
    outer loop
      vertex 18.3216 155.186 6.32464
      vertex 18.1287 155.435 5.5
      vertex 18.1287 155.362 6.34005
    endloop
  endfacet
  facet normal 0.536919 0.840411 0.0736741
    outer loop
      vertex 18.5293 155.098 5.5
      vertex 18.75 154.887 6.2985
      vertex 18.75 154.957 5.5
    endloop
  endfacet
  facet normal 0.537121 0.840289 0.0735859
    outer loop
      vertex 18.75 154.887 6.2985
      vertex 18.5293 155.098 5.5
      vertex 18.5293 155.027 6.31076
    endloop
  endfacet
  facet normal -0.887059 0.4599 0.0402345
    outer loop
      vertex 22.8481 156.059 5.5
      vertex 22.9689 156.212 6.41444
      vertex 22.9689 156.292 5.5
    endloop
  endfacet
  facet normal -0.886872 0.460268 0.0401482
    outer loop
      vertex 22.9689 156.212 6.41444
      vertex 22.8481 156.059 5.5
      vertex 22.8481 155.981 6.39421
    endloop
  endfacet
  facet normal 0.380935 0.921101 0.0803795
    outer loop
      vertex 18.9821 154.835 5.5
      vertex 19.2239 154.667 6.27924
      vertex 19.2239 154.735 5.5
    endloop
  endfacet
  facet normal 0.380159 0.921395 0.0806836
    outer loop
      vertex 19.2239 154.667 6.27924
      vertex 18.9821 154.835 5.5
      vertex 18.9821 154.766 6.28797
    endloop
  endfacet
  facet normal 0.792624 0.607424 0.0527609
    outer loop
      vertex 17.7925 155.761 6.37497
      vertex 17.9519 155.629 5.5
      vertex 17.7925 155.837 5.5
    endloop
  endfacet
  facet normal 0.793432 0.606341 0.0530717
    outer loop
      vertex 17.9519 155.629 5.5
      vertex 17.7925 155.761 6.37497
      vertex 17.9519 155.554 6.35687
    endloop
  endfacet
  facet normal 0.976423 0.215041 0.0188798
    outer loop
      vertex 17.2956 156.956 6.47954
      vertex 17.3522 156.785 5.5
      vertex 17.2956 157.042 5.5
    endloop
  endfacet
  facet normal 0.976415 0.215078 0.018873
    outer loop
      vertex 17.3522 156.785 5.5
      vertex 17.2956 156.956 6.47954
      vertex 17.3522 156.701 6.45727
    endloop
  endfacet
  facet normal 0.21688 -0.972534 -0.084502
    outer loop
      vertex 19.7291 160.53 5.5
      vertex 19.4735 160.362 6.7775
      vertex 19.4735 160.473 5.5
    endloop
  endfacet
  facet normal 0.214806 -0.972953 -0.0849721
    outer loop
      vertex 19.4735 160.362 6.7775
      vertex 19.7291 160.53 5.5
      vertex 19.7291 160.418 6.78243
    endloop
  endfacet
  facet normal 0.92342 -0.382341 -0.0333367
    outer loop
      vertex 17.5311 158.738 6.63544
      vertex 17.4309 158.595 5.5
      vertex 17.5311 158.837 5.5
    endloop
  endfacet
  facet normal 0.923888 -0.381192 -0.0335228
    outer loop
      vertex 17.4309 158.595 5.5
      vertex 17.5311 158.738 6.63544
      vertex 17.4309 158.497 6.61437
    endloop
  endfacet
  facet normal 0.045999 0.995117 0.0873287
    outer loop
      vertex 20.25 154.553 5.5
      vertex 19.9885 154.498 6.26447
      vertex 20.25 154.486 6.26347
    endloop
  endfacet
  facet normal 0.0456662 0.995142 0.0872167
    outer loop
      vertex 19.9885 154.498 6.26447
      vertex 20.25 154.553 5.5
      vertex 19.9885 154.565 5.5
    endloop
  endfacet
  facet normal 0.991459 -0.129915 -0.0114095
    outer loop
      vertex 17.2956 157.994 6.57034
      vertex 17.2614 157.827 5.5
      vertex 17.2956 158.088 5.5
    endloop
  endfacet
  facet normal 0.991459 -0.129923 -0.0114084
    outer loop
      vertex 17.2614 157.827 5.5
      vertex 17.2956 157.994 6.57034
      vertex 17.2614 157.735 6.54773
    endloop
  endfacet
  facet normal 0.300695 0.950045 0.0836416
    outer loop
      vertex 19.2239 154.735 5.5
      vertex 19.4735 154.588 6.27238
      vertex 19.4735 154.656 5.5
    endloop
  endfacet
  facet normal 0.302784 0.949451 0.0828534
    outer loop
      vertex 19.4735 154.588 6.27238
      vertex 19.2239 154.735 5.5
      vertex 19.2239 154.667 6.27924
    endloop
  endfacet
  facet normal -0.214809 0.972893 0.0856531
    outer loop
      vertex 21.0265 154.656 5.5
      vertex 20.7709 154.532 6.26744
      vertex 21.0265 154.588 6.27238
    endloop
  endfacet
  facet normal -0.216872 0.972501 0.0849025
    outer loop
      vertex 20.7709 154.532 6.26744
      vertex 21.0265 154.656 5.5
      vertex 20.7709 154.599 5.5
    endloop
  endfacet
  facet normal -0.737831 0.672415 0.058855
    outer loop
      vertex 22.3713 155.435 5.5
      vertex 22.5481 155.554 6.35687
      vertex 22.5481 155.629 5.5
    endloop
  endfacet
  facet normal -0.736914 0.673448 0.0585224
    outer loop
      vertex 22.5481 155.554 6.35687
      vertex 22.3713 155.435 5.5
      vertex 22.3713 155.362 6.34005
    endloop
  endfacet
  facet normal 0.463883 0.882519 0.0772794
    outer loop
      vertex 18.75 154.957 5.5
      vertex 18.9821 154.766 6.28797
      vertex 18.9821 154.835 5.5
    endloop
  endfacet
  facet normal 0.463651 0.882633 0.0773755
    outer loop
      vertex 18.9821 154.766 6.28797
      vertex 18.75 154.957 5.5
      vertex 18.75 154.887 6.2985
    endloop
  endfacet
  facet normal 0.88706 -0.459901 -0.0401931
    outer loop
      vertex 17.6519 158.969 6.65567
      vertex 17.5311 158.837 5.5
      vertex 17.6519 159.07 5.5
    endloop
  endfacet
  facet normal 0.886872 -0.460269 -0.0401313
    outer loop
      vertex 17.5311 158.837 5.5
      vertex 17.6519 158.969 6.65567
      vertex 17.5311 158.738 6.63544
    endloop
  endfacet
  facet normal 1 0 0
    outer loop
      vertex 43.5 161.89 93.7417
      vertex 43.5 145.519 5.5
      vertex 43.5 169.61 5.5
    endloop
  endfacet
  facet normal 1 0 -0
    outer loop
      vertex 43.5 145.519 5.5
      vertex 43.5 161.89 93.7417
      vertex 43.5 137.982 91.6499
    endloop
  endfacet
  facet normal 1 0 0
    outer loop
      vertex 43.5 170 1.04786
      vertex 43.5 170 0
      vertex 43.5 170.092 0
    endloop
  endfacet
  facet normal -4.52221e-05 -0.0871607 0.996194
    outer loop
      vertex 43.5 161.89 93.7417
      vertex 40.9455 159.346 93.519
      vertex 43.5 137.982 91.6499
    endloop
  endfacet
  facet normal 0 -0.0872058 0.99619
    outer loop
      vertex 43.5 161.89 93.7417
      vertex -40.9455 159.346 93.519
      vertex 40.9455 159.346 93.519
    endloop
  endfacet
  facet normal 5.7448e-05 -0.0871486 0.996195
    outer loop
      vertex -40.9455 159.346 93.519
      vertex -43.5 161.89 93.7417
      vertex -40.9455 140.526 91.8726
    endloop
  endfacet
  facet normal 0 -0.0872058 0.99619
    outer loop
      vertex -43.5 161.89 93.7417
      vertex -40.9455 159.346 93.519
      vertex 43.5 161.89 93.7417
    endloop
  endfacet
  facet normal 5.7448e-05 -0.0871486 0.996195
    outer loop
      vertex 40.9455 140.526 91.8726
      vertex 43.5 137.982 91.6499
      vertex 40.9455 159.346 93.519
    endloop
  endfacet
  facet normal 0 -0.0872058 0.99619
    outer loop
      vertex -40.9455 140.526 91.8726
      vertex 43.5 137.982 91.6499
      vertex 40.9455 140.526 91.8726
    endloop
  endfacet
  facet normal 0 -0.0872058 0.99619
    outer loop
      vertex -40.9455 140.526 91.8726
      vertex -43.5 137.982 91.6499
      vertex 43.5 137.982 91.6499
    endloop
  endfacet
  facet normal -4.52221e-05 -0.0871607 0.996194
    outer loop
      vertex -43.5 137.982 91.6499
      vertex -40.9455 140.526 91.8726
      vertex -43.5 161.89 93.7417
    endloop
  endfacet
  facet normal -1 0 0
    outer loop
      vertex -43.5 145.519 5.5
      vertex -43.5 161.89 93.7417
      vertex -43.5 169.61 5.5
    endloop
  endfacet
  facet normal -1 0 0
    outer loop
      vertex -43.5 161.89 93.7417
      vertex -43.5 145.519 5.5
      vertex -43.5 137.982 91.6499
    endloop
  endfacet
  facet normal -1 0 0
    outer loop
      vertex -43.5 170.092 0
      vertex -43.5 170 0
      vertex -43.5 170 1.04786
    endloop
  endfacet
  facet normal 0 0.996195 0.0871541
    outer loop
      vertex 43.5 169.61 5.5
      vertex -43.5 161.89 93.7417
      vertex 43.5 161.89 93.7417
    endloop
  endfacet
  facet normal 0 0.996195 0.0871541
    outer loop
      vertex -43.5 161.89 93.7417
      vertex 43.5 169.61 5.5
      vertex -43.5 169.61 5.5
    endloop
  endfacet
  facet normal 0 0.996168 0.0874615
    outer loop
      vertex 43.5 170.092 0
      vertex -43.5 170 1.04786
      vertex 43.5 170 1.04786
    endloop
  endfacet
  facet normal 0 0.996168 0.0874615
    outer loop
      vertex -43.5 170 1.04786
      vertex 43.5 170.092 0
      vertex -43.5 170.092 0
    endloop
  endfacet
  facet normal 0 -0.996195 -0.0871541
    outer loop
      vertex -43.5 145.519 5.5
      vertex 43.5 137.982 91.6499
      vertex -43.5 137.982 91.6499
    endloop
  endfacet
  facet normal 0 -0.996195 -0.0871541
    outer loop
      vertex 43.5 137.982 91.6499
      vertex -43.5 145.519 5.5
      vertex 43.5 145.519 5.5
    endloop
  endfacet
  facet normal -1 0 0
    outer loop
      vertex 40.5 148.509 5.74054
      vertex 40.5 159.024 92.0855
      vertex 40.5 166.441 7.30934
    endloop
  endfacet
  facet normal -1 0 0
    outer loop
      vertex 40.5 159.024 92.0855
      vertex 40.5 148.509 5.74054
      vertex 40.5 141.092 90.5167
    endloop
  endfacet
  facet normal 0 -0.0871532 0.996195
    outer loop
      vertex 40.5 166.441 7.30934
      vertex 23.25 157.475 6.52494
      vertex 40.5 148.509 5.74054
    endloop
  endfacet
  facet normal 8.49418e-05 -0.0873153 0.996181
    outer loop
      vertex 40.5 166.441 7.30934
      vertex 23.2386 157.735 6.54773
      vertex 23.25 157.475 6.52494
    endloop
  endfacet
  facet normal -8.65606e-05 -0.0869779 0.99621
    outer loop
      vertex 40.5 166.441 7.30934
      vertex 23.2044 157.994 6.57034
      vertex 23.2386 157.735 6.54773
    endloop
  endfacet
  facet normal 8.3579e-05 -0.0873236 0.99618
    outer loop
      vertex 40.5 166.441 7.30934
      vertex 23.1478 158.248 6.59261
      vertex 23.2044 157.994 6.57034
    endloop
  endfacet
  facet normal -3.73344e-05 -0.0870695 0.996202
    outer loop
      vertex 40.5 166.441 7.30934
      vertex 23.0691 158.497 6.61437
      vertex 23.1478 158.248 6.59261
    endloop
  endfacet
  facet normal -2.14697e-05 -0.087104 0.996199
    outer loop
      vertex 40.5 166.441 7.30934
      vertex 22.9689 158.738 6.63544
      vertex 23.0691 158.497 6.61437
    endloop
  endfacet
  facet normal 3.21628e-05 -0.0872252 0.996189
    outer loop
      vertex 40.5 166.441 7.30934
      vertex 22.8481 158.969 6.65567
      vertex 22.9689 158.738 6.63544
    endloop
  endfacet
  facet normal -9.31187e-06 -0.0871279 0.996197
    outer loop
      vertex 40.5 166.441 7.30934
      vertex 22.7075 159.189 6.67491
      vertex 22.8481 158.969 6.65567
    endloop
  endfacet
  facet normal -1.35482e-05 -0.0871176 0.996198
    outer loop
      vertex 40.5 166.441 7.30934
      vertex 22.5481 159.396 6.69301
      vertex 22.7075 159.189 6.67491
    endloop
  endfacet
  facet normal 3.42952e-05 -0.0872386 0.996187
    outer loop
      vertex 40.5 166.441 7.30934
      vertex 22.3713 159.588 6.70983
      vertex 22.5481 159.396 6.69301
    endloop
  endfacet
  facet normal 2.00823e-05 -0.0872013 0.996191
    outer loop
      vertex 40.5 166.441 7.30934
      vertex 22.1784 159.764 6.72524
      vertex 22.3713 159.588 6.70983
    endloop
  endfacet
  facet normal -4.52098e-05 -0.0870235 0.996206
    outer loop
      vertex 40.5 166.441 7.30934
      vertex 21.9707 159.923 6.73912
      vertex 22.1784 159.764 6.72524
    endloop
  endfacet
  facet normal 1.9733e-05 -0.0872067 0.99619
    outer loop
      vertex 40.5 166.441 7.30934
      vertex 21.75 160.063 6.75138
      vertex 21.9707 159.923 6.73912
    endloop
  endfacet
  facet normal -9.37525e-05 -0.0868756 0.996219
    outer loop
      vertex 40.5 166.441 7.30934
      vertex 21.5179 160.184 6.76191
      vertex 21.75 160.063 6.75138
    endloop
  endfacet
  facet normal 0.0001257 -0.0875363 0.996161
    outer loop
      vertex 40.5 166.441 7.30934
      vertex 21.2761 160.283 6.77064
      vertex 21.5179 160.184 6.76191
    endloop
  endfacet
  facet normal -0.000102181 -0.0868303 0.996223
    outer loop
      vertex 40.5 166.441 7.30934
      vertex 21.0265 160.362 6.7775
      vertex 21.2761 160.283 6.77064
    endloop
  endfacet
  facet normal 7.02327e-05 -0.0873784 0.996175
    outer loop
      vertex 40.5 166.441 7.30934
      vertex 20.7709 160.418 6.78243
      vertex 21.0265 160.362 6.7775
    endloop
  endfacet
  facet normal 1.49887e-05 -0.0871988 0.996191
    outer loop
      vertex 40.5 166.441 7.30934
      vertex 20.5115 160.452 6.78541
      vertex 20.7709 160.418 6.78243
    endloop
  endfacet
  facet normal -0.000164475 -0.0866044 0.996243
    outer loop
      vertex 40.5 166.441 7.30934
      vertex 20.25 160.464 6.78641
      vertex 20.5115 160.452 6.78541
    endloop
  endfacet
  facet normal 0.000225007 -0.0879139 0.996128
    outer loop
      vertex 40.5 166.441 7.30934
      vertex 19.9885 160.452 6.78541
      vertex 20.25 160.464 6.78641
    endloop
  endfacet
  facet normal -3.90963e-05 -0.0870163 0.996207
    outer loop
      vertex 40.5 166.441 7.30934
      vertex 19.7291 160.418 6.78243
      vertex 19.9885 160.452 6.78541
    endloop
  endfacet
  facet normal 0 -0.0871501 0.996195
    outer loop
      vertex -19.7291 160.418 6.78243
      vertex 19.7291 160.418 6.78243
      vertex 40.5 166.441 7.30934
    endloop
  endfacet
  facet normal 0 -0.087319 0.99618
    outer loop
      vertex 17.2614 157.735 6.54773
      vertex -17.25 157.475 6.52494
      vertex 17.25 157.475 6.52494
    endloop
  endfacet
  facet normal 0 -0.0869665 0.996211
    outer loop
      vertex -17.2614 157.735 6.54773
      vertex 17.2614 157.735 6.54773
      vertex 17.2956 157.994 6.57034
    endloop
  endfacet
  facet normal 0 -0.0873421 0.996178
    outer loop
      vertex -17.2956 157.994 6.57034
      vertex 17.2956 157.994 6.57034
      vertex 17.3522 158.248 6.59261
    endloop
  endfacet
  facet normal 0 -0.0870578 0.996203
    outer loop
      vertex -17.3522 158.248 6.59261
      vertex 17.3522 158.248 6.59261
      vertex 17.4309 158.497 6.61437
    endloop
  endfacet
  facet normal 0 -0.0870952 0.9962
    outer loop
      vertex -17.4309 158.497 6.61437
      vertex 17.4309 158.497 6.61437
      vertex 17.5311 158.738 6.63544
    endloop
  endfacet
  facet normal 0 -0.0872418 0.996187
    outer loop
      vertex -17.5311 158.738 6.63544
      vertex 17.5311 158.738 6.63544
      vertex 17.6519 158.969 6.65567
    endloop
  endfacet
  facet normal 0 -0.087122 0.996198
    outer loop
      vertex -17.6519 158.969 6.65567
      vertex 17.6519 158.969 6.65567
      vertex 17.7925 159.189 6.67491
    endloop
  endfacet
  facet normal 0 -0.0871073 0.996199
    outer loop
      vertex -17.7925 159.189 6.67491
      vertex 17.7925 159.189 6.67491
      vertex 17.9519 159.396 6.69301
    endloop
  endfacet
  facet normal 0 -0.0872699 0.996185
    outer loop
      vertex -17.9519 159.396 6.69301
      vertex 17.9519 159.396 6.69301
      vertex 18.1287 159.588 6.70983
    endloop
  endfacet
  facet normal 0 -0.0872231 0.996189
    outer loop
      vertex -18.1287 159.588 6.70983
      vertex 18.1287 159.588 6.70983
      vertex 18.3216 159.764 6.72524
    endloop
  endfacet
  facet normal 0 -0.0869649 0.996211
    outer loop
      vertex -18.3216 159.764 6.72524
      vertex 18.3216 159.764 6.72524
      vertex 18.5293 159.923 6.73912
    endloop
  endfacet
  facet normal 0 -0.0872376 0.996188
    outer loop
      vertex -18.5293 159.923 6.73912
      vertex 18.5293 159.923 6.73912
      vertex 18.75 160.063 6.75138
    endloop
  endfacet
  facet normal 0 -0.0866971 0.996235
    outer loop
      vertex -18.75 160.063 6.75138
      vertex 18.75 160.063 6.75138
      vertex 18.9821 160.184 6.76191
    endloop
  endfacet
  facet normal 0 -0.087841 0.996135
    outer loop
      vertex -18.9821 160.184 6.76191
      vertex 18.9821 160.184 6.76191
      vertex 19.2239 160.283 6.77064
    endloop
  endfacet
  facet normal 0 -0.0865099 0.996251
    outer loop
      vertex -19.2239 160.283 6.77064
      vertex 19.2239 160.283 6.77064
      vertex 19.4735 160.362 6.7775
    endloop
  endfacet
  facet normal 0 -0.0876965 0.996147
    outer loop
      vertex 19.7291 160.418 6.78243
      vertex -19.7291 160.418 6.78243
      vertex 19.4735 160.362 6.7775
    endloop
  endfacet
  facet normal 0 -0.087319 0.99618
    outer loop
      vertex 17.2614 157.735 6.54773
      vertex -17.2614 157.735 6.54773
      vertex -17.25 157.475 6.52494
    endloop
  endfacet
  facet normal 0 -0.0869665 0.996211
    outer loop
      vertex 17.2956 157.994 6.57034
      vertex -17.2956 157.994 6.57034
      vertex -17.2614 157.735 6.54773
    endloop
  endfacet
  facet normal 0 -0.0873421 0.996178
    outer loop
      vertex 17.3522 158.248 6.59261
      vertex -17.3522 158.248 6.59261
      vertex -17.2956 157.994 6.57034
    endloop
  endfacet
  facet normal 0 -0.0870578 0.996203
    outer loop
      vertex 17.4309 158.497 6.61437
      vertex -17.4309 158.497 6.61437
      vertex -17.3522 158.248 6.59261
    endloop
  endfacet
  facet normal 0 -0.0870952 0.9962
    outer loop
      vertex 17.5311 158.738 6.63544
      vertex -17.5311 158.738 6.63544
      vertex -17.4309 158.497 6.61437
    endloop
  endfacet
  facet normal 0 -0.0872418 0.996187
    outer loop
      vertex 17.6519 158.969 6.65567
      vertex -17.6519 158.969 6.65567
      vertex -17.5311 158.738 6.63544
    endloop
  endfacet
  facet normal 0 -0.087122 0.996198
    outer loop
      vertex 17.7925 159.189 6.67491
      vertex -17.7925 159.189 6.67491
      vertex -17.6519 158.969 6.65567
    endloop
  endfacet
  facet normal 0 -0.0871073 0.996199
    outer loop
      vertex 17.9519 159.396 6.69301
      vertex -17.9519 159.396 6.69301
      vertex -17.7925 159.189 6.67491
    endloop
  endfacet
  facet normal 0 -0.0872699 0.996185
    outer loop
      vertex 18.1287 159.588 6.70983
      vertex -18.1287 159.588 6.70983
      vertex -17.9519 159.396 6.69301
    endloop
  endfacet
  facet normal 0 -0.0872231 0.996189
    outer loop
      vertex 18.3216 159.764 6.72524
      vertex -18.3216 159.764 6.72524
      vertex -18.1287 159.588 6.70983
    endloop
  endfacet
  facet normal 0 -0.0869649 0.996211
    outer loop
      vertex 18.5293 159.923 6.73912
      vertex -18.5293 159.923 6.73912
      vertex -18.3216 159.764 6.72524
    endloop
  endfacet
  facet normal 0 -0.0872376 0.996188
    outer loop
      vertex 18.75 160.063 6.75138
      vertex -18.75 160.063 6.75138
      vertex -18.5293 159.923 6.73912
    endloop
  endfacet
  facet normal 0 -0.0866971 0.996235
    outer loop
      vertex 18.9821 160.184 6.76191
      vertex -18.9821 160.184 6.76191
      vertex -18.75 160.063 6.75138
    endloop
  endfacet
  facet normal 0 -0.087841 0.996135
    outer loop
      vertex 19.2239 160.283 6.77064
      vertex -19.2239 160.283 6.77064
      vertex -18.9821 160.184 6.76191
    endloop
  endfacet
  facet normal 0 -0.0865099 0.996251
    outer loop
      vertex 19.4735 160.362 6.7775
      vertex -19.4735 160.362 6.7775
      vertex -19.2239 160.283 6.77064
    endloop
  endfacet
  facet normal 0 -0.0876965 0.996147
    outer loop
      vertex 19.4735 160.362 6.7775
      vertex -19.7291 160.418 6.78243
      vertex -19.4735 160.362 6.7775
    endloop
  endfacet
  facet normal 0 -0.0871501 0.996195
    outer loop
      vertex -40.5 166.441 7.30934
      vertex -19.7291 160.418 6.78243
      vertex 40.5 166.441 7.30934
    endloop
  endfacet
  facet normal 3.90963e-05 -0.0870163 0.996207
    outer loop
      vertex -19.7291 160.418 6.78243
      vertex -40.5 166.441 7.30934
      vertex -19.9885 160.452 6.78541
    endloop
  endfacet
  facet normal -0.000225007 -0.0879139 0.996128
    outer loop
      vertex -19.9885 160.452 6.78541
      vertex -40.5 166.441 7.30934
      vertex -20.25 160.464 6.78641
    endloop
  endfacet
  facet normal -8.49418e-05 -0.0873153 0.996181
    outer loop
      vertex -23.2386 157.735 6.54773
      vertex -40.5 166.441 7.30934
      vertex -23.25 157.475 6.52494
    endloop
  endfacet
  facet normal 8.65606e-05 -0.0869779 0.99621
    outer loop
      vertex -23.2044 157.994 6.57034
      vertex -40.5 166.441 7.30934
      vertex -23.2386 157.735 6.54773
    endloop
  endfacet
  facet normal -8.3579e-05 -0.0873236 0.99618
    outer loop
      vertex -23.1478 158.248 6.59261
      vertex -40.5 166.441 7.30934
      vertex -23.2044 157.994 6.57034
    endloop
  endfacet
  facet normal 3.73344e-05 -0.0870695 0.996202
    outer loop
      vertex -23.0691 158.497 6.61437
      vertex -40.5 166.441 7.30934
      vertex -23.1478 158.248 6.59261
    endloop
  endfacet
  facet normal 2.14697e-05 -0.087104 0.996199
    outer loop
      vertex -22.9689 158.738 6.63544
      vertex -40.5 166.441 7.30934
      vertex -23.0691 158.497 6.61437
    endloop
  endfacet
  facet normal -3.21628e-05 -0.0872252 0.996189
    outer loop
      vertex -22.8481 158.969 6.65567
      vertex -40.5 166.441 7.30934
      vertex -22.9689 158.738 6.63544
    endloop
  endfacet
  facet normal 9.31187e-06 -0.0871279 0.996197
    outer loop
      vertex -22.7075 159.189 6.67491
      vertex -40.5 166.441 7.30934
      vertex -22.8481 158.969 6.65567
    endloop
  endfacet
  facet normal 1.35482e-05 -0.0871176 0.996198
    outer loop
      vertex -22.5481 159.396 6.69301
      vertex -40.5 166.441 7.30934
      vertex -22.7075 159.189 6.67491
    endloop
  endfacet
  facet normal -3.42952e-05 -0.0872386 0.996187
    outer loop
      vertex -22.3713 159.588 6.70983
      vertex -40.5 166.441 7.30934
      vertex -22.5481 159.396 6.69301
    endloop
  endfacet
  facet normal -2.00823e-05 -0.0872013 0.996191
    outer loop
      vertex -22.1784 159.764 6.72524
      vertex -40.5 166.441 7.30934
      vertex -22.3713 159.588 6.70983
    endloop
  endfacet
  facet normal 4.52098e-05 -0.0870235 0.996206
    outer loop
      vertex -21.9707 159.923 6.73912
      vertex -40.5 166.441 7.30934
      vertex -22.1784 159.764 6.72524
    endloop
  endfacet
  facet normal -1.9733e-05 -0.0872067 0.99619
    outer loop
      vertex -21.75 160.063 6.75138
      vertex -40.5 166.441 7.30934
      vertex -21.9707 159.923 6.73912
    endloop
  endfacet
  facet normal 9.37525e-05 -0.0868756 0.996219
    outer loop
      vertex -21.5179 160.184 6.76191
      vertex -40.5 166.441 7.30934
      vertex -21.75 160.063 6.75138
    endloop
  endfacet
  facet normal -0.0001257 -0.0875363 0.996161
    outer loop
      vertex -21.2761 160.283 6.77064
      vertex -40.5 166.441 7.30934
      vertex -21.5179 160.184 6.76191
    endloop
  endfacet
  facet normal 0.000102181 -0.0868303 0.996223
    outer loop
      vertex -21.0265 160.362 6.7775
      vertex -40.5 166.441 7.30934
      vertex -21.2761 160.283 6.77064
    endloop
  endfacet
  facet normal -7.02327e-05 -0.0873784 0.996175
    outer loop
      vertex -20.7709 160.418 6.78243
      vertex -40.5 166.441 7.30934
      vertex -21.0265 160.362 6.7775
    endloop
  endfacet
  facet normal -1.49887e-05 -0.0871988 0.996191
    outer loop
      vertex -20.5115 160.452 6.78541
      vertex -40.5 166.441 7.30934
      vertex -20.7709 160.418 6.78243
    endloop
  endfacet
  facet normal 0.000164475 -0.0866044 0.996243
    outer loop
      vertex -20.25 160.464 6.78641
      vertex -40.5 166.441 7.30934
      vertex -20.5115 160.452 6.78541
    endloop
  endfacet
  facet normal -8.49418e-05 -0.0873153 0.996181
    outer loop
      vertex 23.2386 157.215 6.50215
      vertex 40.5 148.509 5.74054
      vertex 23.25 157.475 6.52494
    endloop
  endfacet
  facet normal 8.65606e-05 -0.0869779 0.99621
    outer loop
      vertex 23.2044 156.956 6.47954
      vertex 40.5 148.509 5.74054
      vertex 23.2386 157.215 6.50215
    endloop
  endfacet
  facet normal 6.73128e-05 -0.087017 0.996207
    outer loop
      vertex 23.1478 156.701 6.45727
      vertex 40.5 148.509 5.74054
      vertex 23.2044 156.956 6.47954
    endloop
  endfacet
  facet normal -0.000102451 -0.0873739 0.996176
    outer loop
      vertex 23.0691 156.453 6.43551
      vertex 40.5 148.509 5.74054
      vertex 23.1478 156.701 6.45727
    endloop
  endfacet
  facet normal 2.14697e-05 -0.087104 0.996199
    outer loop
      vertex 22.9689 156.212 6.41444
      vertex 40.5 148.509 5.74054
      vertex 23.0691 156.453 6.43551
    endloop
  endfacet
  facet normal -3.21628e-05 -0.0872252 0.996189
    outer loop
      vertex 22.8481 155.981 6.39421
      vertex 40.5 148.509 5.74054
      vertex 22.9689 156.212 6.41444
    endloop
  endfacet
  facet normal 9.31187e-06 -0.0871279 0.996197
    outer loop
      vertex 22.7075 155.761 6.37497
      vertex 40.5 148.509 5.74054
      vertex 22.8481 155.981 6.39421
    endloop
  endfacet
  facet normal 1.35482e-05 -0.0871176 0.996198
    outer loop
      vertex 22.5481 155.554 6.35687
      vertex 40.5 148.509 5.74054
      vertex 22.7075 155.761 6.37497
    endloop
  endfacet
  facet normal -3.42952e-05 -0.0872386 0.996187
    outer loop
      vertex 22.3713 155.362 6.34005
      vertex 40.5 148.509 5.74054
      vertex 22.5481 155.554 6.35687
    endloop
  endfacet
  facet normal -2.00823e-05 -0.0872013 0.996191
    outer loop
      vertex 22.1784 155.186 6.32464
      vertex 40.5 148.509 5.74054
      vertex 22.3713 155.362 6.34005
    endloop
  endfacet
  facet normal 4.52098e-05 -0.0870235 0.996206
    outer loop
      vertex 21.9707 155.027 6.31076
      vertex 40.5 148.509 5.74054
      vertex 22.1784 155.186 6.32464
    endloop
  endfacet
  facet normal -1.9733e-05 -0.0872067 0.99619
    outer loop
      vertex 21.75 154.887 6.2985
      vertex 40.5 148.509 5.74054
      vertex 21.9707 155.027 6.31076
    endloop
  endfacet
  facet normal 9.37525e-05 -0.0868756 0.996219
    outer loop
      vertex 21.5179 154.766 6.28797
      vertex 40.5 148.509 5.74054
      vertex 21.75 154.887 6.2985
    endloop
  endfacet
  facet normal -0.0001257 -0.0875363 0.996161
    outer loop
      vertex 21.2761 154.667 6.27924
      vertex 40.5 148.509 5.74054
      vertex 21.5179 154.766 6.28797
    endloop
  endfacet
  facet normal 0.000102181 -0.0868303 0.996223
    outer loop
      vertex 21.0265 154.588 6.27238
      vertex 40.5 148.509 5.74054
      vertex 21.2761 154.667 6.27924
    endloop
  endfacet
  facet normal -9.31332e-05 -0.0874512 0.996169
    outer loop
      vertex 20.7709 154.532 6.26744
      vertex 40.5 148.509 5.74054
      vertex 21.0265 154.588 6.27238
    endloop
  endfacet
  facet normal 1.17278e-05 -0.0871104 0.996199
    outer loop
      vertex 20.5115 154.498 6.26447
      vertex 40.5 148.509 5.74054
      vertex 20.7709 154.532 6.26744
    endloop
  endfacet
  facet normal 0.000164475 -0.0866044 0.996243
    outer loop
      vertex 20.25 154.486 6.26347
      vertex 40.5 148.509 5.74054
      vertex 20.5115 154.498 6.26447
    endloop
  endfacet
  facet normal -0.000225007 -0.0879139 0.996128
    outer loop
      vertex 19.9885 154.498 6.26447
      vertex 40.5 148.509 5.74054
      vertex 20.25 154.486 6.26347
    endloop
  endfacet
  facet normal -3.05899e-05 -0.0872532 0.996186
    outer loop
      vertex 19.7291 154.532 6.26744
      vertex 40.5 148.509 5.74054
      vertex 19.9885 154.498 6.26447
    endloop
  endfacet
  facet normal 0 -0.087873 0.996132
    outer loop
      vertex -19.7291 154.532 6.26744
      vertex 19.7291 154.532 6.26744
      vertex 19.4735 154.588 6.27238
    endloop
  endfacet
  facet normal 0 -0.087319 0.99618
    outer loop
      vertex -17.25 157.475 6.52494
      vertex 17.2614 157.215 6.50215
      vertex 17.25 157.475 6.52494
    endloop
  endfacet
  facet normal 0 -0.087319 0.99618
    outer loop
      vertex -17.2614 157.215 6.50215
      vertex 17.2614 157.215 6.50215
      vertex -17.25 157.475 6.52494
    endloop
  endfacet
  facet normal 0 -0.0869665 0.996211
    outer loop
      vertex 17.2614 157.215 6.50215
      vertex -17.2614 157.215 6.50215
      vertex 17.2956 156.956 6.47954
    endloop
  endfacet
  facet normal 0 -0.0869665 0.996211
    outer loop
      vertex -17.2956 156.956 6.47954
      vertex 17.2956 156.956 6.47954
      vertex -17.2614 157.215 6.50215
    endloop
  endfacet
  facet normal 0 -0.0870022 0.996208
    outer loop
      vertex 17.2956 156.956 6.47954
      vertex -17.2956 156.956 6.47954
      vertex 17.3522 156.701 6.45727
    endloop
  endfacet
  facet normal 0 -0.0870022 0.996208
    outer loop
      vertex -17.3522 156.701 6.45727
      vertex 17.3522 156.701 6.45727
      vertex -17.2956 156.956 6.47954
    endloop
  endfacet
  facet normal 0 -0.0874061 0.996173
    outer loop
      vertex 17.3522 156.701 6.45727
      vertex -17.3522 156.701 6.45727
      vertex 17.4309 156.453 6.43551
    endloop
  endfacet
  facet normal 0 -0.0874061 0.996173
    outer loop
      vertex -17.4309 156.453 6.43551
      vertex 17.4309 156.453 6.43551
      vertex -17.3522 156.701 6.45727
    endloop
  endfacet
  facet normal 0 -0.0870952 0.9962
    outer loop
      vertex 17.4309 156.453 6.43551
      vertex -17.4309 156.453 6.43551
      vertex 17.5311 156.212 6.41444
    endloop
  endfacet
  facet normal 0 -0.0870952 0.9962
    outer loop
      vertex -17.5311 156.212 6.41444
      vertex 17.5311 156.212 6.41444
      vertex -17.4309 156.453 6.43551
    endloop
  endfacet
  facet normal 0 -0.0872418 0.996187
    outer loop
      vertex 17.5311 156.212 6.41444
      vertex -17.5311 156.212 6.41444
      vertex 17.6519 155.981 6.39421
    endloop
  endfacet
  facet normal 0 -0.0872418 0.996187
    outer loop
      vertex -17.6519 155.981 6.39421
      vertex 17.6519 155.981 6.39421
      vertex -17.5311 156.212 6.41444
    endloop
  endfacet
  facet normal 0 -0.087122 0.996198
    outer loop
      vertex 17.6519 155.981 6.39421
      vertex -17.6519 155.981 6.39421
      vertex 17.7925 155.761 6.37497
    endloop
  endfacet
  facet normal 0 -0.087122 0.996198
    outer loop
      vertex -17.7925 155.761 6.37497
      vertex 17.7925 155.761 6.37497
      vertex -17.6519 155.981 6.39421
    endloop
  endfacet
  facet normal 0 -0.0871073 0.996199
    outer loop
      vertex 17.7925 155.761 6.37497
      vertex -17.7925 155.761 6.37497
      vertex 17.9519 155.554 6.35687
    endloop
  endfacet
  facet normal 0 -0.0871073 0.996199
    outer loop
      vertex -17.9519 155.554 6.35687
      vertex 17.9519 155.554 6.35687
      vertex -17.7925 155.761 6.37497
    endloop
  endfacet
  facet normal 0 -0.0872699 0.996185
    outer loop
      vertex 17.9519 155.554 6.35687
      vertex -17.9519 155.554 6.35687
      vertex 18.1287 155.362 6.34005
    endloop
  endfacet
  facet normal 0 -0.0872699 0.996185
    outer loop
      vertex -18.1287 155.362 6.34005
      vertex 18.1287 155.362 6.34005
      vertex -17.9519 155.554 6.35687
    endloop
  endfacet
  facet normal 0 -0.0872231 0.996189
    outer loop
      vertex 18.1287 155.362 6.34005
      vertex -18.1287 155.362 6.34005
      vertex 18.3216 155.186 6.32464
    endloop
  endfacet
  facet normal 0 -0.0872231 0.996189
    outer loop
      vertex -18.3216 155.186 6.32464
      vertex 18.3216 155.186 6.32464
      vertex -18.1287 155.362 6.34005
    endloop
  endfacet
  facet normal 0 -0.0869649 0.996211
    outer loop
      vertex 18.3216 155.186 6.32464
      vertex -18.3216 155.186 6.32464
      vertex 18.5293 155.027 6.31076
    endloop
  endfacet
  facet normal 0 -0.0869649 0.996211
    outer loop
      vertex -18.5293 155.027 6.31076
      vertex 18.5293 155.027 6.31076
      vertex -18.3216 155.186 6.32464
    endloop
  endfacet
  facet normal 0 -0.0872376 0.996188
    outer loop
      vertex 18.5293 155.027 6.31076
      vertex -18.5293 155.027 6.31076
      vertex 18.75 154.887 6.2985
    endloop
  endfacet
  facet normal 0 -0.0872376 0.996188
    outer loop
      vertex -18.75 154.887 6.2985
      vertex 18.75 154.887 6.2985
      vertex -18.5293 155.027 6.31076
    endloop
  endfacet
  facet normal 0 -0.0866971 0.996235
    outer loop
      vertex 18.75 154.887 6.2985
      vertex -18.75 154.887 6.2985
      vertex 18.9821 154.766 6.28797
    endloop
  endfacet
  facet normal 0 -0.0866971 0.996235
    outer loop
      vertex -18.9821 154.766 6.28797
      vertex 18.9821 154.766 6.28797
      vertex -18.75 154.887 6.2985
    endloop
  endfacet
  facet normal 0 -0.087841 0.996135
    outer loop
      vertex 18.9821 154.766 6.28797
      vertex -18.9821 154.766 6.28797
      vertex 19.2239 154.667 6.27924
    endloop
  endfacet
  facet normal 0 -0.087841 0.996135
    outer loop
      vertex -19.2239 154.667 6.27924
      vertex 19.2239 154.667 6.27924
      vertex -18.9821 154.766 6.28797
    endloop
  endfacet
  facet normal 0 -0.0865099 0.996251
    outer loop
      vertex 19.2239 154.667 6.27924
      vertex -19.2239 154.667 6.27924
      vertex 19.4735 154.588 6.27238
    endloop
  endfacet
  facet normal 0 -0.0865099 0.996251
    outer loop
      vertex -19.4735 154.588 6.27238
      vertex 19.4735 154.588 6.27238
      vertex -19.2239 154.667 6.27924
    endloop
  endfacet
  facet normal 0 -0.087873 0.996132
    outer loop
      vertex -19.7291 154.532 6.26744
      vertex 19.4735 154.588 6.27238
      vertex -19.4735 154.588 6.27238
    endloop
  endfacet
  facet normal 0 -0.0871485 0.996195
    outer loop
      vertex 19.7291 154.532 6.26744
      vertex -19.7291 154.532 6.26744
      vertex 40.5 148.509 5.74054
    endloop
  endfacet
  facet normal 3.05899e-05 -0.0872532 0.996186
    outer loop
      vertex -40.5 148.509 5.74054
      vertex -19.7291 154.532 6.26744
      vertex -19.9885 154.498 6.26447
    endloop
  endfacet
  facet normal 0.000225007 -0.0879139 0.996128
    outer loop
      vertex -40.5 148.509 5.74054
      vertex -19.9885 154.498 6.26447
      vertex -20.25 154.486 6.26347
    endloop
  endfacet
  facet normal -0.000164475 -0.0866044 0.996243
    outer loop
      vertex -40.5 148.509 5.74054
      vertex -20.25 154.486 6.26347
      vertex -20.5115 154.498 6.26447
    endloop
  endfacet
  facet normal 0 -0.0871532 0.996195
    outer loop
      vertex -40.5 148.509 5.74054
      vertex -23.25 157.475 6.52494
      vertex -40.5 166.441 7.30934
    endloop
  endfacet
  facet normal 8.49418e-05 -0.0873153 0.996181
    outer loop
      vertex -23.25 157.475 6.52494
      vertex -40.5 148.509 5.74054
      vertex -23.2386 157.215 6.50215
    endloop
  endfacet
  facet normal -8.65606e-05 -0.0869779 0.99621
    outer loop
      vertex -23.2386 157.215 6.50215
      vertex -40.5 148.509 5.74054
      vertex -23.2044 156.956 6.47954
    endloop
  endfacet
  facet normal -6.73128e-05 -0.087017 0.996207
    outer loop
      vertex -23.2044 156.956 6.47954
      vertex -40.5 148.509 5.74054
      vertex -23.1478 156.701 6.45727
    endloop
  endfacet
  facet normal 0.000102451 -0.0873739 0.996176
    outer loop
      vertex -23.1478 156.701 6.45727
      vertex -40.5 148.509 5.74054
      vertex -23.0691 156.453 6.43551
    endloop
  endfacet
  facet normal -2.14697e-05 -0.087104 0.996199
    outer loop
      vertex -23.0691 156.453 6.43551
      vertex -40.5 148.509 5.74054
      vertex -22.9689 156.212 6.41444
    endloop
  endfacet
  facet normal 3.21628e-05 -0.0872252 0.996189
    outer loop
      vertex -22.9689 156.212 6.41444
      vertex -40.5 148.509 5.74054
      vertex -22.8481 155.981 6.39421
    endloop
  endfacet
  facet normal -9.31187e-06 -0.0871279 0.996197
    outer loop
      vertex -22.8481 155.981 6.39421
      vertex -40.5 148.509 5.74054
      vertex -22.7075 155.761 6.37497
    endloop
  endfacet
  facet normal -1.35482e-05 -0.0871176 0.996198
    outer loop
      vertex -22.7075 155.761 6.37497
      vertex -40.5 148.509 5.74054
      vertex -22.5481 155.554 6.35687
    endloop
  endfacet
  facet normal 3.42952e-05 -0.0872386 0.996187
    outer loop
      vertex -22.5481 155.554 6.35687
      vertex -40.5 148.509 5.74054
      vertex -22.3713 155.362 6.34005
    endloop
  endfacet
  facet normal 2.00823e-05 -0.0872013 0.996191
    outer loop
      vertex -22.3713 155.362 6.34005
      vertex -40.5 148.509 5.74054
      vertex -22.1784 155.186 6.32464
    endloop
  endfacet
  facet normal -4.52098e-05 -0.0870235 0.996206
    outer loop
      vertex -22.1784 155.186 6.32464
      vertex -40.5 148.509 5.74054
      vertex -21.9707 155.027 6.31076
    endloop
  endfacet
  facet normal 0 -0.0871485 0.996195
    outer loop
      vertex -19.7291 154.532 6.26744
      vertex -40.5 148.509 5.74054
      vertex 40.5 148.509 5.74054
    endloop
  endfacet
  facet normal -1.17278e-05 -0.0871104 0.996199
    outer loop
      vertex -20.7709 154.532 6.26744
      vertex -40.5 148.509 5.74054
      vertex -20.5115 154.498 6.26447
    endloop
  endfacet
  facet normal 9.31332e-05 -0.0874512 0.996169
    outer loop
      vertex -21.0265 154.588 6.27238
      vertex -40.5 148.509 5.74054
      vertex -20.7709 154.532 6.26744
    endloop
  endfacet
  facet normal -0.000102181 -0.0868303 0.996223
    outer loop
      vertex -21.2761 154.667 6.27924
      vertex -40.5 148.509 5.74054
      vertex -21.0265 154.588 6.27238
    endloop
  endfacet
  facet normal 0.0001257 -0.0875363 0.996161
    outer loop
      vertex -21.5179 154.766 6.28797
      vertex -40.5 148.509 5.74054
      vertex -21.2761 154.667 6.27924
    endloop
  endfacet
  facet normal -9.37525e-05 -0.0868756 0.996219
    outer loop
      vertex -21.75 154.887 6.2985
      vertex -40.5 148.509 5.74054
      vertex -21.5179 154.766 6.28797
    endloop
  endfacet
  facet normal 1.9733e-05 -0.0872067 0.99619
    outer loop
      vertex -21.9707 155.027 6.31076
      vertex -40.5 148.509 5.74054
      vertex -21.75 154.887 6.2985
    endloop
  endfacet
  facet normal 1 0 0
    outer loop
      vertex -40.5 159.024 92.0855
      vertex -40.5 148.509 5.74054
      vertex -40.5 166.441 7.30934
    endloop
  endfacet
  facet normal 1 0 -0
    outer loop
      vertex -40.5 148.509 5.74054
      vertex -40.5 159.024 92.0855
      vertex -40.5 141.092 90.5167
    endloop
  endfacet
  facet normal 0 -0.996195 -0.0871563
    outer loop
      vertex -40.5 166.441 7.30934
      vertex 40.5 159.024 92.0855
      vertex -40.5 159.024 92.0855
    endloop
  endfacet
  facet normal 0 -0.996195 -0.0871563
    outer loop
      vertex 40.5 159.024 92.0855
      vertex -40.5 166.441 7.30934
      vertex 40.5 166.441 7.30934
    endloop
  endfacet
  facet normal 0 0.996195 0.0871563
    outer loop
      vertex 40.5 148.509 5.74054
      vertex -40.5 141.092 90.5167
      vertex 40.5 141.092 90.5167
    endloop
  endfacet
  facet normal 0 0.996195 0.0871563
    outer loop
      vertex -40.5 141.092 90.5167
      vertex 40.5 148.509 5.74054
      vertex -40.5 148.509 5.74054
    endloop
  endfacet
  facet normal 0 0.922825 0.385219
    outer loop
      vertex 40.5 141.092 90.5167
      vertex -40.9455 140.526 91.8726
      vertex 40.9455 140.526 91.8726
    endloop
  endfacet
  facet normal 0 0.922825 0.385219
    outer loop
      vertex -40.9455 140.526 91.8726
      vertex 40.5 141.092 90.5167
      vertex -40.5 141.092 90.5167
    endloop
  endfacet
  facet normal 0.952916 -0.0264279 0.302081
    outer loop
      vertex -40.9455 159.346 93.519
      vertex -40.5 141.092 90.5167
      vertex -40.5 159.024 92.0855
    endloop
  endfacet
  facet normal 0.952921 -0.0264251 0.302065
    outer loop
      vertex -40.5 141.092 90.5167
      vertex -40.9455 159.346 93.519
      vertex -40.9455 140.526 91.8726
    endloop
  endfacet
  facet normal -0.952916 -0.0264279 0.302081
    outer loop
      vertex 40.5 141.092 90.5167
      vertex 40.9455 159.346 93.519
      vertex 40.5 159.024 92.0855
    endloop
  endfacet
  facet normal -0.952921 -0.0264251 0.302065
    outer loop
      vertex 40.9455 159.346 93.519
      vertex 40.5 141.092 90.5167
      vertex 40.9455 140.526 91.8726
    endloop
  endfacet
  facet normal 0 -0.975688 0.219164
    outer loop
      vertex -40.5 159.024 92.0855
      vertex 40.9455 159.346 93.519
      vertex -40.9455 159.346 93.519
    endloop
  endfacet
  facet normal 0 -0.975688 0.219164
    outer loop
      vertex 40.9455 159.346 93.519
      vertex -40.5 159.024 92.0855
      vertex 40.5 159.024 92.0855
    endloop
  endfacet
  facet normal 1 0 0
    outer loop
      vertex -56.5 8 12
      vertex -56.5 8 5.5
      vertex -56.5 14.5 5.5
    endloop
  endfacet
  facet normal 0 0.707107 0.707107
    outer loop
      vertex -56.5 14.5 5.5
      vertex -70 8 12
      vertex -56.5 8 12
    endloop
  endfacet
  facet normal 0 0.707107 0.707107
    outer loop
      vertex -70 8 12
      vertex -56.5 14.5 5.5
      vertex -70 14.5 5.5
    endloop
  endfacet
  facet normal -1 0 0
    outer loop
      vertex 56.5 14.5 5.5
      vertex 56.5 8 5.5
      vertex 56.5 8 12
    endloop
  endfacet
  facet normal 0 0.707107 0.707107
    outer loop
      vertex 70 14.5 5.5
      vertex 56.5 8 12
      vertex 70 8 12
    endloop
  endfacet
  facet normal 0 0.707107 0.707107
    outer loop
      vertex 56.5 8 12
      vertex 70 14.5 5.5
      vertex 56.5 14.5 5.5
    endloop
  endfacet
  facet normal -1 0 0
    outer loop
      vertex -76 170 0
      vertex -76 0 0
      vertex -76 0 74
    endloop
  endfacet
  facet normal -0 0.399124 0.916897
    outer loop
      vertex -76 170 0
      vertex -70 157.365 5.5
      vertex -70 170 0
    endloop
  endfacet
  facet normal -1.05774e-05 0.39912 0.916899
    outer loop
      vertex -70 157.365 5.5
      vertex -76 170 0
      vertex -70 143.062 11.726
    endloop
  endfacet
  facet normal -1.22358e-05 0.39912 0.916899
    outer loop
      vertex -70 143.062 11.726
      vertex -76 170 0
      vertex -70 119.06 22.1739
    endloop
  endfacet
  facet normal -2.69676e-06 0.399121 0.916898
    outer loop
      vertex -76 0 74
      vertex -70 119.06 22.1739
      vertex -76 170 0
    endloop
  endfacet
  facet normal 7.90363e-06 0.39912 0.916899
    outer loop
      vertex -70 119.06 22.1739
      vertex -76 0 74
      vertex -70 8 70.5176
    endloop
  endfacet
  facet normal 0 0.399125 0.916897
    outer loop
      vertex -70 8 70.5176
      vertex -76 0 74
      vertex -70 0 74
    endloop
  endfacet
  facet normal 1 0 0
    outer loop
      vertex 76 0 74
      vertex 76 0 0
      vertex 76 170 0
    endloop
  endfacet
  facet normal 0 0.399124 0.916897
    outer loop
      vertex 70 157.365 5.5
      vertex 76 170 0
      vertex 70 170 0
    endloop
  endfacet
  facet normal 1.05774e-05 0.39912 0.916899
    outer loop
      vertex 70 143.062 11.726
      vertex 76 170 0
      vertex 70 157.365 5.5
    endloop
  endfacet
  facet normal 1.22358e-05 0.39912 0.916899
    outer loop
      vertex 70 119.06 22.1739
      vertex 76 170 0
      vertex 70 143.062 11.726
    endloop
  endfacet
  facet normal 2.69676e-06 0.399121 0.916898
    outer loop
      vertex 76 170 0
      vertex 70 119.06 22.1739
      vertex 76 0 74
    endloop
  endfacet
  facet normal -7.90363e-06 0.39912 0.916899
    outer loop
      vertex 70 8 70.5176
      vertex 76 0 74
      vertex 70 119.06 22.1739
    endloop
  endfacet
  facet normal 0 0.399125 0.916897
    outer loop
      vertex 76 0 74
      vertex 70 8 70.5176
      vertex 70 0 74
    endloop
  endfacet
  facet normal 1 -0 0
    outer loop
      vertex 14.1 -13 70.6
      vertex 14.1 0 30.5
      vertex 14.1 0 70.6
    endloop
  endfacet
  facet normal 1 0 0
    outer loop
      vertex 14.1 0 30.5
      vertex 14.1 -13 70.6
      vertex 14.1 -13 30.5
    endloop
  endfacet
  facet normal -0 0 1
    outer loop
      vertex -14.1 0 70.6
      vertex 14.1 -13 70.6
      vertex 14.1 0 70.6
    endloop
  endfacet
  facet normal 0 0 1
    outer loop
      vertex 14.1 -13 70.6
      vertex -14.1 0 70.6
      vertex -14.1 -13 70.6
    endloop
  endfacet
  facet normal 0 0 -1
    outer loop
      vertex -14.1 -13 30.5
      vertex 14.1 0 30.5
      vertex 14.1 -13 30.5
    endloop
  endfacet
  facet normal -0 0 -1
    outer loop
      vertex 14.1 0 30.5
      vertex -14.1 -13 30.5
      vertex -14.1 0 30.5
    endloop
  endfacet
  facet normal -1 0 0
    outer loop
      vertex -14.1 -13 30.5
      vertex -14.1 0 70.6
      vertex -14.1 0 30.5
    endloop
  endfacet
  facet normal -1 -0 0
    outer loop
      vertex -14.1 0 70.6
      vertex -14.1 -13 30.5
      vertex -14.1 -13 70.6
    endloop
  endfacet
  facet normal 0 -1 0
    outer loop
      vertex -14.1 -13 30.5
      vertex 14.1 -13 70.6
      vertex -14.1 -13 70.6
    endloop
  endfacet
  facet normal 0 -1 -0
    outer loop
      vertex 14.1 -13 70.6
      vertex -14.1 -13 30.5
      vertex 14.1 -13 30.5
    endloop
  endfacet
endsolid OpenSCAD_Model
